customer_number,transaction_rows,total_revenue,gross_profit,gross_margin_pct,revenue_share_pct,cumulative_revenue_pct,cumulative_customer_pct,revenue_rank
CUSTOMER_3123,4028,8189595.78,1057286.88,12.9101,1.130499,1.130499,0.03096,1
CUSTOMER_3143,10079,7275125.35,1108627.12,15.2386,1.004264,2.134763,0.06192,2
CUSTOMER_3013,30948,6026325.46,1145558.48,19.0092,0.831879,2.966642,0.092879,3
CUSTOMER_1781,10527,4947874.76,1045255.35,21.1253,0.683009,3.649651,0.123839,4
CUSTOMER_3156,1982,4799967.06,674170.96,14.0453,0.662591,4.312242,0.154799,5
CUSTOMER_3055,3418,4698216.88,842268.0,17.9274,0.648546,4.960788,0.185759,6
CUSTOMER_0733,26047,3950658.78,773265.67,19.5731,0.545352,5.506141,0.216718,7
CUSTOMER_0465,8677,3877837.97,841133.16,21.6908,0.5353,6.041441,0.247678,8
CUSTOMER_1387,9624,3866893.93,746065.36,19.2937,0.533789,6.57523,0.278638,9
CUSTOMER_1202,13360,3704356.23,648857.4,17.5161,0.511352,7.086582,0.309598,10
CUSTOMER_0640,699,3695985.63,571194.94,15.4545,0.510197,7.596779,0.340557,11
CUSTOMER_0122,20609,3554142.65,789122.83,22.2029,0.490617,8.087396,0.371517,12
CUSTOMER_2314,13245,3515722.15,882715.31,25.1077,0.485313,8.572709,0.402477,13
CUSTOMER_1203,17935,3481881.69,746879.59,21.4505,0.480642,9.053351,0.433437,14
CUSTOMER_1099,767,3416962.7,534241.83,15.635,0.47168,9.525032,0.464396,15
CUSTOMER_2276,18197,3311630.42,680000.67,20.5337,0.45714,9.982172,0.495356,16
CUSTOMER_1201,15796,3275518.18,644967.54,19.6905,0.452155,10.434327,0.526316,17
CUSTOMER_0663,17265,3233103.71,640698.29,19.8168,0.4463,10.880627,0.557276,18
CUSTOMER_1568,17669,3216338.34,768906.01,23.9063,0.443986,11.324614,0.588235,19
CUSTOMER_3046,6405,3207302.36,449038.26,14.0005,0.442739,11.767352,0.619195,20
CUSTOMER_0787,8988,3005232.5,610761.23,20.3233,0.414845,12.182197,0.650155,21
CUSTOMER_1566,12670,2895224.75,670254.11,23.1503,0.399659,12.581856,0.681115,22
CUSTOMER_1228,864,2815644.7,337620.63,11.9909,0.388674,12.97053,0.712074,23
CUSTOMER_0662,16920,2765121.21,511235.57,18.4887,0.3817,13.35223,0.743034,24
CUSTOMER_1663,17967,2688350.65,619939.14,23.0602,0.371102,13.723332,0.773994,25
CUSTOMER_0670,16303,2665741.97,553863.21,20.7771,0.367981,14.091313,0.804954,26
CUSTOMER_1372,9981,2662087.92,492266.67,18.4918,0.367477,14.45879,0.835913,27
CUSTOMER_0488,8963,2656709.36,644559.34,24.2616,0.366734,14.825525,0.866873,28
CUSTOMER_0124,14480,2532710.13,531629.75,20.9905,0.349617,15.175142,0.897833,29
CUSTOMER_1668,16698,2460565.43,538659.4,21.8917,0.339659,15.514801,0.928793,30
CUSTOMER_0424,19163,2458262.92,572846.07,23.3029,0.339341,15.854141,0.959752,31
CUSTOMER_1722,14067,2429169.21,473312.35,19.4845,0.335325,16.189466,0.990712,32
CUSTOMER_0658,12245,2422705.42,474514.26,19.5861,0.334432,16.523898,1.021672,33
CUSTOMER_0416,10361,2368938.12,542737.94,22.9106,0.32701,16.850908,1.052632,34
CUSTOMER_2479,7337,2363107.4,434247.56,18.3761,0.326205,17.177114,1.083591,35
CUSTOMER_0667,15152,2351622.96,510637.95,21.7143,0.32462,17.501734,1.114551,36
CUSTOMER_2048,11017,2316573.53,574826.34,24.8136,0.319782,17.821515,1.145511,37
CUSTOMER_0951,7107,2291497.07,432602.82,18.8786,0.31632,18.137836,1.176471,38
CUSTOMER_0839,15341,2289960.8,455819.69,19.9051,0.316108,18.453944,1.20743,39
CUSTOMER_3016,9871,2286125.23,496914.39,21.7361,0.315579,18.769522,1.23839,40
CUSTOMER_0659,13130,2260487.84,443865.5,19.6358,0.31204,19.081562,1.26935,41
CUSTOMER_1665,14944,2254707.55,492747.69,21.8542,0.311242,19.392804,1.30031,42
CUSTOMER_3094,8150,2244359.81,551314.94,24.5645,0.309813,19.702617,1.331269,43
CUSTOMER_1664,14723,2208957.03,510265.48,23.0998,0.304926,20.007543,1.362229,44
CUSTOMER_0118,3417,2202546.31,175378.48,7.9625,0.304041,20.311585,1.393189,45
CUSTOMER_0121,6749,2144361.08,439859.42,20.5124,0.296009,20.607594,1.424149,46
CUSTOMER_1435,12049,2118557.92,483920.15,22.842,0.292448,20.900042,1.455108,47
CUSTOMER_2014,5024,2103528.72,582423.62,27.6879,0.290373,21.190415,1.486068,48
CUSTOMER_0666,15677,2093054.68,426216.68,20.3634,0.288927,21.479342,1.517028,49
CUSTOMER_0669,11895,2088274.57,400286.2,19.1683,0.288267,21.767609,1.547988,50
CUSTOMER_0656,12845,2075472.06,415430.76,20.0162,0.2865,22.054109,1.578947,51
CUSTOMER_2158,7576,2063167.35,413002.86,20.0179,0.284801,22.33891,1.609907,52
CUSTOMER_1317,7968,2061966.55,471237.65,22.8538,0.284636,22.623546,1.640867,53
CUSTOMER_2305,8618,1996753.99,397434.15,19.904,0.275634,22.899179,1.671827,54
CUSTOMER_1632,6137,1994562.77,381456.48,19.1248,0.275331,23.17451,1.702786,55
CUSTOMER_1539,8693,1971293.9,554689.56,28.1383,0.272119,23.446629,1.733746,56
CUSTOMER_0458,18728,1958215.01,511182.92,26.1045,0.270314,23.716943,1.764706,57
CUSTOMER_2899,9110,1935033.28,453281.48,23.425,0.267114,23.984057,1.795666,58
CUSTOMER_1490,8743,1921479.48,361924.56,18.8357,0.265243,24.249299,1.826625,59
CUSTOMER_1270,7529,1874795.92,413142.83,22.0367,0.258798,24.508098,1.857585,60
CUSTOMER_0661,13090,1860924.81,378169.61,20.3216,0.256884,24.764981,1.888545,61
CUSTOMER_0123,7453,1839334.67,393588.49,21.3984,0.253903,25.018885,1.919505,62
CUSTOMER_0146,12858,1833616.33,441369.58,24.071,0.253114,25.271999,1.950464,63
CUSTOMER_1548,5442,1832761.96,300385.3,16.3898,0.252996,25.524995,1.981424,64
CUSTOMER_2391,9623,1827021.0,392299.94,21.4721,0.252204,25.777198,2.012384,65
CUSTOMER_0466,9489,1805068.87,449047.02,24.877,0.249173,26.026371,2.043344,66
CUSTOMER_2274,10513,1778060.7,357141.14,20.086,0.245445,26.271816,2.074303,67
CUSTOMER_3171,8518,1767478.82,390810.79,22.1112,0.243984,26.515801,2.105263,68
CUSTOMER_3164,11248,1759273.09,334734.24,19.0268,0.242852,26.758652,2.136223,69
CUSTOMER_1416,10104,1755638.5,359747.87,20.491,0.24235,27.001002,2.167183,70
CUSTOMER_1948,10511,1742345.14,392923.66,22.5514,0.240515,27.241517,2.198142,71
CUSTOMER_2074,9811,1726785.51,371887.53,21.5364,0.238367,27.479884,2.229102,72
CUSTOMER_2020,10211,1694286.08,359464.74,21.2163,0.233881,27.713764,2.260062,73
CUSTOMER_1836,8018,1655158.22,306436.34,18.514,0.228479,27.942244,2.291022,74
CUSTOMER_3142,4537,1649166.52,316187.86,19.1726,0.227652,28.169896,2.321981,75
CUSTOMER_2277,10993,1638566.66,332007.28,20.2621,0.226189,28.396085,2.352941,76
CUSTOMER_2178,1461,1602069.53,268045.85,16.7312,0.221151,28.617236,2.383901,77
CUSTOMER_2292,13908,1601089.18,367146.64,22.9311,0.221016,28.838252,2.414861,78
CUSTOMER_1412,5837,1591897.61,397448.7,24.967,0.219747,29.057999,2.44582,79
CUSTOMER_0574,5498,1588608.58,340531.06,21.4358,0.219293,29.277292,2.47678,80
CUSTOMER_2346,6702,1587686.09,328134.25,20.6675,0.219166,29.496457,2.50774,81
CUSTOMER_0280,10080,1574927.65,323790.99,20.5591,0.217404,29.713862,2.5387,82
CUSTOMER_0503,7652,1573112.42,354388.27,22.5278,0.217154,29.931015,2.569659,83
CUSTOMER_0171,12973,1557256.28,375192.85,24.0932,0.214965,30.14598,2.600619,84
CUSTOMER_2066,14717,1534541.1,428096.94,27.8974,0.211829,30.35781,2.631579,85
CUSTOMER_1794,6586,1528660.65,292370.38,19.1259,0.211018,30.568827,2.662539,86
CUSTOMER_1728,3467,1526082.85,357632.22,23.4347,0.210662,30.779489,2.693498,87
CUSTOMER_0504,12684,1523790.96,396147.52,25.9975,0.210345,30.989834,2.724458,88
CUSTOMER_1426,9937,1511996.46,348501.04,23.0491,0.208717,31.198552,2.755418,89
CUSTOMER_2005,5686,1502692.88,333486.32,22.1926,0.207433,31.405985,2.786378,90
CUSTOMER_1669,11607,1482916.84,346347.52,23.3558,0.204703,31.610688,2.817337,91
CUSTOMER_1418,11468,1482870.05,338554.0,22.831,0.204697,31.815384,2.848297,92
CUSTOMER_0753,8578,1465979.61,368205.64,25.1167,0.202365,32.017749,2.879257,93
CUSTOMER_3110,690,1464997.34,199069.23,13.5884,0.202229,32.219979,2.910217,94
CUSTOMER_0491,851,1460173.34,208660.23,14.2901,0.201564,32.421542,2.941176,95
CUSTOMER_1666,8608,1455370.53,326982.06,22.4673,0.200901,32.622443,2.972136,96
CUSTOMER_1417,12437,1434633.88,344019.0,23.9796,0.198038,32.820481,3.003096,97
CUSTOMER_3124,361,1424037.31,213088.44,14.9637,0.196575,33.017056,3.034056,98
CUSTOMER_2310,5427,1422652.8,356356.69,25.0487,0.196384,33.213441,3.065015,99
CUSTOMER_1288,927,1418405.52,232950.28,16.4234,0.195798,33.409238,3.095975,100
CUSTOMER_2139,6156,1412964.98,293048.34,20.74,0.195047,33.604285,3.126935,101
CUSTOMER_2270,10094,1401980.99,281887.48,20.1064,0.193531,33.797816,3.157895,102
CUSTOMER_1779,6605,1401609.63,293353.71,20.9298,0.193479,33.991295,3.188854,103
CUSTOMER_1662,11642,1389445.64,316426.21,22.7736,0.1918,34.183096,3.219814,104
CUSTOMER_2296,16190,1388283.53,366408.43,26.3929,0.19164,34.374735,3.250774,105
CUSTOMER_2050,5166,1386643.41,299038.13,21.5656,0.191413,34.566149,3.281734,106
CUSTOMER_2268,9670,1382869.75,273046.91,19.7449,0.190893,34.757041,3.312693,107
CUSTOMER_1826,9766,1375456.99,336490.9,24.4639,0.189869,34.946911,3.343653,108
CUSTOMER_0668,11638,1369839.02,287594.32,20.9948,0.189094,35.136004,3.374613,109
CUSTOMER_2738,2626,1366392.91,290840.52,21.2853,0.188618,35.324622,3.405573,110
CUSTOMER_0340,7891,1351916.61,299297.43,22.1387,0.18662,35.511242,3.436533,111
CUSTOMER_1200,3603,1348114.95,235081.4,17.4378,0.186095,35.697337,3.467492,112
CUSTOMER_3018,10568,1336368.57,302883.46,22.6647,0.184473,35.88181,3.498452,113
CUSTOMER_3168,47,1336258.03,268302.75,20.0787,0.184458,36.066269,3.529412,114
CUSTOMER_2084,4316,1335077.22,254471.32,19.0604,0.184295,36.250564,3.560372,115
CUSTOMER_3129,1224,1327852.02,522133.89,39.3217,0.183298,36.433862,3.591331,116
CUSTOMER_2326,4299,1321566.64,354131.18,26.7963,0.18243,36.616292,3.622291,117
CUSTOMER_3093,4048,1317840.05,314553.96,23.8689,0.181916,36.798208,3.653251,118
CUSTOMER_0890,11490,1316714.99,323509.65,24.5695,0.18176,36.979968,3.684211,119
CUSTOMER_0749,650,1307260.24,228161.39,17.4534,0.180455,37.160423,3.71517,120
CUSTOMER_0788,3132,1292874.84,269258.48,20.8263,0.17847,37.338893,3.74613,121
CUSTOMER_1915,7225,1290176.48,278190.78,21.5622,0.178097,37.51699,3.77709,122
CUSTOMER_1545,6749,1269398.19,230068.32,18.1242,0.175229,37.692219,3.80805,123
CUSTOMER_1399,10258,1259516.73,305822.96,24.281,0.173865,37.866083,3.839009,124
CUSTOMER_1667,10459,1258676.65,281187.99,22.34,0.173749,38.039832,3.869969,125
CUSTOMER_1732,1891,1258475.21,227809.09,18.102,0.173721,38.213553,3.900929,126
CUSTOMER_0173,7753,1249683.54,285368.32,22.8352,0.172507,38.386061,3.931889,127
CUSTOMER_2040,8046,1243899.67,244230.2,19.6342,0.171709,38.557769,3.962848,128
CUSTOMER_1555,3324,1241955.24,301725.86,24.2944,0.171441,38.72921,3.993808,129
CUSTOMER_3111,2036,1240588.27,306692.18,24.7215,0.171252,38.900462,4.024768,130
CUSTOMER_2341,5116,1227365.51,217930.91,17.756,0.169427,39.069888,4.055728,131
CUSTOMER_0840,5399,1215998.43,335971.62,27.6293,0.167857,39.237746,4.086687,132
CUSTOMER_2092,9159,1213532.25,280085.97,23.0802,0.167517,39.405263,4.117647,133
CUSTOMER_1419,8285,1212621.94,289216.53,23.8505,0.167391,39.572654,4.148607,134
CUSTOMER_1408,3717,1208518.52,232832.95,19.266,0.166825,39.739479,4.179567,135
CUSTOMER_0780,8765,1206369.86,288877.16,23.946,0.166528,39.906007,4.210526,136
CUSTOMER_0287,4782,1194805.8,204148.46,17.0863,0.164932,40.070939,4.241486,137
CUSTOMER_3084,1384,1186546.92,170528.3,14.3718,0.163792,40.234731,4.272446,138
CUSTOMER_2487,2834,1181078.11,249782.94,21.1487,0.163037,40.397768,4.303406,139
CUSTOMER_0857,4647,1173937.48,260464.42,22.1872,0.162051,40.55982,4.334365,140
CUSTOMER_0435,2428,1172781.11,251915.84,21.4802,0.161892,40.721711,4.365325,141
CUSTOMER_0198,4499,1172252.56,251483.02,21.453,0.161819,40.88353,4.396285,142
CUSTOMER_3173,1988,1171525.72,192051.81,16.3933,0.161718,41.045249,4.427245,143
CUSTOMER_0411,7467,1166069.53,256928.78,22.0337,0.160965,41.206214,4.458204,144
CUSTOMER_0128,8080,1164004.86,236072.0,20.281,0.16068,41.366894,4.489164,145
CUSTOMER_2042,8861,1156504.07,245919.5,21.264,0.159645,41.526539,4.520124,146
CUSTOMER_1281,3208,1154527.22,198210.98,17.1682,0.159372,41.685911,4.551084,147
CUSTOMER_3215,7333,1146784.44,227899.72,19.8729,0.158303,41.844214,4.582043,148
CUSTOMER_1785,6244,1144496.74,232067.62,20.2768,0.157987,42.002201,4.613003,149
CUSTOMER_2075,6734,1143220.55,233605.64,20.434,0.157811,42.160012,4.643963,150
CUSTOMER_3056,272,1142297.9,117705.27,10.3043,0.157684,42.317696,4.674923,151
CUSTOMER_0417,3514,1140421.58,200764.2,17.6044,0.157425,42.475121,4.705882,152
CUSTOMER_0596,6021,1134387.71,231263.38,20.3866,0.156592,42.631713,4.736842,153
CUSTOMER_3113,1913,1132469.18,267004.74,23.5772,0.156327,42.78804,4.767802,154
CUSTOMER_1271,4453,1127687.97,187313.82,16.6104,0.155667,42.943707,4.798762,155
CUSTOMER_1508,5732,1125550.75,245151.29,21.7806,0.155372,43.099079,4.829721,156
CUSTOMER_3167,44,1124983.88,231418.57,20.5708,0.155294,43.254372,4.860681,157
CUSTOMER_2393,7994,1123897.06,249406.8,22.1912,0.155144,43.409516,4.891641,158
CUSTOMER_0709,4060,1109794.05,201433.2,18.1505,0.153197,43.562713,4.922601,159
CUSTOMER_3014,7717,1100664.05,208183.03,18.9143,0.151937,43.714649,4.95356,160
CUSTOMER_0735,8816,1097496.11,228663.32,20.835,0.151499,43.866149,4.98452,161
CUSTOMER_0258,4045,1081125.61,287103.73,26.556,0.149239,44.015388,5.01548,162
CUSTOMER_0103,6198,1076462.06,219837.73,20.4222,0.148596,44.163984,5.04644,163
CUSTOMER_1004,4626,1074770.23,311667.62,28.9985,0.148362,44.312346,5.077399,164
CUSTOMER_2137,3884,1073329.74,207069.65,19.2923,0.148163,44.460509,5.108359,165
CUSTOMER_1544,2619,1070726.21,167340.54,15.6287,0.147804,44.608313,5.139319,166
CUSTOMER_2098,9709,1070333.57,289499.88,27.0476,0.14775,44.756063,5.170279,167
CUSTOMER_1388,727,1070225.19,134578.35,12.5748,0.147735,44.903798,5.201238,168
CUSTOMER_2384,7037,1063035.94,225750.45,21.2364,0.146742,45.05054,5.232198,169
CUSTOMER_0178,4199,1062310.91,229054.81,21.5619,0.146642,45.197183,5.263158,170
CUSTOMER_1999,5737,1056616.09,231312.27,21.8918,0.145856,45.343039,5.294118,171
CUSTOMER_0834,5710,1056383.76,215404.28,20.3907,0.145824,45.488863,5.325077,172
CUSTOMER_1737,5069,1054903.71,191526.37,18.1558,0.14562,45.634483,5.356037,173
CUSTOMER_1431,6862,1053743.85,222659.82,21.1304,0.14546,45.779942,5.386997,174
CUSTOMER_0689,4323,1040195.05,207786.73,19.9757,0.143589,45.923532,5.417957,175
CUSTOMER_0698,1253,1039770.34,230142.48,22.134,0.143531,46.067063,5.448916,176
CUSTOMER_1813,6327,1039606.87,196947.47,18.9444,0.143508,46.210571,5.479876,177
CUSTOMER_0671,6995,1037336.26,204845.12,19.7472,0.143195,46.353766,5.510836,178
CUSTOMER_1534,1833,1036163.99,207578.42,20.0334,0.143033,46.496798,5.541796,179
CUSTOMER_2480,6222,1033836.76,226797.01,21.9374,0.142712,46.63951,5.572755,180
CUSTOMER_0888,12085,1030252.36,242899.17,23.5767,0.142217,46.781727,5.603715,181
CUSTOMER_2081,7430,1028892.9,236316.56,22.968,0.142029,46.923756,5.634675,182
CUSTOMER_1385,1417,1020246.57,198976.77,19.5028,0.140836,47.064592,5.665635,183
CUSTOMER_1386,281,1011297.24,140414.05,13.8845,0.1396,47.204192,5.696594,184
CUSTOMER_0833,5500,1010086.4,199697.52,19.7703,0.139433,47.343626,5.727554,185
CUSTOMER_1207,2772,1003696.97,205636.25,20.4879,0.138551,47.482177,5.758514,186
CUSTOMER_3141,1013,1001685.17,111927.52,11.1739,0.138273,47.62045,5.789474,187
CUSTOMER_2743,2156,998534.48,209552.39,20.986,0.137839,47.758289,5.820433,188
CUSTOMER_1782,5282,997275.09,213315.32,21.3898,0.137665,47.895953,5.851393,189
CUSTOMER_0155,2346,995215.47,123419.73,12.4013,0.13738,48.033334,5.882353,190
CUSTOMER_1241,5420,989397.83,190400.89,19.2441,0.136577,48.169911,5.913313,191
CUSTOMER_1005,5479,986220.51,263670.45,26.7354,0.136139,48.30605,5.944272,192
CUSTOMER_0436,10020,981414.76,309956.66,31.5826,0.135475,48.441525,5.975232,193
CUSTOMER_1560,186,981148.38,175477.05,17.8849,0.135439,48.576964,6.006192,194
CUSTOMER_3121,3868,974455.36,255511.78,26.221,0.134515,48.711478,6.037152,195
CUSTOMER_2349,6040,969674.22,227041.71,23.4142,0.133855,48.845333,6.068111,196
CUSTOMER_2077,5132,961477.22,218490.98,22.7245,0.132723,48.978056,6.099071,197
CUSTOMER_1440,5430,961438.76,214721.2,22.3333,0.132718,49.110774,6.130031,198
CUSTOMER_1961,5366,960975.29,176831.78,18.4013,0.132654,49.243428,6.160991,199
CUSTOMER_2286,3132,953270.94,169635.71,17.7951,0.13159,49.375018,6.19195,200
CUSTOMER_2110,5177,952628.12,191628.62,20.1158,0.131502,49.50652,6.22291,201
CUSTOMER_1946,3884,951167.29,195705.56,20.5753,0.1313,49.63782,6.25387,202
CUSTOMER_2003,10237,950552.72,254041.44,26.7257,0.131215,49.769035,6.28483,203
CUSTOMER_1141,4289,949631.03,204182.19,21.5012,0.131088,49.900123,6.315789,204
CUSTOMER_2183,1398,948434.35,190216.22,20.0558,0.130923,50.031045,6.346749,205
CUSTOMER_3174,1159,942389.1,155818.67,16.5344,0.130088,50.161133,6.377709,206
CUSTOMER_0376,7403,936181.23,228413.38,24.3984,0.129231,50.290365,6.408669,207
CUSTOMER_1320,3951,933614.19,183807.07,19.6877,0.128877,50.419241,6.439628,208
CUSTOMER_2018,5089,931503.2,195860.24,21.0263,0.128585,50.547827,6.470588,209
CUSTOMER_0099,3508,928756.36,186700.0,20.1022,0.128206,50.676033,6.501548,210
CUSTOMER_0498,10693,928360.37,243955.95,26.2782,0.128152,50.804185,6.532508,211
CUSTOMER_2375,4046,917489.46,189874.12,20.695,0.126651,50.930836,6.563467,212
CUSTOMER_2972,3005,911424.48,184454.36,20.238,0.125814,51.05665,6.594427,213
CUSTOMER_0248,2529,911024.88,144920.99,15.9075,0.125759,51.182408,6.625387,214
CUSTOMER_1987,5051,910519.18,227069.12,24.9384,0.125689,51.308097,6.656347,215
CUSTOMER_0529,28,909249.05,60212.14,6.6222,0.125514,51.433611,6.687307,216
CUSTOMER_1730,1583,907907.41,154016.88,16.9639,0.125328,51.558939,6.718266,217
CUSTOMER_0523,4916,901852.68,233998.81,25.9465,0.124493,51.683432,6.749226,218
CUSTOMER_0932,6228,901235.4,205354.93,22.7859,0.124407,51.807839,6.780186,219
CUSTOMER_0657,7889,889625.63,178323.11,20.0447,0.122805,51.930644,6.811146,220
CUSTOMER_1786,4350,889617.62,179821.35,20.2133,0.122804,52.053447,6.842105,221
CUSTOMER_0854,2169,880505.34,181859.6,20.654,0.121546,52.174993,6.873065,222
CUSTOMER_1033,6157,880497.76,216059.33,24.5383,0.121545,52.296537,6.904025,223
CUSTOMER_2019,5866,880103.45,203932.03,23.1714,0.12149,52.418028,6.934985,224
CUSTOMER_1103,7516,877347.24,208097.71,23.719,0.12111,52.539137,6.965944,225
CUSTOMER_0159,4199,875320.21,169734.09,19.3911,0.12083,52.659967,6.996904,226
CUSTOMER_2527,3677,873328.55,201068.85,23.0233,0.120555,52.780522,7.027864,227
CUSTOMER_2041,4807,868672.64,159991.81,18.418,0.119912,52.900435,7.058824,228
CUSTOMER_0910,4559,867563.04,199789.2,23.0288,0.119759,53.020194,7.089783,229
CUSTOMER_1022,6688,860252.12,200162.42,23.2679,0.11875,53.138944,7.120743,230
CUSTOMER_2058,2804,857866.16,177273.03,20.6644,0.118421,53.257364,7.151703,231
CUSTOMER_2612,1210,856703.74,170604.55,19.9141,0.11826,53.375624,7.182663,232
CUSTOMER_2691,2878,854768.3,168228.2,19.6811,0.117993,53.493617,7.213622,233
CUSTOMER_1189,7613,852615.61,215002.87,25.2169,0.117696,53.611313,7.244582,234
CUSTOMER_2320,584,849877.56,147452.24,17.3498,0.117318,53.728631,7.275542,235
CUSTOMER_2700,5572,847174.95,196201.26,23.1595,0.116945,53.845576,7.306502,236
CUSTOMER_0974,3581,846918.76,225712.93,26.6511,0.116909,53.962485,7.337461,237
CUSTOMER_1593,1224,846903.39,183723.53,21.6936,0.116907,54.079392,7.368421,238
CUSTOMER_2898,1381,846786.04,133982.74,15.8225,0.116891,54.196283,7.399381,239
CUSTOMER_1427,4261,845823.19,176013.19,20.8097,0.116758,54.313041,7.430341,240
CUSTOMER_2247,5214,839602.59,203738.89,24.2661,0.115899,54.428941,7.4613,241
CUSTOMER_0625,4496,839548.88,179813.44,21.4179,0.115892,54.544833,7.49226,242
CUSTOMER_2283,5947,836370.24,193005.26,23.0765,0.115453,54.660286,7.52322,243
CUSTOMER_0563,3330,830973.75,191738.85,23.074,0.114708,54.774995,7.55418,244
CUSTOMER_1106,6728,830242.56,199497.11,24.0288,0.114607,54.889602,7.585139,245
CUSTOMER_0380,6349,826365.02,191415.03,23.1635,0.114072,55.003674,7.616099,246
CUSTOMER_2555,1112,825556.32,177751.5,21.5311,0.11396,55.117635,7.647059,247
CUSTOMER_0147,7136,820146.58,196918.48,24.0102,0.113214,55.230848,7.678019,248
CUSTOMER_3048,4077,819818.72,146760.31,17.9016,0.113168,55.344017,7.708978,249
CUSTOMER_0367,4773,818634.57,173083.55,21.143,0.113005,55.457022,7.739938,250
CUSTOMER_0969,6311,813563.51,194845.93,23.9497,0.112305,55.569327,7.770898,251
CUSTOMER_0934,6272,810137.37,188311.14,23.2443,0.111832,55.681159,7.801858,252
CUSTOMER_1069,3504,807174.48,196446.44,24.3375,0.111423,55.792582,7.832817,253
CUSTOMER_1362,5153,804680.8,170009.91,21.1276,0.111079,55.903661,7.863777,254
CUSTOMER_1499,7779,801062.88,213796.51,26.6891,0.110579,56.01424,7.894737,255
CUSTOMER_1110,8164,800619.05,219493.59,27.4155,0.110518,56.124758,7.925697,256
CUSTOMER_1623,7239,798820.49,195185.5,24.4342,0.11027,56.235028,7.956656,257
CUSTOMER_1275,3532,793580.61,177478.34,22.3642,0.109547,56.344575,7.987616,258
CUSTOMER_3144,2901,792457.42,120493.66,15.2051,0.109391,56.453966,8.018576,259
CUSTOMER_1644,5189,792146.04,208583.13,26.3314,0.109349,56.563315,8.049536,260
CUSTOMER_2357,1679,788402.66,173330.74,21.9851,0.108832,56.672146,8.080495,261
CUSTOMER_0646,4959,785060.19,181953.26,23.177,0.10837,56.780517,8.111455,262
CUSTOMER_1476,3464,782045.64,166808.4,21.3298,0.107954,56.888471,8.142415,263
CUSTOMER_0105,4988,781248.8,170496.01,21.8235,0.107844,56.996315,8.173375,264
CUSTOMER_2080,3463,780474.51,169101.33,21.6665,0.107737,57.104052,8.204334,265
CUSTOMER_1788,7188,772949.59,185451.65,23.9927,0.106699,57.210751,8.235294,266
CUSTOMER_2877,25,769053.16,104921.27,13.6429,0.106161,57.316912,8.266254,267
CUSTOMER_1866,2312,759664.3,142147.89,18.7119,0.104865,57.421777,8.297214,268
CUSTOMER_1107,6186,758655.57,183346.25,24.1673,0.104725,57.526502,8.328173,269
CUSTOMER_0111,4336,755959.72,168465.9,22.285,0.104353,57.630855,8.359133,270
CUSTOMER_1822,5997,754978.31,176470.92,23.3743,0.104218,57.735073,8.390093,271
CUSTOMER_1804,3162,754758.51,142158.66,18.835,0.104188,57.839261,8.421053,272
CUSTOMER_2311,2939,753579.79,132587.68,17.5944,0.104025,57.943285,8.452012,273
CUSTOMER_2093,5406,753156.09,163516.61,21.7109,0.103966,58.047252,8.482972,274
CUSTOMER_1510,198,750924.38,94336.71,12.5627,0.103658,58.15091,8.513932,275
CUSTOMER_2582,200,750498.43,99579.93,13.2685,0.103599,58.254509,8.544892,276
CUSTOMER_2308,4509,749789.27,175482.27,23.4042,0.103502,58.358011,8.575851,277
CUSTOMER_0642,274,739399.96,188187.62,25.4514,0.102067,58.460078,8.606811,278
CUSTOMER_0235,3694,739395.55,149008.62,20.1528,0.102067,58.562145,8.637771,279
CUSTOMER_0100,2162,738720.21,125576.93,16.9993,0.101974,58.664119,8.668731,280
CUSTOMER_2721,796,737019.18,131472.45,17.8384,0.101739,58.765857,8.69969,281
CUSTOMER_0774,5352,735653.02,195974.5,26.6395,0.10155,58.867408,8.73065,282
CUSTOMER_2298,4661,735398.77,155649.09,21.1653,0.101515,58.968923,8.76161,283
CUSTOMER_0476,3601,730764.93,127386.67,17.432,0.100875,59.069798,8.79257,284
CUSTOMER_0922,3642,730747.71,213984.92,29.283,0.100873,59.170671,8.823529,285
CUSTOMER_0213,6012,725843.46,154029.93,21.2208,0.100196,59.270867,8.854489,286
CUSTOMER_2275,35,724594.28,96317.14,13.2926,0.100024,59.370891,8.885449,287
CUSTOMER_2282,6140,724379.44,164897.98,22.764,0.099994,59.470885,8.916409,288
CUSTOMER_1488,2764,723273.35,133889.74,18.5116,0.099841,59.570726,8.947368,289
CUSTOMER_1021,725,719782.82,73169.7,10.1655,0.099359,59.670085,8.978328,290
CUSTOMER_2280,5512,717457.45,145582.61,20.2915,0.099038,59.769124,9.009288,291
CUSTOMER_0690,3193,717445.0,165166.89,23.0215,0.099037,59.868161,9.040248,292
CUSTOMER_0845,6680,715810.57,175402.88,24.5041,0.098811,59.966972,9.071207,293
CUSTOMER_0782,1975,712764.67,134420.29,18.859,0.098391,60.065362,9.102167,294
CUSTOMER_1507,4504,705206.67,165673.13,23.4928,0.097347,60.16271,9.133127,295
CUSTOMER_0933,5112,701860.16,159169.28,22.6782,0.096885,60.259595,9.164087,296
CUSTOMER_2162,739,701137.84,98783.7,14.0891,0.096786,60.356381,9.195046,297
CUSTOMER_0794,3051,697813.25,151410.82,21.6979,0.096327,60.452707,9.226006,298
CUSTOMER_1770,2922,690764.87,131685.63,19.0637,0.095354,60.548061,9.256966,299
CUSTOMER_2848,2792,688717.85,153309.78,22.2602,0.095071,60.643132,9.287926,300
CUSTOMER_1401,5773,688391.66,177032.41,25.7168,0.095026,60.738158,9.318885,301
CUSTOMER_2198,2700,688095.53,169914.25,24.6934,0.094985,60.833144,9.349845,302
CUSTOMER_1994,248,686515.96,140360.2,20.4453,0.094767,60.927911,9.380805,303
CUSTOMER_2392,5288,684576.27,154030.59,22.5001,0.094499,61.02241,9.411765,304
CUSTOMER_2664,648,684297.62,156311.12,22.8426,0.094461,61.116871,9.442724,305
CUSTOMER_2244,2351,677299.37,170314.53,25.1461,0.093495,61.210366,9.473684,306
CUSTOMER_0243,5185,677262.1,152718.12,22.5493,0.09349,61.303856,9.504644,307
CUSTOMER_2394,5237,676049.94,152986.95,22.6295,0.093323,61.397179,9.535604,308
CUSTOMER_2224,6153,675486.16,176451.82,26.1222,0.093245,61.490423,9.566563,309
CUSTOMER_0718,1415,669699.6,153907.06,22.9815,0.092446,61.582869,9.597523,310
CUSTOMER_1302,4232,665912.01,158618.31,23.8197,0.091923,61.674792,9.628483,311
CUSTOMER_2878,2061,664215.68,124847.33,18.7962,0.091689,61.766481,9.659443,312
CUSTOMER_1911,5264,661713.42,161142.78,24.3524,0.091343,61.857825,9.690402,313
CUSTOMER_1713,5383,660644.64,171858.7,26.0138,0.091196,61.949021,9.721362,314
CUSTOMER_1907,2729,659848.0,150434.71,22.7984,0.091086,62.040107,9.752322,315
CUSTOMER_2628,2256,659766.84,226508.14,34.3315,0.091075,62.131181,9.783282,316
CUSTOMER_2017,2233,648268.64,149054.03,22.9926,0.089488,62.220669,9.814241,317
CUSTOMER_1400,7203,646914.43,165790.3,25.6279,0.089301,62.30997,9.845201,318
CUSTOMER_2590,1275,645007.9,149498.3,23.1777,0.089037,62.399007,9.876161,319
CUSTOMER_0739,242,642218.97,211932.44,33.0,0.088652,62.487659,9.907121,320
CUSTOMER_2284,4099,641772.9,142651.49,22.2277,0.088591,62.57625,9.93808,321
CUSTOMER_0167,2800,639865.61,145145.05,22.6837,0.088328,62.664578,9.96904,322
CUSTOMER_1772,2082,637407.81,146736.74,23.0209,0.087988,62.752566,10.0,323
CUSTOMER_2396,5788,636404.58,147944.61,23.2469,0.08785,62.840416,10.03096,324
CUSTOMER_2009,606,636257.56,116055.72,18.2404,0.08783,62.928246,10.06192,325
CUSTOMER_2191,6266,636138.39,148405.21,23.3291,0.087813,63.016059,10.092879,326
CUSTOMER_2562,1152,635944.09,141981.27,22.3261,0.087786,63.103845,10.123839,327
CUSTOMER_0382,6263,632992.1,157230.25,24.8392,0.087379,63.191224,10.154799,328
CUSTOMER_2223,1209,631697.16,128846.52,20.3969,0.0872,63.278424,10.185759,329
CUSTOMER_1040,2072,630462.72,129182.05,20.49,0.08703,63.365453,10.216718,330
CUSTOMER_2685,730,623699.1,96308.3,15.4415,0.086096,63.451549,10.247678,331
CUSTOMER_1763,4163,621761.72,138562.92,22.2855,0.085829,63.537378,10.278638,332
CUSTOMER_1657,129,619856.33,139080.59,22.4376,0.085565,63.622943,10.309598,333
CUSTOMER_2317,4781,617064.76,147927.88,23.9728,0.08518,63.708123,10.340557,334
CUSTOMER_2808,1960,615140.97,136701.87,22.2229,0.084915,63.793038,10.371517,335
CUSTOMER_3036,5907,614576.85,136892.03,22.2742,0.084837,63.877875,10.402477,336
CUSTOMER_1793,1610,614442.37,105299.72,17.1374,0.084818,63.962693,10.433437,337
CUSTOMER_1717,797,613725.82,-43076.34,-7.0188,0.084719,64.047412,10.464396,338
CUSTOMER_0270,3605,613368.73,122341.38,19.9458,0.08467,64.132082,10.495356,339
CUSTOMER_1409,2520,612388.58,151004.06,24.6582,0.084535,64.216617,10.526316,340
CUSTOMER_1053,4200,612021.93,150843.89,24.6468,0.084484,64.301101,10.557276,341
CUSTOMER_2197,920,610443.25,96766.1,15.8518,0.084266,64.385367,10.588235,342
CUSTOMER_3053,2124,610026.67,98668.73,16.1745,0.084209,64.469575,10.619195,343
CUSTOMER_0224,3013,609456.6,132968.84,21.8176,0.08413,64.553705,10.650155,344
CUSTOMER_1236,2559,609307.31,118176.14,19.3952,0.084109,64.637815,10.681115,345
CUSTOMER_0088,3417,606393.6,120444.08,19.8624,0.083707,64.721522,10.712074,346
CUSTOMER_0383,8278,605977.24,179192.03,29.5708,0.08365,64.805171,10.743034,347
CUSTOMER_2754,3792,603926.71,173585.96,28.7429,0.083367,64.888538,10.773994,348
CUSTOMER_0228,5113,603385.56,146760.42,24.3228,0.083292,64.97183,10.804954,349
CUSTOMER_1522,3705,603334.43,144841.81,24.0069,0.083285,65.055114,10.835913,350
CUSTOMER_0233,6546,601432.58,153225.19,25.4767,0.083022,65.138137,10.866873,351
CUSTOMER_1306,7034,601310.62,158685.3,26.3899,0.083005,65.221142,10.897833,352
CUSTOMER_1546,3765,599861.68,143446.51,23.9133,0.082805,65.303948,10.928793,353
CUSTOMER_2201,3980,598495.86,154180.19,25.7613,0.082617,65.386564,10.959752,354
CUSTOMER_0205,646,594241.44,85709.02,14.4233,0.08203,65.468594,10.990712,355
CUSTOMER_0361,3484,592063.98,192827.59,32.5687,0.081729,65.550323,11.021672,356
CUSTOMER_1447,7079,590687.22,150282.61,25.442,0.081539,65.631862,11.052632,357
CUSTOMER_1977,2742,589838.42,122454.02,20.7606,0.081422,65.713284,11.083591,358
CUSTOMER_1242,3309,588067.52,123250.37,20.9585,0.081177,65.794461,11.114551,359
CUSTOMER_2399,4697,588001.65,168301.5,28.6226,0.081168,65.875629,11.145511,360
CUSTOMER_0464,1862,587039.76,122728.79,20.9064,0.081035,65.956665,11.176471,361
CUSTOMER_2289,2724,586268.94,100951.27,17.2193,0.080929,66.037594,11.20743,362
CUSTOMER_2788,1723,580659.57,98806.64,17.0163,0.080155,66.117749,11.23839,363
CUSTOMER_1517,3398,580520.66,139975.32,24.112,0.080136,66.197884,11.26935,364
CUSTOMER_1071,5700,578129.65,161761.23,27.9801,0.079806,66.27769,11.30031,365
CUSTOMER_1778,4351,574799.52,147388.18,25.6417,0.079346,66.357035,11.331269,366
CUSTOMER_2693,2022,574588.23,111409.89,19.3895,0.079317,66.436352,11.362229,367
CUSTOMER_3146,2348,574385.63,99714.92,17.3603,0.079289,66.515641,11.393189,368
CUSTOMER_0093,5861,573894.61,130614.85,22.7594,0.079221,66.594862,11.424149,369
CUSTOMER_1514,3420,572911.95,134118.36,23.4099,0.079085,66.673947,11.455108,370
CUSTOMER_2540,2754,568607.97,144070.34,25.3374,0.078491,66.752438,11.486068,371
CUSTOMER_2179,7303,565745.99,143391.54,25.3456,0.078096,66.830534,11.517028,372
CUSTOMER_3162,884,560259.01,75632.3,13.4995,0.077339,66.907873,11.547988,373
CUSTOMER_1469,197,558449.84,100374.57,17.9738,0.077089,66.984962,11.578947,374
CUSTOMER_2637,3588,557655.78,124796.68,22.3788,0.076979,67.061941,11.609907,375
CUSTOMER_2239,2332,557626.14,88099.35,15.799,0.076975,67.138916,11.640867,376
CUSTOMER_0875,3534,556250.5,112917.03,20.2997,0.076785,67.215701,11.671827,377
CUSTOMER_1672,2150,555738.63,101674.6,18.2954,0.076715,67.292416,11.702786,378
CUSTOMER_1054,3265,553606.94,119533.6,21.5918,0.07642,67.368836,11.733746,379
CUSTOMER_1879,24,553058.38,69776.27,12.6164,0.076345,67.445181,11.764706,380
CUSTOMER_0413,5745,550970.15,147912.48,26.8458,0.076056,67.521237,11.795666,381
CUSTOMER_1661,3140,550434.52,112989.19,20.5273,0.075982,67.59722,11.826625,382
CUSTOMER_1357,2216,549790.76,99888.76,18.1685,0.075894,67.673113,11.857585,383
CUSTOMER_0914,4029,549493.55,136331.47,24.8104,0.075853,67.748966,11.888545,384
CUSTOMER_1660,6564,547888.45,152799.56,27.8888,0.075631,67.824597,11.919505,385
CUSTOMER_0004,3896,545488.88,125624.67,23.0297,0.0753,67.899897,11.950464,386
CUSTOMER_1036,4750,543934.57,127836.66,23.5022,0.075085,67.974982,11.981424,387
CUSTOMER_2836,3964,543392.87,148012.04,27.2385,0.07501,68.049992,12.012384,388
CUSTOMER_3138,474,539633.27,80763.32,14.9663,0.074491,68.124484,12.043344,389
CUSTOMER_1396,694,536665.57,72423.6,13.4951,0.074082,68.198565,12.074303,390
CUSTOMER_1783,3307,536091.75,115133.08,21.4764,0.074003,68.272568,12.105263,391
CUSTOMER_2849,2446,535863.47,118447.37,22.104,0.073971,68.346539,12.136223,392
CUSTOMER_2655,255,535763.66,79801.82,14.895,0.073957,68.420496,12.167183,393
CUSTOMER_1113,5153,534557.99,130667.07,24.4439,0.073791,68.494287,12.198142,394
CUSTOMER_1223,2702,534473.97,122985.68,23.0106,0.073779,68.568066,12.229102,395
CUSTOMER_1230,1965,533814.95,131051.71,24.55,0.073688,68.641755,12.260062,396
CUSTOMER_0873,3129,532403.07,110964.35,20.8422,0.073493,68.715248,12.291022,397
CUSTOMER_2390,2649,527950.18,88542.38,16.771,0.072879,68.788127,12.321981,398
CUSTOMER_1131,4970,525445.15,130338.88,24.8054,0.072533,68.86066,12.352941,399
CUSTOMER_2287,2564,525261.26,90147.3,17.1624,0.072508,68.933167,12.383901,400
CUSTOMER_0927,4611,519881.3,126713.58,24.3736,0.071765,69.004932,12.414861,401
CUSTOMER_1301,2669,519505.72,117429.95,22.6042,0.071713,69.076645,12.44582,402
CUSTOMER_2905,381,519395.27,75830.17,14.5997,0.071698,69.148343,12.47678,403
CUSTOMER_0180,3411,518905.4,119124.39,22.9569,0.07163,69.219973,12.50774,404
CUSTOMER_1035,5604,516840.79,120239.67,23.2644,0.071345,69.291318,12.5387,405
CUSTOMER_0192,3226,516639.44,120024.49,23.2318,0.071317,69.362635,12.569659,406
CUSTOMER_2765,505,515309.43,70333.43,13.6488,0.071134,69.433769,12.600619,407
CUSTOMER_1502,6135,512293.82,134872.45,26.3272,0.070717,69.504487,12.631579,408
CUSTOMER_2073,2038,511847.96,100609.95,19.6562,0.070656,69.575142,12.662539,409
CUSTOMER_2672,1736,511464.62,107582.06,21.0341,0.070603,69.645746,12.693498,410
CUSTOMER_1985,2175,511197.88,121997.05,23.8649,0.070566,69.716312,12.724458,411
CUSTOMER_0014,538,510778.59,44724.54,8.7561,0.070508,69.78682,12.755418,412
CUSTOMER_1743,1445,510748.74,105481.2,20.6523,0.070504,69.857324,12.786378,413
CUSTOMER_1511,4582,509476.92,127843.08,25.093,0.070329,69.927653,12.817337,414
CUSTOMER_1775,203,509243.86,64267.97,12.6203,0.070296,69.997949,12.848297,415
CUSTOMER_1104,4650,502989.49,122681.55,24.3905,0.069433,70.067382,12.879257,416
CUSTOMER_2592,1250,500824.0,103152.0,20.5965,0.069134,70.136517,12.910217,417
CUSTOMER_3147,2443,497637.02,95126.44,19.1156,0.068694,70.205211,12.941176,418
CUSTOMER_0098,1760,495769.87,112884.74,22.7696,0.068436,70.273647,12.972136,419
CUSTOMER_0954,1894,494918.59,108489.7,21.9207,0.068319,70.341966,13.003096,420
CUSTOMER_2329,2102,494122.72,100115.48,20.2613,0.068209,70.410175,13.034056,421
CUSTOMER_0143,1152,486869.73,91270.42,18.7464,0.067208,70.477383,13.065015,422
CUSTOMER_1506,3687,485067.45,105721.88,21.7953,0.066959,70.544342,13.095975,423
CUSTOMER_0773,708,484310.82,100945.5,20.8431,0.066855,70.611197,13.126935,424
CUSTOMER_1806,1523,482894.32,91437.71,18.9353,0.066659,70.677856,13.157895,425
CUSTOMER_2449,3104,480948.56,109054.68,22.6749,0.066391,70.744247,13.188854,426
CUSTOMER_0204,3289,480770.66,111292.41,23.1488,0.066366,70.810613,13.219814,427
CUSTOMER_0856,1909,479716.65,95863.01,19.9833,0.06622,70.876833,13.250774,428
CUSTOMER_1441,817,479024.56,100171.41,20.9115,0.066125,70.942958,13.281734,429
CUSTOMER_0542,2483,478849.72,97443.42,20.3495,0.066101,71.009059,13.312693,430
CUSTOMER_0665,3412,477647.55,89085.58,18.6509,0.065935,71.074994,13.343653,431
CUSTOMER_2385,735,476857.1,126641.33,26.5575,0.065826,71.14082,13.374613,432
CUSTOMER_0700,1921,476112.19,133667.71,28.0748,0.065723,71.206543,13.405573,433
CUSTOMER_2613,1235,475971.23,112975.41,23.7358,0.065703,71.272246,13.436533,434
CUSTOMER_1978,3554,471502.78,105170.91,22.3055,0.065087,71.337333,13.467492,435
CUSTOMER_1827,4286,471321.78,115445.02,24.4939,0.065062,71.402394,13.498452,436
CUSTOMER_0452,2528,471172.92,106552.3,22.6143,0.065041,71.467435,13.529412,437
CUSTOMER_1575,3151,470337.91,110287.82,23.4486,0.064926,71.532361,13.560372,438
CUSTOMER_0726,1633,469368.39,73968.22,15.7591,0.064792,71.597153,13.591331,439
CUSTOMER_1551,2195,467824.12,97557.1,20.8534,0.064579,71.661732,13.622291,440
CUSTOMER_1807,3205,466252.25,131733.74,28.2537,0.064362,71.726094,13.653251,441
CUSTOMER_1710,2149,464117.48,106902.54,23.0335,0.064067,71.790161,13.684211,442
CUSTOMER_2278,3944,461454.14,92438.18,20.0319,0.0637,71.853861,13.71517,443
CUSTOMER_2273,4988,457786.44,94994.22,20.7508,0.063193,71.917054,13.74613,444
CUSTOMER_0497,1545,457465.48,89088.7,19.4744,0.063149,71.980203,13.77709,445
CUSTOMER_2269,3993,457042.41,89550.95,19.5936,0.063091,72.043293,13.80805,446
CUSTOMER_2024,718,456561.69,81504.36,17.8518,0.063024,72.106317,13.839009,447
CUSTOMER_2312,1624,455420.46,95648.75,21.0023,0.062867,72.169184,13.869969,448
CUSTOMER_1824,4078,454842.74,106860.82,23.494,0.062787,72.231971,13.900929,449
CUSTOMER_3017,1584,454124.51,94513.34,20.8122,0.062688,72.294659,13.931889,450
CUSTOMER_2265,1388,452693.74,122788.56,27.124,0.06249,72.357149,13.962848,451
CUSTOMER_1098,4862,450540.27,108508.43,24.0841,0.062193,72.419342,13.993808,452
CUSTOMER_0453,1125,449924.05,90015.61,20.0068,0.062108,72.48145,14.024768,453
CUSTOMER_2288,2294,447856.0,76183.12,17.0106,0.061822,72.543272,14.055728,454
CUSTOMER_0379,3775,446533.93,105997.72,23.7379,0.06164,72.604912,14.086687,455
CUSTOMER_0203,2488,442564.76,96207.94,21.7387,0.061092,72.666004,14.117647,456
CUSTOMER_2106,4563,441817.32,121628.85,27.5292,0.060989,72.726993,14.148607,457
CUSTOMER_3022,1933,441599.82,96212.19,21.7872,0.060959,72.787952,14.179567,458
CUSTOMER_0918,893,437054.18,83517.82,19.1093,0.060331,72.848283,14.210526,459
CUSTOMER_1965,2227,436043.73,100557.85,23.0614,0.060192,72.908475,14.241486,460
CUSTOMER_0292,3426,435606.15,104359.4,23.9573,0.060131,72.968606,14.272446,461
CUSTOMER_2680,542,435564.94,71794.42,16.4831,0.060126,73.028732,14.303406,462
CUSTOMER_3194,1539,434502.17,74686.35,17.1889,0.059979,73.088711,14.334365,463
CUSTOMER_1997,2923,433877.09,93671.11,21.5893,0.059893,73.148604,14.365325,464
CUSTOMER_1532,810,433250.64,86784.67,20.0311,0.059806,73.20841,14.396285,465
CUSTOMER_1414,66,431158.87,49217.9,11.4153,0.059518,73.267928,14.427245,466
CUSTOMER_3057,2821,428199.05,95533.98,22.3106,0.059109,73.327037,14.458204,467
CUSTOMER_1553,592,427038.36,98631.36,23.0966,0.058949,73.385985,14.489164,468
CUSTOMER_3117,596,426542.68,85932.38,20.1463,0.05888,73.444866,14.520124,469
CUSTOMER_1324,3975,426017.48,104177.86,24.4539,0.058808,73.503674,14.551084,470
CUSTOMER_2240,2355,426015.84,89318.06,20.9659,0.058808,73.562481,14.582043,471
CUSTOMER_1753,6912,424083.44,117541.51,27.7166,0.058541,73.621022,14.613003,472
CUSTOMER_1491,3970,423717.13,112213.38,26.4831,0.05849,73.679512,14.643963,473
CUSTOMER_3043,2806,423166.4,86326.38,20.4001,0.058414,73.737926,14.674923,474
CUSTOMER_2366,2094,420155.67,86394.72,20.5626,0.057999,73.795925,14.705882,475
CUSTOMER_1122,3517,417732.44,100522.01,24.0637,0.057664,73.853589,14.736842,476
CUSTOMER_0615,1277,417395.96,77783.71,18.6355,0.057618,73.911207,14.767802,477
CUSTOMER_2870,1461,415063.04,79700.84,19.2021,0.057296,73.968503,14.798762,478
CUSTOMER_0387,3544,413759.16,109383.02,26.4364,0.057116,74.025618,14.829721,479
CUSTOMER_0202,2580,412770.49,84808.8,20.5462,0.056979,74.082597,14.860681,480
CUSTOMER_0407,2346,411680.98,87628.19,21.2855,0.056829,74.139426,14.891641,481
CUSTOMER_1214,395,410534.4,89604.54,21.8263,0.056671,74.196097,14.922601,482
CUSTOMER_1173,2722,409937.73,90740.26,22.1351,0.056588,74.252685,14.95356,483
CUSTOMER_1811,2574,406971.53,86469.65,21.2471,0.056179,74.308864,14.98452,484
CUSTOMER_1158,1784,405625.03,81275.4,20.0371,0.055993,74.364856,15.01548,485
CUSTOMER_0272,2132,404294.78,82855.99,20.494,0.055809,74.420666,15.04644,486
CUSTOMER_0492,1404,403908.52,89610.9,22.1859,0.055756,74.476421,15.077399,487
CUSTOMER_2759,2421,402878.74,110371.12,27.3956,0.055614,74.532035,15.108359,488
CUSTOMER_2531,42,400830.42,52101.5,12.9984,0.055331,74.587366,15.139319,489
CUSTOMER_1945,2097,400135.62,109255.67,27.3047,0.055235,74.642601,15.170279,490
CUSTOMER_0654,2247,399814.45,79302.21,19.8348,0.055191,74.697792,15.201238,491
CUSTOMER_2131,2220,398982.26,91091.69,22.831,0.055076,74.752868,15.232198,492
CUSTOMER_0236,1462,398518.22,61630.3,15.4649,0.055012,74.80788,15.263158,493
CUSTOMER_2285,1998,398490.63,70437.01,17.676,0.055008,74.862888,15.294118,494
CUSTOMER_0158,604,397792.76,71912.89,18.078,0.054912,74.917799,15.325077,495
CUSTOMER_2982,825,397721.97,71370.61,17.9448,0.054902,74.972701,15.356037,496
CUSTOMER_0119,3433,391890.44,98227.84,25.0651,0.054097,75.026798,15.386997,497
CUSTOMER_1550,2889,391808.77,96585.95,24.6513,0.054086,75.080884,15.417957,498
CUSTOMER_1370,2082,390227.47,79934.7,20.4841,0.053867,75.134751,15.448916,499
CUSTOMER_2912,1393,389955.42,81130.71,20.8051,0.05383,75.188581,15.479876,500
CUSTOMER_1584,630,389315.27,84172.15,21.6206,0.053741,75.242322,15.510836,501
CUSTOMER_0394,64,388888.08,30527.9,7.85,0.053682,75.296005,15.541796,502
CUSTOMER_3122,138,388268.9,69200.22,17.8228,0.053597,75.349601,15.572755,503
CUSTOMER_1558,1334,387566.78,74723.98,19.2803,0.0535,75.403102,15.603715,504
CUSTOMER_2052,181,387037.35,76578.04,19.7857,0.053427,75.456528,15.634675,505
CUSTOMER_1100,3100,385555.27,93106.25,24.1486,0.053222,75.509751,15.665635,506
CUSTOMER_1067,2425,385471.49,87652.77,22.7391,0.053211,75.562962,15.696594,507
CUSTOMER_2373,776,384698.24,83717.82,21.7619,0.053104,75.616066,15.727554,508
CUSTOMER_2079,1901,384636.81,79647.83,20.7073,0.053096,75.669161,15.758514,509
CUSTOMER_1394,1062,383402.24,96364.19,25.134,0.052925,75.722086,15.789474,510
CUSTOMER_0021,3487,383093.71,92979.52,24.2707,0.052883,75.774969,15.820433,511
CUSTOMER_1784,3372,382455.34,87779.71,22.9516,0.052794,75.827764,15.851393,512
CUSTOMER_1007,1726,382330.23,63632.25,16.6433,0.052777,75.880541,15.882353,513
CUSTOMER_1670,947,380187.39,77850.44,20.4769,0.052481,75.933022,15.913313,514
CUSTOMER_0554,783,379279.19,69014.59,18.1963,0.052356,75.985378,15.944272,515
CUSTOMER_2210,3702,379085.88,86618.29,22.8493,0.052329,76.037707,15.975232,516
CUSTOMER_0185,3538,377674.21,80697.6,21.367,0.052134,76.089842,16.006192,517
CUSTOMER_0956,2641,377369.66,84810.68,22.4742,0.052092,76.141934,16.037152,518
CUSTOMER_2306,1479,376455.99,77156.1,20.4954,0.051966,76.193901,16.068111,519
CUSTOMER_2786,3197,376332.37,91058.72,24.1964,0.051949,76.24585,16.099071,520
CUSTOMER_2729,2038,375023.14,84695.16,22.584,0.051769,76.297618,16.130031,521
CUSTOMER_1750,3820,374868.88,97188.29,25.9259,0.051747,76.349366,16.160991,522
CUSTOMER_1420,2467,373593.33,94062.11,25.1777,0.051571,76.400937,16.19195,523
CUSTOMER_0169,1911,373485.13,76055.76,20.3638,0.051556,76.452493,16.22291,524
CUSTOMER_1174,2562,371140.28,81433.22,21.9414,0.051233,76.503725,16.25387,525
CUSTOMER_0326,2156,369962.81,81809.48,22.1129,0.05107,76.554795,16.28483,526
CUSTOMER_1886,3778,368693.51,94007.9,25.4976,0.050895,76.60569,16.315789,527
CUSTOMER_1648,1758,367695.51,72302.61,19.6637,0.050757,76.656447,16.346749,528
CUSTOMER_0961,71,367459.7,9260.01,2.52,0.050724,76.707172,16.377709,529
CUSTOMER_2970,1053,365546.39,71761.83,19.6314,0.05046,76.757632,16.408669,530
CUSTOMER_2757,3309,365010.85,100473.82,27.5263,0.050386,76.808018,16.439628,531
CUSTOMER_1436,4334,364095.08,99593.85,27.3538,0.05026,76.858278,16.470588,532
CUSTOMER_0300,1723,363844.99,67456.42,18.5399,0.050225,76.908504,16.501548,533
CUSTOMER_2770,786,363192.42,58543.98,16.1193,0.050135,76.958639,16.532508,534
CUSTOMER_3160,2284,362548.44,75887.95,20.9318,0.050046,77.008686,16.563467,535
CUSTOMER_1677,3732,361937.49,89766.78,24.8017,0.049962,77.058648,16.594427,536
CUSTOMER_1679,2531,361541.1,84250.7,23.3032,0.049907,77.108555,16.625387,537
CUSTOMER_2926,767,360965.4,100837.36,27.9355,0.049828,77.158383,16.656347,538
CUSTOMER_0724,2149,360723.49,93165.28,25.8273,0.049795,77.208178,16.687307,539
CUSTOMER_1198,133,360024.48,59332.76,16.4802,0.049698,77.257876,16.718266,540
CUSTOMER_2914,2933,359502.37,98849.55,27.4962,0.049626,77.307502,16.749226,541
CUSTOMER_0601,3085,359156.45,87476.85,24.3562,0.049578,77.35708,16.780186,542
CUSTOMER_1269,2543,356498.54,82478.7,23.1358,0.049211,77.406292,16.811146,543
CUSTOMER_1680,4538,356441.75,107477.19,30.1528,0.049204,77.455495,16.842105,544
CUSTOMER_0599,2758,356159.07,91412.58,25.6662,0.049164,77.50466,16.873065,545
CUSTOMER_1151,3117,355078.37,83782.89,23.5956,0.049015,77.553675,16.904025,546
CUSTOMER_0318,1371,354702.18,67856.52,19.1306,0.048963,77.602638,16.934985,547
CUSTOMER_1117,1795,353159.16,69007.47,19.54,0.04875,77.651389,16.965944,548
CUSTOMER_1764,432,352660.96,70689.15,20.0445,0.048682,77.70007,16.996904,549
CUSTOMER_2115,2033,351304.99,71593.17,20.3792,0.048494,77.748565,17.027864,550
CUSTOMER_0302,1479,350421.14,64137.24,18.3029,0.048372,77.796937,17.058824,551
CUSTOMER_2237,2305,350237.64,80346.61,22.9406,0.048347,77.845284,17.089783,552
CUSTOMER_0562,3006,349427.34,96843.51,27.7149,0.048235,77.893519,17.120743,553
CUSTOMER_0513,1117,348771.9,77939.21,22.3468,0.048145,77.941664,17.151703,554
CUSTOMER_1018,2797,348568.8,75743.22,21.7298,0.048117,77.989781,17.182663,555
CUSTOMER_3050,1667,348298.33,59501.58,17.0835,0.048079,78.03786,17.213622,556
CUSTOMER_1754,115,347833.61,31761.53,9.1312,0.048015,78.085876,17.244582,557
CUSTOMER_2453,2111,347711.11,82502.69,23.7274,0.047998,78.133874,17.275542,558
CUSTOMER_0759,3284,347142.32,94931.4,27.3465,0.04792,78.181794,17.306502,559
CUSTOMER_2968,905,346414.41,59291.7,17.1158,0.047819,78.229613,17.337461,560
CUSTOMER_1823,3145,343717.83,82753.24,24.0759,0.047447,78.27706,17.368421,561
CUSTOMER_2113,2395,343615.38,70684.24,20.5707,0.047433,78.324493,17.399381,562
CUSTOMER_1391,4914,343533.88,99729.87,29.0306,0.047422,78.371915,17.430341,563
CUSTOMER_1505,4661,342620.39,92213.3,26.9141,0.047296,78.41921,17.4613,564
CUSTOMER_1602,2417,342334.96,90108.32,26.3217,0.047256,78.466467,17.49226,565
CUSTOMER_2446,167,342179.54,67405.69,19.6989,0.047235,78.513701,17.52322,566
CUSTOMER_0278,2139,341112.02,73600.04,21.5765,0.047087,78.560789,17.55418,567
CUSTOMER_1495,3929,340903.95,91613.93,26.8738,0.047059,78.607847,17.585139,568
CUSTOMER_0304,3573,340610.88,94081.39,27.6214,0.047018,78.654866,17.616099,569
CUSTOMER_1403,2448,339996.74,92961.59,27.3419,0.046933,78.701799,17.647059,570
CUSTOMER_0307,1124,339503.71,61204.86,18.0277,0.046865,78.748665,17.678019,571
CUSTOMER_2973,710,337600.18,67065.0,19.8652,0.046603,78.795267,17.708978,572
CUSTOMER_0003,1560,336586.2,64747.34,19.2365,0.046463,78.84173,17.739938,573
CUSTOMER_0522,2360,335967.25,76738.23,22.841,0.046377,78.888107,17.770898,574
CUSTOMER_1238,2330,335831.37,89843.48,26.7526,0.046358,78.934465,17.801858,575
CUSTOMER_1465,1843,335715.85,77889.96,23.2012,0.046342,78.980808,17.832817,576
CUSTOMER_2245,26,335043.7,43826.25,13.0808,0.04625,79.027058,17.863777,577
CUSTOMER_0145,1060,333813.3,76021.25,22.7736,0.04608,79.073138,17.894737,578
CUSTOMER_1812,1709,331770.22,68222.48,20.5632,0.045798,79.118935,17.925697,579
CUSTOMER_2199,1290,330891.1,68764.26,20.7815,0.045676,79.164612,17.956656,580
CUSTOMER_1121,669,330872.47,57141.2,17.2699,0.045674,79.210286,17.987616,581
CUSTOMER_1531,2406,330311.96,70896.55,21.4635,0.045597,79.255882,18.018576,582
CUSTOMER_2937,673,329839.75,50959.94,15.4499,0.045531,79.301414,18.049536,583
CUSTOMER_1549,2494,329590.63,75880.31,23.0226,0.045497,79.346911,18.080495,584
CUSTOMER_1374,3532,326791.46,77478.18,23.7088,0.045111,79.392021,18.111455,585
CUSTOMER_2638,3045,326699.17,75300.16,23.0488,0.045098,79.437119,18.142415,586
CUSTOMER_0090,2073,325690.0,72197.88,22.1677,0.044959,79.482078,18.173375,587
CUSTOMER_2782,783,325022.67,66108.44,20.3396,0.044866,79.526944,18.204334,588
CUSTOMER_0757,1855,324508.01,72214.72,22.2536,0.044795,79.571739,18.235294,589
CUSTOMER_0057,83,324212.59,53328.02,16.4485,0.044755,79.616494,18.266254,590
CUSTOMER_2570,570,324182.82,74461.14,22.9689,0.04475,79.661244,18.297214,591
CUSTOMER_2908,2086,323969.4,82115.81,25.3468,0.044721,79.705965,18.328173,592
CUSTOMER_0362,2573,323857.61,82166.28,25.3711,0.044706,79.750671,18.359133,593
CUSTOMER_0865,2387,321506.67,80072.48,24.9054,0.044381,79.795052,18.390093,594
CUSTOMER_0296,1597,321019.62,60546.03,18.8605,0.044314,79.839366,18.421053,595
CUSTOMER_1498,2174,319192.03,63966.1,20.04,0.044062,79.883427,18.452012,596
CUSTOMER_2085,1307,319003.6,66694.3,20.9071,0.044036,79.927463,18.482972,597
CUSTOMER_3100,1853,319000.76,78533.85,24.6187,0.044035,79.971498,18.513932,598
CUSTOMER_2016,1351,318280.4,67471.28,21.1987,0.043936,80.015434,18.544892,599
CUSTOMER_1799,1184,317639.24,94436.73,29.7308,0.043847,80.059281,18.575851,600
CUSTOMER_2485,2344,317409.08,65678.33,20.692,0.043815,80.103096,18.606811,601
CUSTOMER_1789,2430,316819.23,78470.27,24.7682,0.043734,80.14683,18.637771,602
CUSTOMER_0485,1183,316353.39,82001.39,25.9208,0.04367,80.1905,18.668731,603
CUSTOMER_1156,1390,316173.39,76114.55,24.0737,0.043645,80.234145,18.69969,604
CUSTOMER_3098,80,316166.57,21928.73,6.9358,0.043644,80.277789,18.73065,605
CUSTOMER_0385,2860,316006.68,71873.08,22.7442,0.043622,80.321411,18.76161,606
CUSTOMER_1303,4146,315874.16,76134.25,24.1027,0.043604,80.365014,18.79257,607
CUSTOMER_0955,2398,315325.12,72176.14,22.8894,0.043528,80.408542,18.823529,608
CUSTOMER_2056,564,313730.3,50031.98,15.9474,0.043308,80.451849,18.854489,609
CUSTOMER_0480,2033,313708.79,73608.57,23.464,0.043305,80.495154,18.885449,610
CUSTOMER_2192,818,313586.48,70086.18,22.3499,0.043288,80.538442,18.916409,611
CUSTOMER_1105,3409,313536.68,77016.6,24.5638,0.043281,80.581723,18.947368,612
CUSTOMER_1624,813,313071.96,58888.39,18.8099,0.043217,80.624939,18.978328,613
CUSTOMER_2156,1920,310825.31,61497.64,19.7853,0.042907,80.667846,19.009288,614
CUSTOMER_0450,5218,310056.3,91924.04,29.6475,0.0428,80.710646,19.040248,615
CUSTOMER_2025,2481,309879.16,72143.28,23.2811,0.042776,80.753422,19.071207,616
CUSTOMER_2023,4226,308821.72,87393.73,28.2991,0.04263,80.796052,19.102167,617
CUSTOMER_1232,1861,308659.32,84233.09,27.29,0.042608,80.83866,19.133127,618
CUSTOMER_2450,1381,308136.53,77179.11,25.0471,0.042535,80.881195,19.164087,619
CUSTOMER_2250,5413,307541.97,97909.6,31.8362,0.042453,80.923649,19.195046,620
CUSTOMER_2334,3097,305746.44,82152.92,26.8696,0.042205,80.965854,19.226006,621
CUSTOMER_1756,1590,304461.18,55308.66,18.1661,0.042028,81.007882,19.256966,622
CUSTOMER_2814,1052,303959.42,61709.85,20.302,0.041959,81.049841,19.287926,623
CUSTOMER_0629,2384,303377.01,71235.24,23.4808,0.041878,81.09172,19.318885,624
CUSTOMER_2785,2634,301461.32,78550.79,26.0567,0.041614,81.133334,19.349845,625
CUSTOMER_2944,3241,301455.69,83220.03,27.6061,0.041613,81.174947,19.380805,626
CUSTOMER_1808,489,300860.46,70582.95,23.4604,0.041531,81.216478,19.411765,627
CUSTOMER_2957,224,299352.43,60377.3,20.1693,0.041323,81.257801,19.442724,628
CUSTOMER_2140,575,298166.34,79532.41,26.6738,0.041159,81.29896,19.473684,629
CUSTOMER_2567,1111,297164.07,56229.53,18.922,0.041021,81.339981,19.504644,630
CUSTOMER_2965,881,295107.74,59868.79,20.2871,0.040737,81.380717,19.535604,631
CUSTOMER_2177,640,294291.94,46398.27,15.7661,0.040624,81.421342,19.566563,632
CUSTOMER_0521,2783,292123.27,73772.38,25.2539,0.040325,81.461667,19.597523,633
CUSTOMER_1102,2760,291785.23,71379.67,24.4631,0.040278,81.501945,19.628483,634
CUSTOMER_1437,1649,288333.75,63507.23,22.0256,0.039802,81.541747,19.659443,635
CUSTOMER_1816,3086,287342.17,69137.7,24.0611,0.039665,81.581412,19.690402,636
CUSTOMER_3133,3471,286600.91,77913.97,27.1855,0.039563,81.620974,19.721362,637
CUSTOMER_0373,1642,286506.8,67558.96,23.5802,0.03955,81.660524,19.752322,638
CUSTOMER_1982,5045,286484.96,90604.69,31.6263,0.039547,81.700071,19.783282,639
CUSTOMER_0687,145,286258.44,52316.65,18.276,0.039515,81.739586,19.814241,640
CUSTOMER_2328,2152,285470.22,98473.88,34.4953,0.039407,81.778993,19.845201,641
CUSTOMER_2645,237,285046.04,43535.75,15.2732,0.039348,81.818341,19.876161,642
CUSTOMER_1821,2478,283155.94,66629.94,23.5312,0.039087,81.857428,19.907121,643
CUSTOMER_0092,1971,281278.31,55946.12,19.89,0.038828,81.896256,19.93808,644
CUSTOMER_0141,2199,281197.09,74019.9,26.3231,0.038817,81.935072,19.96904,645
CUSTOMER_2629,337,280497.4,47276.19,16.8544,0.03872,81.973792,20.0,646
CUSTOMER_1017,2363,280393.66,71247.06,25.4097,0.038706,82.012498,20.03096,647
CUSTOMER_1314,1875,278995.34,63537.43,22.7737,0.038513,82.051011,20.06192,648
CUSTOMER_1031,2235,278197.85,77586.78,27.8891,0.038403,82.089414,20.092879,649
CUSTOMER_2833,485,278025.51,50490.52,18.1604,0.038379,82.127792,20.123839,650
CUSTOMER_1155,2198,277483.55,57279.02,20.6423,0.038304,82.166096,20.154799,651
CUSTOMER_1503,3667,277218.49,77799.06,28.0642,0.038267,82.204364,20.185759,652
CUSTOMER_1287,1163,277028.88,64797.84,23.3903,0.038241,82.242605,20.216718,653
CUSTOMER_3118,2165,276935.38,69514.17,25.1012,0.038228,82.280834,20.247678,654
CUSTOMER_1758,1239,276921.33,65913.62,23.8023,0.038226,82.31906,20.278638,655
CUSTOMER_2472,223,276789.07,38290.78,13.8339,0.038208,82.357268,20.309598,656
CUSTOMER_2161,722,276106.27,50780.97,18.3918,0.038114,82.395382,20.340557,657
CUSTOMER_2203,1711,275602.94,60509.51,21.9553,0.038044,82.433427,20.371517,658
CUSTOMER_0430,1264,275301.42,55117.5,20.0208,0.038003,82.47143,20.402477,659
CUSTOMER_0655,463,272767.36,53356.14,19.561,0.037653,82.509083,20.433437,660
CUSTOMER_0339,2812,272474.75,65863.92,24.1725,0.037613,82.546695,20.464396,661
CUSTOMER_0797,2347,271642.02,63478.77,23.3685,0.037498,82.584193,20.495356,662
CUSTOMER_2699,460,271497.68,42232.87,15.5555,0.037478,82.621671,20.526316,663
CUSTOMER_0109,2263,271430.16,61936.33,22.8185,0.037468,82.659139,20.557276,664
CUSTOMER_1780,1107,270468.75,57667.98,21.3215,0.037336,82.696475,20.588235,665
CUSTOMER_0150,63,269958.45,32536.54,12.0524,0.037265,82.73374,20.619195,666
CUSTOMER_2474,2078,269405.2,70896.42,26.3159,0.037189,82.770929,20.650155,667
CUSTOMER_1850,1304,269396.79,43319.43,16.0802,0.037188,82.808117,20.681115,668
CUSTOMER_0623,2837,269201.87,72709.08,27.0091,0.037161,82.845278,20.712074,669
CUSTOMER_2813,1723,268887.19,63136.34,23.4806,0.037117,82.882395,20.743034,670
CUSTOMER_0676,685,268824.23,41706.97,15.5146,0.037109,82.919504,20.773994,671
CUSTOMER_0553,3513,268539.21,74064.34,27.5805,0.037069,82.956573,20.804954,672
CUSTOMER_2530,649,268198.88,51328.25,19.1381,0.037022,82.993596,20.835913,673
CUSTOMER_0681,1564,266642.54,61803.51,23.1784,0.036808,83.030403,20.866873,674
CUSTOMER_2609,3437,266571.62,80881.61,30.3414,0.036798,83.067201,20.897833,675
CUSTOMER_0020,2517,266377.15,66672.39,25.0293,0.036771,83.103972,20.928793,676
CUSTOMER_1998,2465,266210.34,64090.63,24.0752,0.036748,83.14072,20.959752,677
CUSTOMER_2182,3701,266006.16,75583.07,28.414,0.03672,83.177439,20.990712,678
CUSTOMER_1421,2449,265270.28,62721.1,23.6442,0.036618,83.214058,21.021672,679
CUSTOMER_1442,2085,263990.95,61660.09,23.3569,0.036442,83.250499,21.052632,680
CUSTOMER_2704,2170,262486.32,54458.07,20.747,0.036234,83.286733,21.083591,681
CUSTOMER_0769,2090,261654.51,63656.39,24.3284,0.036119,83.322852,21.114551,682
CUSTOMER_1457,1319,261079.63,57411.15,21.9899,0.03604,83.358892,21.145511,683
CUSTOMER_1547,2133,260796.06,56387.69,21.6214,0.036001,83.394892,21.176471,684
CUSTOMER_2362,2087,259283.43,59550.02,22.9672,0.035792,83.430684,21.20743,685
CUSTOMER_0144,2818,255686.23,73242.68,28.6455,0.035295,83.465979,21.23839,686
CUSTOMER_2409,1769,255671.67,56164.21,21.9673,0.035293,83.501272,21.26935,687
CUSTOMER_1567,902,255614.33,58092.81,22.7267,0.035285,83.536557,21.30031,688
CUSTOMER_1703,2044,255184.52,59780.83,23.4265,0.035226,83.571783,21.331269,689
CUSTOMER_3038,2337,254012.3,53658.12,21.1242,0.035064,83.606847,21.362229,690
CUSTOMER_0007,1747,252834.02,54576.99,21.5861,0.034901,83.641749,21.393189,691
CUSTOMER_2498,528,252767.13,45922.78,18.168,0.034892,83.676641,21.424149,692
CUSTOMER_0271,538,250189.64,42111.27,16.8317,0.034536,83.711177,21.455108,693
CUSTOMER_0415,1182,249841.93,52015.98,20.8196,0.034488,83.745666,21.486068,694
CUSTOMER_2518,65,248271.77,43566.09,17.5477,0.034272,83.779937,21.517028,695
CUSTOMER_1910,1435,247746.49,57802.6,23.3313,0.034199,83.814136,21.547988,696
CUSTOMER_1293,2529,247696.94,65436.03,26.4178,0.034192,83.848329,21.578947,697
CUSTOMER_0872,1290,247631.74,56122.57,22.6637,0.034183,83.882512,21.609907,698
CUSTOMER_2876,719,247117.31,49259.59,19.9337,0.034112,83.916624,21.640867,699
CUSTOMER_3029,2502,247056.29,57526.8,23.2849,0.034104,83.950728,21.671827,700
CUSTOMER_1957,1056,246936.84,48227.89,19.5305,0.034087,83.984816,21.702786,701
CUSTOMER_0641,1384,246574.02,42903.79,17.4,0.034037,84.018853,21.733746,702
CUSTOMER_1458,32,246156.3,22024.32,8.9473,0.03398,84.052832,21.764706,703
CUSTOMER_1034,2121,246035.14,57834.29,23.5065,0.033963,84.086795,21.795666,704
CUSTOMER_0319,933,245550.6,45505.44,18.532,0.033896,84.120691,21.826625,705
CUSTOMER_2732,490,245548.5,45932.35,18.706,0.033896,84.154587,21.857585,706
CUSTOMER_1757,2181,245014.13,63449.85,25.8964,0.033822,84.188409,21.888545,707
CUSTOMER_2697,763,244584.38,50565.04,20.6739,0.033763,84.222172,21.919505,708
CUSTOMER_1516,1063,244090.5,50766.59,20.7983,0.033694,84.255866,21.950464,709
CUSTOMER_1044,1046,244073.09,66271.01,27.1521,0.033692,84.289558,21.981424,710
CUSTOMER_2750,489,243291.1,46404.05,19.0735,0.033584,84.323142,22.012384,711
CUSTOMER_1906,900,242749.07,50990.58,21.0055,0.033509,84.356652,22.043344,712
CUSTOMER_2931,1084,242401.51,49362.95,20.3641,0.033461,84.390113,22.074303,713
CUSTOMER_2026,300,242255.76,42736.16,17.6409,0.033441,84.423554,22.105263,714
CUSTOMER_1938,1259,241829.62,51047.39,21.1088,0.033382,84.456936,22.136223,715
CUSTOMER_2404,1442,240714.65,49716.66,20.6538,0.033228,84.490165,22.167183,716
CUSTOMER_0803,2155,240693.46,50172.89,20.8451,0.033226,84.52339,22.198142,717
CUSTOMER_2804,689,240571.14,58265.16,24.2195,0.033209,84.556599,22.229102,718
CUSTOMER_1578,1134,240479.57,57121.04,23.753,0.033196,84.589795,22.260062,719
CUSTOMER_2764,1272,240427.84,55026.25,22.8868,0.033189,84.622984,22.291022,720
CUSTOMER_1678,1531,240056.71,68264.79,28.4369,0.033138,84.656122,22.321981,721
CUSTOMER_2716,1142,239504.31,52457.82,21.9027,0.033061,84.689183,22.352941,722
CUSTOMER_2602,2477,238651.89,45066.78,18.8839,0.032944,84.722127,22.383901,723
CUSTOMER_2838,971,237493.58,51147.94,21.5366,0.032784,84.75491,22.414861,724
CUSTOMER_2236,1392,237453.83,66261.02,27.9048,0.032778,84.787689,22.44582,725
CUSTOMER_0953,1230,237422.95,48919.26,20.6043,0.032774,84.820463,22.47678,726
CUSTOMER_2229,460,237387.73,52980.33,22.3181,0.032769,84.853232,22.50774,727
CUSTOMER_3019,900,236908.15,48778.58,20.5897,0.032703,84.885935,22.5387,728
CUSTOMER_0677,2464,236726.08,60642.75,25.6173,0.032678,84.918613,22.569659,729
CUSTOMER_1321,2468,235267.85,65950.58,28.0321,0.032477,84.951089,22.600619,730
CUSTOMER_2712,170,234742.67,30641.94,13.0534,0.032404,84.983494,22.631579,731
CUSTOMER_3097,70,234437.94,41084.2,17.5246,0.032362,85.015856,22.662539,732
CUSTOMER_2799,288,233802.07,28678.42,12.2661,0.032274,85.04813,22.693498,733
CUSTOMER_1865,800,233648.41,33556.7,14.362,0.032253,85.080383,22.724458,734
CUSTOMER_0087,1322,233095.94,52732.34,22.6226,0.032177,85.11256,22.755418,735
CUSTOMER_1738,1682,232273.71,47704.08,20.5379,0.032063,85.144623,22.786378,736
CUSTOMER_0161,489,230553.16,49005.38,21.2556,0.031826,85.176449,22.817337,737
CUSTOMER_2193,2034,230100.66,50290.7,21.856,0.031763,85.208212,22.848297,738
CUSTOMER_0894,1783,229646.5,57876.82,25.2026,0.031701,85.239912,22.879257,739
CUSTOMER_1045,2417,228908.92,64261.09,28.0728,0.031599,85.271511,22.910217,740
CUSTOMER_0288,1863,228336.99,57952.44,25.3802,0.03152,85.303031,22.941176,741
CUSTOMER_2109,875,228193.05,49465.09,21.6769,0.0315,85.334531,22.972136,742
CUSTOMER_2234,170,227077.0,39130.91,17.2324,0.031346,85.365877,23.003096,743
CUSTOMER_1333,1186,226031.01,54578.67,24.1465,0.031202,85.397078,23.034056,744
CUSTOMER_0637,1961,225269.32,52760.95,23.4213,0.031096,85.428175,23.065015,745
CUSTOMER_1075,1004,225247.77,46512.9,20.6497,0.031093,85.459268,23.095975,746
CUSTOMER_1820,2077,225186.95,53995.06,23.9779,0.031085,85.490353,23.126935,747
CUSTOMER_1523,2429,224956.99,58022.07,25.7925,0.031053,85.521406,23.157895,748
CUSTOMER_2771,847,224876.59,43586.55,19.3824,0.031042,85.552449,23.188854,749
CUSTOMER_1429,1554,224421.59,52301.31,23.3049,0.030979,85.583428,23.219814,750
CUSTOMER_2190,1700,224248.72,55105.93,24.5736,0.030955,85.614383,23.250774,751
CUSTOMER_0909,985,223538.74,67375.98,30.1406,0.030857,85.645241,23.281734,752
CUSTOMER_1604,2066,221415.59,56182.23,25.3741,0.030564,85.675805,23.312693,753
CUSTOMER_0632,472,220180.06,35422.14,16.0878,0.030394,85.706199,23.343653,754
CUSTOMER_2209,1651,219384.57,52357.84,23.8658,0.030284,85.736483,23.374613,755
CUSTOMER_2001,4142,218387.6,72901.93,33.3819,0.030146,85.76663,23.405573,756
CUSTOMER_3180,43,217977.51,36525.36,16.7565,0.03009,85.796719,23.436533,757
CUSTOMER_0421,1587,217763.24,49825.26,22.8805,0.03006,85.82678,23.467492,758
CUSTOMER_1562,1626,217524.88,50023.61,22.9967,0.030027,85.856807,23.498452,759
CUSTOMER_0314,152,217291.02,21865.65,10.0628,0.029995,85.886802,23.529412,760
CUSTOMER_1112,3334,216463.66,59818.59,27.6345,0.029881,85.916683,23.560372,761
CUSTOMER_1188,1471,216081.38,60537.28,28.016,0.029828,85.946511,23.591331,762
CUSTOMER_1766,1952,216051.86,49352.81,22.843,0.029824,85.976335,23.622291,763
CUSTOMER_0113,191,215152.98,43712.62,20.317,0.0297,86.006035,23.653251,764
CUSTOMER_0084,949,215044.79,53574.62,24.9132,0.029685,86.03572,23.684211,765
CUSTOMER_1540,2509,213730.46,64112.65,29.997,0.029504,86.065223,23.71517,766
CUSTOMER_0510,929,213598.6,43903.99,20.5544,0.029485,86.094709,23.74613,767
CUSTOMER_2235,880,212697.12,36612.82,17.2136,0.029361,86.124069,23.77709,768
CUSTOMER_1761,1903,212372.89,56325.06,26.5218,0.029316,86.153386,23.80805,769
CUSTOMER_3161,1750,210617.35,54757.14,25.9984,0.029074,86.182459,23.839009,770
CUSTOMER_1868,2369,210481.13,62620.2,29.751,0.029055,86.211514,23.869969,771
CUSTOMER_1347,813,210363.66,51173.37,24.3261,0.029039,86.240553,23.900929,772
CUSTOMER_0867,1724,208819.95,48569.87,23.2592,0.028826,86.269379,23.931889,773
CUSTOMER_1527,1547,208504.28,46469.24,22.2869,0.028782,86.298161,23.962848,774
CUSTOMER_1596,930,208019.04,42834.74,20.5917,0.028715,86.326876,23.993808,775
CUSTOMER_1576,1163,207498.58,49009.15,23.619,0.028643,86.355519,24.024768,776
CUSTOMER_2994,1660,207347.57,58321.86,28.1276,0.028622,86.384142,24.055728,777
CUSTOMER_2887,534,207305.21,43574.68,21.0196,0.028617,86.412758,24.086687,778
CUSTOMER_2407,1109,207091.57,42794.87,20.6647,0.028587,86.441345,24.117647,779
CUSTOMER_2847,1415,206755.18,48274.53,23.3486,0.028541,86.469886,24.148607,780
CUSTOMER_0364,1559,204676.16,45046.72,22.0088,0.028254,86.49814,24.179567,781
CUSTOMER_0286,1843,203852.72,47052.27,23.0815,0.02814,86.52628,24.210526,782
CUSTOMER_2218,2024,203786.74,47063.5,23.0945,0.028131,86.554411,24.241486,783
CUSTOMER_2824,286,203577.64,35664.6,17.5189,0.028102,86.582513,24.272446,784
CUSTOMER_0181,1739,203212.71,46599.06,22.9312,0.028052,86.610564,24.303406,785
CUSTOMER_2823,48,202757.48,37990.82,18.7371,0.027989,86.638553,24.334365,786
CUSTOMER_1210,612,201592.69,48740.76,24.1778,0.027828,86.666381,24.365325,787
CUSTOMER_1056,906,200956.85,55126.94,27.4322,0.02774,86.694121,24.396285,788
CUSTOMER_1805,1812,200769.18,54955.5,27.3725,0.027714,86.721836,24.427245,789
CUSTOMER_0089,1488,200211.38,44608.58,22.2807,0.027637,86.749473,24.458204,790
CUSTOMER_0685,1060,200051.82,74664.62,37.3226,0.027615,86.777088,24.489164,791
CUSTOMER_0741,117,199357.88,37569.89,18.8455,0.02752,86.804608,24.520124,792
CUSTOMER_1146,1180,199073.46,48807.15,24.5172,0.02748,86.832088,24.551084,793
CUSTOMER_2955,457,198980.73,48898.73,24.5746,0.027467,86.859556,24.582043,794
CUSTOMER_0357,698,198760.89,38040.0,19.1386,0.027437,86.886993,24.613003,795
CUSTOMER_0378,2620,198711.05,51738.5,26.0371,0.02743,86.914423,24.643963,796
CUSTOMER_0520,1289,197480.93,42440.79,21.4911,0.02726,86.941683,24.674923,797
CUSTOMER_0372,1060,197052.91,46411.59,23.5529,0.027201,86.968885,24.705882,798
CUSTOMER_0166,1607,196773.23,53973.54,27.4293,0.027163,86.996048,24.736842,799
CUSTOMER_1304,1882,196446.34,48767.97,24.8251,0.027118,87.023165,24.767802,800
CUSTOMER_3051,3453,196324.24,58968.68,30.0364,0.027101,87.050266,24.798762,801
CUSTOMER_0892,2409,196297.18,48798.77,24.8596,0.027097,87.077363,24.829721,802
CUSTOMER_3195,1241,195772.63,38458.9,19.6447,0.027025,87.104388,24.860681,803
CUSTOMER_1702,2900,194233.44,56374.05,29.0239,0.026812,87.1312,24.891641,804
CUSTOMER_0893,1691,194126.72,48282.06,24.8714,0.026797,87.157997,24.922601,805
CUSTOMER_0199,1733,194023.46,46434.97,23.9327,0.026783,87.18478,24.95356,806
CUSTOMER_0316,829,193512.99,33266.69,17.1909,0.026713,87.211493,24.98452,807
CUSTOMER_1971,1172,193405.65,45752.12,23.656,0.026698,87.238191,25.01548,808
CUSTOMER_2291,1099,193105.59,34645.49,17.9412,0.026656,87.264847,25.04644,809
CUSTOMER_2108,1523,192294.78,50799.61,26.4176,0.026545,87.291392,25.077399,810
CUSTOMER_0294,117,192207.11,26190.48,13.6262,0.026532,87.317924,25.108359,811
CUSTOMER_2071,937,192205.59,35452.76,18.4452,0.026532,87.344457,25.139319,812
CUSTOMER_0858,1943,191049.06,51393.09,26.9005,0.026373,87.370829,25.170279,813
CUSTOMER_0747,2636,190903.62,59996.2,31.4275,0.026352,87.397182,25.201238,814
CUSTOMER_1774,632,190725.33,36075.91,18.9151,0.026328,87.42351,25.232198,815
CUSTOMER_0518,1013,190278.39,44740.28,23.5131,0.026266,87.449776,25.263158,816
CUSTOMER_2956,1544,190217.57,56544.83,29.7264,0.026258,87.476033,25.294118,817
CUSTOMER_1900,960,190027.28,29360.16,15.4505,0.026232,87.502265,25.325077,818
CUSTOMER_0091,1235,189710.53,40685.82,21.4463,0.026188,87.528453,25.356037,819
CUSTOMER_2469,1238,188169.83,39354.54,20.9144,0.025975,87.554428,25.386997,820
CUSTOMER_1380,20,188095.36,124673.2,66.2819,0.025965,87.580393,25.417957,821
CUSTOMER_2429,917,187986.2,36321.88,19.3216,0.02595,87.606343,25.448916,822
CUSTOMER_0389,414,187894.68,58113.02,30.9285,0.025937,87.63228,25.479876,823
CUSTOMER_2777,615,187322.8,35626.16,19.0186,0.025858,87.658138,25.510836,824
CUSTOMER_1253,1743,187177.43,43926.49,23.4678,0.025838,87.683976,25.541796,825
CUSTOMER_2297,955,186854.4,39315.11,21.0405,0.025794,87.70977,25.572755,826
CUSTOMER_0616,1267,186275.49,43507.6,23.3566,0.025714,87.735483,25.603715,827
CUSTOMER_2124,428,185431.21,55878.03,30.1341,0.025597,87.76108,25.634675,828
CUSTOMER_2723,339,185184.8,32642.12,17.6268,0.025563,87.786643,25.665635,829
CUSTOMER_0960,204,184761.29,32354.6,17.5116,0.025505,87.812148,25.696594,830
CUSTOMER_1607,237,184458.57,32083.15,17.3931,0.025463,87.837611,25.727554,831
CUSTOMER_1222,128,183957.06,63113.39,34.3088,0.025394,87.863004,25.758514,832
CUSTOMER_3096,256,183137.01,24039.18,13.1263,0.02528,87.888285,25.789474,833
CUSTOMER_1614,1214,182350.99,38001.92,20.84,0.025172,87.913457,25.820433,834
CUSTOMER_2981,657,182115.2,35366.1,19.4196,0.025139,87.938596,25.851393,835
CUSTOMER_0696,365,179966.88,44299.22,24.6152,0.024843,87.963439,25.882353,836
CUSTOMER_2126,161,179764.25,31101.05,17.301,0.024815,87.988254,25.913313,837
CUSTOMER_0259,677,179600.55,43270.1,24.0924,0.024792,88.013046,25.944272,838
CUSTOMER_2107,1038,179226.09,44029.05,24.5662,0.024741,88.037786,25.975232,839
CUSTOMER_1597,1638,177018.55,44117.7,24.9226,0.024436,88.062222,26.006192,840
CUSTOMER_2571,244,176954.97,29914.45,16.9051,0.024427,88.086649,26.037152,841
CUSTOMER_0874,1426,175298.23,45467.26,25.9371,0.024198,88.110847,26.068111,842
CUSTOMER_1950,1780,175165.54,45326.18,25.8762,0.02418,88.135027,26.099071,843
CUSTOMER_2252,392,174710.29,33916.1,19.4128,0.024117,88.159145,26.130031,844
CUSTOMER_3151,1086,174177.98,45115.26,25.9018,0.024044,88.183188,26.160991,845
CUSTOMER_0469,1716,174028.39,48324.22,27.768,0.024023,88.207211,26.19195,846
CUSTOMER_3157,711,173942.87,31617.1,18.1767,0.024011,88.231222,26.22291,847
CUSTOMER_1475,246,173623.94,36286.27,20.8993,0.023967,88.25519,26.25387,848
CUSTOMER_2343,2402,172924.46,47890.16,27.6943,0.023871,88.27906,26.28483,849
CUSTOMER_0710,2576,172667.0,44852.79,25.9765,0.023835,88.302895,26.315789,850
CUSTOMER_0766,676,172643.09,29879.73,17.3072,0.023832,88.326727,26.346749,851
CUSTOMER_3120,362,172552.69,31055.93,17.9979,0.023819,88.350547,26.377709,852
CUSTOMER_0855,1057,171189.88,41420.28,24.1955,0.023631,88.374178,26.408669,853
CUSTOMER_0095,604,171045.17,36950.35,21.6027,0.023611,88.397789,26.439628,854
CUSTOMER_2242,1030,170773.79,40604.06,23.7765,0.023574,88.421363,26.470588,855
CUSTOMER_2402,1223,170539.62,39802.39,23.3391,0.023541,88.444904,26.501548,856
CUSTOMER_2688,664,170298.74,42597.08,25.0131,0.023508,88.468412,26.532508,857
CUSTOMER_1175,1194,170108.87,38363.98,22.5526,0.023482,88.491894,26.563467,858
CUSTOMER_2752,737,169866.16,38431.19,22.6244,0.023448,88.515343,26.594427,859
CUSTOMER_0885,819,169851.81,35056.43,20.6394,0.023446,88.538789,26.625387,860
CUSTOMER_1244,695,169586.01,28102.85,16.5714,0.02341,88.562199,26.656347,861
CUSTOMER_2204,825,169501.14,35749.61,21.0911,0.023398,88.585597,26.687307,862
CUSTOMER_1837,1318,169464.05,42007.83,24.7886,0.023393,88.60899,26.718266,863
CUSTOMER_1641,1989,168281.72,42885.34,25.4843,0.02323,88.63222,26.749226,864
CUSTOMER_0281,1575,167467.58,42996.0,25.6742,0.023117,88.655337,26.780186,865
CUSTOMER_1976,1172,167303.85,39025.65,23.3262,0.023095,88.678432,26.811146,866
CUSTOMER_2377,727,167240.28,29864.65,17.8573,0.023086,88.701518,26.842105,867
CUSTOMER_0561,1605,167177.65,45444.91,27.1836,0.023077,88.724595,26.873065,868
CUSTOMER_1892,625,166875.69,27631.74,16.5583,0.023036,88.747631,26.904025,869
CUSTOMER_1533,419,166558.17,31561.41,18.9492,0.022992,88.770623,26.934985,870
CUSTOMER_3040,1352,166262.4,37113.2,22.3221,0.022951,88.793574,26.965944,871
CUSTOMER_2774,440,166101.41,34463.64,20.7486,0.022929,88.816503,26.996904,872
CUSTOMER_1590,1511,165905.01,38737.21,23.349,0.022902,88.839404,27.027864,873
CUSTOMER_0276,1395,165874.68,41579.87,25.067,0.022897,88.862302,27.058824,874
CUSTOMER_0516,150,165858.17,43880.65,26.4567,0.022895,88.885197,27.089783,875
CUSTOMER_2504,524,165552.26,42594.14,25.7285,0.022853,88.90805,27.120743,876
CUSTOMER_2990,877,164497.16,49020.45,29.8002,0.022707,88.930757,27.151703,877
CUSTOMER_0282,649,163703.4,48201.89,29.4446,0.022598,88.953355,27.182663,878
CUSTOMER_3088,132,162790.23,36337.36,22.3216,0.022472,88.975827,27.213622,879
CUSTOMER_2387,1010,162624.62,37764.94,23.2222,0.022449,88.998275,27.244582,880
CUSTOMER_1735,448,162452.46,36208.3,22.2886,0.022425,89.020701,27.275542,881
CUSTOMER_1043,837,161644.53,45817.15,28.3444,0.022314,89.043014,27.306502,882
CUSTOMER_2395,1315,161453.3,34833.34,21.5749,0.022287,89.065301,27.337461,883
CUSTOMER_2666,185,161124.52,33566.95,20.8329,0.022242,89.087543,27.368421,884
CUSTOMER_0381,1684,161097.03,39693.49,24.6395,0.022238,89.109781,27.399381,885
CUSTOMER_1493,478,161028.98,45471.65,28.2382,0.022229,89.13201,27.430341,886
CUSTOMER_1927,1425,160430.33,33070.37,20.6135,0.022146,89.154155,27.4613,887
CUSTOMER_1712,1669,159789.64,38608.47,24.1621,0.022057,89.176213,27.49226,888
CUSTOMER_1135,1993,159501.43,42814.87,26.8429,0.022018,89.198231,27.52322,889
CUSTOMER_0624,1325,159484.11,39784.76,24.9459,0.022015,89.220246,27.55418,890
CUSTOMER_1066,2069,159470.81,45591.02,28.5889,0.022013,89.24226,27.585139,891
CUSTOMER_1902,868,159438.35,24968.57,15.6603,0.022009,89.264269,27.616099,892
CUSTOMER_3128,355,159125.83,35015.25,22.0048,0.021966,89.286234,27.647059,893
CUSTOMER_0889,2225,159005.82,43242.58,27.1956,0.021949,89.308184,27.678019,894
CUSTOMER_0691,1132,158823.88,38629.13,24.322,0.021924,89.330108,27.708978,895
CUSTOMER_0967,2350,158751.07,41550.94,26.1736,0.021914,89.352022,27.739938,896
CUSTOMER_0861,1395,158554.43,37624.66,23.7298,0.021887,89.373909,27.770898,897
CUSTOMER_1656,1027,157579.28,40804.41,25.8945,0.021752,89.395661,27.801858,898
CUSTOMER_0400,1890,157494.1,35726.01,22.684,0.021741,89.417402,27.832817,899
CUSTOMER_1494,969,157148.41,27371.99,17.4179,0.021693,89.439095,27.863777,900
CUSTOMER_1057,1280,157005.67,38373.47,24.4408,0.021673,89.460768,27.894737,901
CUSTOMER_0738,621,156634.73,33791.95,21.5737,0.021622,89.48239,27.925697,902
CUSTOMER_2130,161,156504.53,33689.19,21.526,0.021604,89.503994,27.956656,903
CUSTOMER_2711,158,156333.95,22619.81,14.4689,0.02158,89.525575,27.987616,904
CUSTOMER_0418,1498,156314.86,38114.02,24.3829,0.021578,89.547152,28.018576,905
CUSTOMER_1729,1408,155537.81,44566.2,28.653,0.021471,89.568623,28.049536,906
CUSTOMER_2219,36,155397.72,18915.29,12.1722,0.021451,89.590074,28.080495,907
CUSTOMER_1858,803,155230.48,36109.97,23.2622,0.021428,89.611502,28.111455,908
CUSTOMER_1885,1381,154902.88,42556.23,27.4728,0.021383,89.632885,28.142415,909
CUSTOMER_0705,286,154302.41,29197.14,18.922,0.0213,89.654185,28.173375,910
CUSTOMER_2468,188,153817.59,47758.93,31.0491,0.021233,89.675418,28.204334,911
CUSTOMER_2262,2725,153578.24,44747.88,29.1369,0.0212,89.696618,28.235294,912
CUSTOMER_2464,75,152914.06,47319.43,30.9451,0.021108,89.717727,28.266254,913
CUSTOMER_2411,828,152676.53,33017.03,21.6255,0.021076,89.738802,28.297214,914
CUSTOMER_1543,1004,152557.51,35486.8,23.2613,0.021059,89.759862,28.328173,915
CUSTOMER_0837,775,152313.85,32592.77,21.3984,0.021026,89.780887,28.359133,916
CUSTOMER_1908,1436,152110.94,36001.38,23.6678,0.020998,89.801885,28.390093,917
CUSTOMER_2448,1466,152094.64,37349.65,24.5568,0.020995,89.82288,28.421053,918
CUSTOMER_0322,324,151681.0,39518.27,26.0535,0.020938,89.843818,28.452012,919
CUSTOMER_1129,1195,151475.99,40107.43,26.4777,0.02091,89.864728,28.482972,920
CUSTOMER_1298,12,151113.6,21264.68,14.072,0.02086,89.885588,28.513932,921
CUSTOMER_2397,723,150864.62,33124.11,21.9562,0.020825,89.906413,28.544892,922
CUSTOMER_0404,902,150857.57,28285.05,18.7495,0.020825,89.927238,28.575851,923
CUSTOMER_0474,1520,150573.36,42662.99,28.3337,0.020785,89.948023,28.606811,924
CUSTOMER_2753,1117,150506.45,35675.71,23.7038,0.020776,89.968799,28.637771,925
CUSTOMER_3028,835,150451.78,31920.19,21.2162,0.020768,89.989568,28.668731,926
CUSTOMER_0499,1700,150274.68,42128.59,28.0344,0.020744,90.010312,28.69969,927
CUSTOMER_1759,704,149825.79,35113.33,23.4361,0.020682,90.030994,28.73065,928
CUSTOMER_0802,1304,149533.92,29076.65,19.4448,0.020642,90.051636,28.76161,929
CUSTOMER_2249,807,149132.14,30995.44,20.7839,0.020586,90.072222,28.79257,930
CUSTOMER_3073,1952,149099.9,39681.52,26.614,0.020582,90.092804,28.823529,931
CUSTOMER_0426,945,148979.77,29342.07,19.6953,0.020565,90.113369,28.854489,932
CUSTOMER_1463,1858,148832.18,43658.38,29.334,0.020545,90.133914,28.885449,933
CUSTOMER_3078,1765,148792.37,37628.21,25.2891,0.020539,90.154453,28.916409,934
CUSTOMER_2361,1097,148587.89,35601.33,23.9598,0.020511,90.174965,28.947368,935
CUSTOMER_0723,757,148541.77,33843.75,22.784,0.020505,90.195469,28.978328,936
CUSTOMER_0620,1307,148496.55,28289.53,19.0506,0.020499,90.215968,29.009288,937
CUSTOMER_1134,636,148346.67,33177.21,22.3646,0.020478,90.236446,29.040248,938
CUSTOMER_1606,112,148335.27,34586.14,23.3162,0.020476,90.256922,29.071207,939
CUSTOMER_1153,1049,148203.81,32979.06,22.2525,0.020458,90.27738,29.102167,940
CUSTOMER_2045,2112,147800.61,37891.68,25.637,0.020403,90.297783,29.133127,941
CUSTOMER_0686,47,147269.1,22517.32,15.2899,0.020329,90.318112,29.164087,942
CUSTOMER_1790,1837,147268.38,35710.93,24.2489,0.020329,90.338441,29.195046,943
CUSTOMER_1359,752,147180.36,38381.82,26.0781,0.020317,90.358758,29.226006,944
CUSTOMER_2294,1016,146543.82,30635.24,20.9052,0.020229,90.378987,29.256966,945
CUSTOMER_3116,300,146268.42,39154.52,26.769,0.020191,90.399178,29.287926,946
CUSTOMER_0631,1866,145445.71,42044.05,28.907,0.020077,90.419255,29.318885,947
CUSTOMER_0913,1459,145380.27,35943.73,24.7239,0.020068,90.439324,29.349845,948
CUSTOMER_1029,628,145337.41,31513.21,21.6828,0.020062,90.459386,29.380805,949
CUSTOMER_1569,966,145242.16,35326.34,24.3224,0.020049,90.479436,29.411765,950
CUSTOMER_1133,821,145085.62,42403.42,29.2265,0.020028,90.499464,29.442724,951
CUSTOMER_2444,84,144961.5,35362.59,24.3945,0.020011,90.519474,29.473684,952
CUSTOMER_3076,1951,144830.17,37354.88,25.7922,0.019992,90.539467,29.504644,953
CUSTOMER_0388,1233,144355.25,36958.96,25.6028,0.019927,90.559394,29.535604,954
CUSTOMER_0526,870,144018.54,31189.57,21.6566,0.01988,90.579274,29.566563,955
CUSTOMER_2755,569,142988.38,30011.13,20.9885,0.019738,90.599012,29.597523,956
CUSTOMER_1479,1609,142503.71,41367.82,29.0293,0.019671,90.618684,29.628483,957
CUSTOMER_2401,831,141490.38,28864.41,20.4003,0.019531,90.638215,29.659443,958
CUSTOMER_0703,804,141483.57,41738.27,29.5004,0.019531,90.657745,29.690402,959
CUSTOMER_1072,363,141299.14,33000.03,23.3547,0.019505,90.677251,29.721362,960
CUSTOMER_0443,542,141291.08,33358.27,23.6096,0.019504,90.696754,29.752322,961
CUSTOMER_0428,1771,141167.97,39830.33,28.2148,0.019487,90.716241,29.783282,962
CUSTOMER_2579,616,140896.3,40413.17,28.6829,0.019449,90.735691,29.814241,963
CUSTOMER_3060,1474,140282.53,34850.82,24.8433,0.019365,90.755056,29.845201,964
CUSTOMER_2351,327,140282.31,38182.27,27.2182,0.019365,90.77442,29.876161,965
CUSTOMER_2170,954,139742.6,42537.75,30.4401,0.01929,90.79371,29.907121,966
CUSTOMER_1504,790,139681.58,24598.67,17.6105,0.019282,90.812992,29.93808,967
CUSTOMER_0775,1110,139407.33,40113.43,28.7743,0.019244,90.832236,29.96904,968
CUSTOMER_1851,403,139045.48,32829.31,23.6105,0.019194,90.85143,30.0,969
CUSTOMER_1898,689,139001.58,23094.61,16.6146,0.019188,90.870618,30.03096,970
CUSTOMER_1240,1223,138995.62,36025.61,25.9185,0.019187,90.889805,30.06192,971
CUSTOMER_2875,573,138801.44,32434.51,23.3676,0.01916,90.908965,30.092879,972
CUSTOMER_3045,1550,138732.56,37731.49,27.1973,0.019151,90.928116,30.123839,973
CUSTOMER_1767,671,138649.93,26949.52,19.4371,0.019139,90.947255,30.154799,974
CUSTOMER_0142,1664,138428.39,41063.23,29.6639,0.019109,90.966364,30.185759,975
CUSTOMER_1953,1150,137904.21,34096.65,24.7249,0.019036,90.985401,30.216718,976
CUSTOMER_0843,334,137445.0,32071.36,23.334,0.018973,91.004374,30.247678,977
CUSTOMER_2000,2323,137440.63,41124.96,29.922,0.018972,91.023346,30.278638,978
CUSTOMER_2123,89,137324.3,41437.78,30.1751,0.018956,91.042302,30.309598,979
CUSTOMER_1489,1044,136873.48,26743.01,19.5385,0.018894,91.061197,30.340557,980
CUSTOMER_2212,1523,136547.12,30362.08,22.2356,0.018849,91.080046,30.371517,981
CUSTOMER_0862,1588,136174.51,36081.42,26.4965,0.018798,91.098843,30.402477,982
CUSTOMER_1464,916,135976.91,45860.9,33.727,0.01877,91.117614,30.433437,983
CUSTOMER_2904,353,135851.58,26525.19,19.5251,0.018753,91.136367,30.464396,984
CUSTOMER_2424,626,135571.96,28887.42,21.3078,0.018714,91.155081,30.495356,985
CUSTOMER_0813,640,135447.9,35870.88,26.4832,0.018697,91.173779,30.526316,986
CUSTOMER_1392,1095,135409.49,31597.6,23.3349,0.018692,91.192471,30.557276,987
CUSTOMER_1448,776,134516.95,29997.5,22.3002,0.018569,91.211039,30.588235,988
CUSTOMER_0110,1143,134322.06,35338.12,26.3085,0.018542,91.229581,30.619195,989
CUSTOMER_2950,99,134041.23,35240.0,26.2904,0.018503,91.248084,30.650155,990
CUSTOMER_2063,1534,133903.02,41703.82,31.1448,0.018484,91.266569,30.681115,991
CUSTOMER_0622,724,133824.97,38387.92,28.6852,0.018473,91.285042,30.712074,992
CUSTOMER_2850,365,132837.56,24382.34,18.355,0.018337,91.303379,30.743034,993
CUSTOMER_1280,36,132206.41,29530.67,22.3368,0.01825,91.321629,30.773994,994
CUSTOMER_1932,1308,132056.58,29469.53,22.3158,0.018229,91.339858,30.804954,995
CUSTOMER_0247,859,131235.75,32440.2,24.719,0.018116,91.357974,30.835913,996
CUSTOMER_1751,1072,131070.17,33589.41,25.627,0.018093,91.376067,30.866873,997
CUSTOMER_2261,1177,130581.56,28538.73,21.8551,0.018026,91.394092,30.897833,998
CUSTOMER_1542,1511,130290.12,32381.61,24.8535,0.017985,91.412078,30.928793,999
CUSTOMER_2251,1083,130122.25,35050.1,26.9363,0.017962,91.43004,30.959752,1000
CUSTOMER_2171,107,130010.6,19081.98,14.6773,0.017947,91.447987,30.990712,1001
CUSTOMER_2554,224,129960.9,20439.68,15.7276,0.01794,91.465927,31.021672,1002
CUSTOMER_1899,732,129719.28,21110.57,16.274,0.017907,91.483833,31.052632,1003
CUSTOMER_2710,1078,129640.82,30724.85,23.7,0.017896,91.501729,31.083591,1004
CUSTOMER_2324,1358,129427.9,29490.13,22.785,0.017866,91.519595,31.114551,1005
CUSTOMER_1846,859,128994.71,32086.33,24.8741,0.017807,91.537402,31.145511,1006
CUSTOMER_0871,834,128865.19,34547.8,26.8093,0.017789,91.555191,31.176471,1007
CUSTOMER_2695,470,128509.02,35432.86,27.5723,0.017739,91.57293,31.20743,1008
CUSTOMER_2587,134,128124.03,20943.43,16.3462,0.017686,91.590616,31.23839,1009
CUSTOMER_2214,1402,128079.5,28062.02,21.9098,0.01768,91.608297,31.26935,1010
CUSTOMER_1863,61,127605.35,25232.21,19.7736,0.017615,91.625911,31.30031,1011
CUSTOMER_2165,1388,127495.42,38581.83,30.2613,0.0176,91.643511,31.331269,1012
CUSTOMER_0427,1220,127305.54,30854.23,24.2364,0.017573,91.661084,31.362229,1013
CUSTOMER_1351,911,127121.3,31845.43,25.0512,0.017548,91.678632,31.393189,1014
CUSTOMER_3052,253,127040.56,27149.24,21.3705,0.017537,91.696169,31.424149,1015
CUSTOMER_0219,313,126984.87,30858.04,24.3006,0.017529,91.713698,31.455108,1016
CUSTOMER_2301,389,126656.88,18628.79,14.7081,0.017484,91.731182,31.486068,1017
CUSTOMER_1020,911,126543.02,27328.01,21.5958,0.017468,91.74865,31.517028,1018
CUSTOMER_1798,745,126372.61,21780.98,17.2355,0.017445,91.766095,31.547988,1019
CUSTOMER_2359,1260,126222.53,30751.43,24.3629,0.017424,91.783518,31.578947,1020
CUSTOMER_0804,1188,126122.88,27028.26,21.4301,0.01741,91.800929,31.609907,1021
CUSTOMER_1472,971,126107.13,37062.78,29.3899,0.017408,91.818336,31.640867,1022
CUSTOMER_0560,992,126026.09,27917.68,22.1523,0.017397,91.835733,31.671827,1023
CUSTOMER_1206,850,125946.01,28932.77,22.9724,0.017386,91.853119,31.702786,1024
CUSTOMER_1520,692,125888.09,22716.51,18.045,0.017378,91.870497,31.733746,1025
CUSTOMER_1818,1278,125847.72,30265.97,24.0497,0.017372,91.887869,31.764706,1026
CUSTOMER_1226,484,125689.48,23193.85,18.4533,0.01735,91.905219,31.795666,1027
CUSTOMER_1800,1106,125645.18,25652.3,20.4165,0.017344,91.922563,31.826625,1028
CUSTOMER_2420,551,125591.19,27596.78,21.9735,0.017337,91.9399,31.857585,1029
CUSTOMER_1574,600,124823.85,28621.86,22.9298,0.017231,91.957131,31.888545,1030
CUSTOMER_2997,1262,124680.49,36469.69,29.2505,0.017211,91.974342,31.919505,1031
CUSTOMER_1872,631,124044.1,18967.1,15.2906,0.017123,91.991465,31.950464,1032
CUSTOMER_2525,340,123964.96,25372.53,20.4675,0.017112,92.008577,31.981424,1033
CUSTOMER_0952,1235,123903.53,25329.76,20.4431,0.017104,92.025681,32.012384,1034
CUSTOMER_3148,886,123540.43,22433.77,18.1591,0.017054,92.042734,32.043344,1035
CUSTOMER_0449,549,123390.64,30006.98,24.3187,0.017033,92.059767,32.074303,1036
CUSTOMER_2475,1115,123348.65,31961.6,25.9116,0.017027,92.076795,32.105263,1037
CUSTOMER_0970,877,123143.94,26217.04,21.2898,0.016999,92.093793,32.136223,1038
CUSTOMER_2335,1397,122939.47,27403.74,22.2904,0.016971,92.110764,32.167183,1039
CUSTOMER_3176,198,122822.67,25410.91,20.6891,0.016955,92.127719,32.198142,1040
CUSTOMER_2984,602,122708.82,34438.32,28.0651,0.016939,92.144657,32.229102,1041
CUSTOMER_0104,395,122354.14,28675.66,23.4366,0.01689,92.161547,32.260062,1042
CUSTOMER_0806,1207,122301.41,25237.41,20.6354,0.016883,92.17843,32.291022,1043
CUSTOMER_1833,393,122062.13,29021.57,23.7761,0.01685,92.19528,32.321981,1044
CUSTOMER_2104,1666,122054.71,32567.36,26.6826,0.016849,92.212128,32.352941,1045
CUSTOMER_2321,1413,121603.84,29278.26,24.0768,0.016786,92.228914,32.383901,1046
CUSTOMER_0165,1455,121510.87,33609.17,27.6594,0.016773,92.245688,32.414861,1047
CUSTOMER_1335,789,120916.81,29480.31,24.3807,0.016691,92.262379,32.44582,1048
CUSTOMER_3027,730,120502.45,24338.51,20.1975,0.016634,92.279014,32.47678,1049
CUSTOMER_1894,653,120325.78,19352.33,16.0833,0.01661,92.295623,32.50774,1050
CUSTOMER_1995,409,119698.98,32192.56,26.8946,0.016523,92.312147,32.5387,1051
CUSTOMER_2604,682,119432.29,25911.86,21.6959,0.016487,92.328633,32.569659,1052
CUSTOMER_0419,1592,119238.3,30537.93,25.6108,0.01646,92.345093,32.600619,1053
CUSTOMER_1681,956,118884.71,30026.04,25.2564,0.016411,92.361504,32.631579,1054
CUSTOMER_3031,677,118404.05,23230.53,19.6197,0.016345,92.377849,32.662539,1055
CUSTOMER_1220,754,118122.8,31289.81,26.4892,0.016306,92.394154,32.693498,1056
CUSTOMER_1980,759,118121.13,29888.42,25.3032,0.016306,92.41046,32.724458,1057
CUSTOMER_1194,1238,117920.25,34976.39,29.6611,0.016278,92.426738,32.755418,1058
CUSTOMER_0796,1230,117892.69,25213.67,21.387,0.016274,92.443012,32.786378,1059
CUSTOMER_0101,416,117263.64,26555.05,22.6456,0.016187,92.459199,32.817337,1060
CUSTOMER_0182,1380,117145.55,29917.78,25.539,0.016171,92.47537,32.848297,1061
CUSTOMER_3139,49,116673.79,18171.69,15.5748,0.016106,92.491475,32.879257,1062
CUSTOMER_2032,26,116388.95,25984.34,22.3254,0.016066,92.507542,32.910217,1063
CUSTOMER_2060,199,116362.03,25313.67,21.7542,0.016063,92.523605,32.941176,1064
CUSTOMER_1126,645,116245.5,16641.46,14.3158,0.016047,92.539651,32.972136,1065
CUSTOMER_0886,5,116208.62,21587.94,18.5769,0.016042,92.555693,33.003096,1066
CUSTOMER_3163,10,115889.65,19145.49,16.5205,0.015998,92.57169,33.034056,1067
CUSTOMER_2076,916,115383.71,31281.15,27.1105,0.015928,92.587618,33.065015,1068
CUSTOMER_3108,1512,115345.4,34181.95,29.6344,0.015922,92.60354,33.095975,1069
CUSTOMER_0879,1082,115173.82,32361.8,28.0982,0.015899,92.619439,33.126935,1070
CUSTOMER_2415,806,114857.74,26558.7,23.1231,0.015855,92.635294,33.157895,1071
CUSTOMER_0284,463,114687.04,27819.62,24.257,0.015831,92.651126,33.188854,1072
CUSTOMER_1640,481,114586.58,27018.58,23.5792,0.015818,92.666943,33.219814,1073
CUSTOMER_2974,684,114466.58,25873.29,22.6034,0.015801,92.682744,33.250774,1074
CUSTOMER_1916,1265,113820.34,28254.12,24.8234,0.015712,92.698456,33.281734,1075
CUSTOMER_0841,1037,113135.27,29972.69,26.4928,0.015617,92.714073,33.312693,1076
CUSTOMER_2168,292,113009.55,32016.91,28.3312,0.0156,92.729673,33.343653,1077
CUSTOMER_0231,779,112880.74,27450.29,24.318,0.015582,92.745256,33.374613,1078
CUSTOMER_0595,618,112694.47,23927.82,21.2325,0.015556,92.760812,33.405573,1079
CUSTOMER_2330,319,112591.18,20981.21,18.6349,0.015542,92.776354,33.436533,1080
CUSTOMER_0157,188,112562.72,22242.6,19.7602,0.015538,92.791892,33.467492,1081
CUSTOMER_0116,665,112194.47,27917.87,24.8835,0.015487,92.80738,33.498452,1082
CUSTOMER_2707,585,112122.03,28854.91,25.7353,0.015477,92.822857,33.529412,1083
CUSTOMER_1231,21,112073.55,15515.96,13.8444,0.015471,92.838328,33.560372,1084
CUSTOMER_1655,1409,112038.02,29566.47,26.3897,0.015466,92.853794,33.591331,1085
CUSTOMER_2054,607,111990.71,27413.01,24.4779,0.015459,92.869253,33.622291,1086
CUSTOMER_0328,712,111892.13,29853.9,26.681,0.015446,92.884699,33.653251,1087
CUSTOMER_2043,1127,111720.12,33186.7,29.7052,0.015422,92.900121,33.684211,1088
CUSTOMER_1116,851,111260.94,28576.47,25.6842,0.015359,92.915479,33.71517,1089
CUSTOMER_1041,928,111063.43,32141.14,28.9394,0.015331,92.930811,33.74613,1090
CUSTOMER_1559,196,110952.5,30035.4,27.0705,0.015316,92.946126,33.77709,1091
CUSTOMER_0263,26,110916.09,42893.34,38.6719,0.015311,92.961437,33.80805,1092
CUSTOMER_0578,1124,110720.47,32986.03,29.7922,0.015284,92.976721,33.839009,1093
CUSTOMER_0320,680,110211.5,26063.49,23.6486,0.015214,92.991935,33.869969,1094
CUSTOMER_1625,643,110178.5,20839.36,18.9142,0.015209,93.007144,33.900929,1095
CUSTOMER_2747,1297,110056.52,31234.39,28.3803,0.015192,93.022337,33.931889,1096
CUSTOMER_0697,254,109838.27,22807.37,20.7645,0.015162,93.037499,33.962848,1097
CUSTOMER_1877,600,109399.16,16867.73,15.4185,0.015102,93.0526,33.993808,1098
CUSTOMER_0246,1007,109332.83,27015.55,24.7095,0.015092,93.067693,34.024768,1099
CUSTOMER_2230,252,109173.3,26992.7,24.7246,0.01507,93.082763,34.055728,1100
CUSTOMER_1952,205,109171.05,18955.27,17.3629,0.01507,93.097833,34.086687,1101
CUSTOMER_2565,225,109034.0,19278.91,17.6816,0.015051,93.112884,34.117647,1102
CUSTOMER_3109,94,108948.45,15354.6,14.0935,0.015039,93.127924,34.148607,1103
CUSTOMER_0887,1983,108792.45,30022.57,27.5962,0.015018,93.142941,34.179567,1104
CUSTOMER_2051,918,108695.97,20946.22,19.2705,0.015004,93.157946,34.210526,1105
CUSTOMER_0237,890,108690.65,27363.21,25.1753,0.015004,93.17295,34.241486,1106
CUSTOMER_2087,84,108125.59,16384.81,15.1535,0.014926,93.187875,34.272446,1107
CUSTOMER_1884,538,107943.19,17221.22,15.954,0.014901,93.202776,34.303406,1108
CUSTOMER_1454,711,107935.48,24149.68,22.3742,0.0149,93.217675,34.334365,1109
CUSTOMER_1316,1046,107780.78,27593.87,25.6018,0.014878,93.232554,34.365325,1110
CUSTOMER_1727,987,107649.35,28585.29,26.5541,0.01486,93.247414,34.396285,1111
CUSTOMER_2128,335,107610.25,22675.19,21.0716,0.014855,93.262268,34.427245,1112
CUSTOMER_2082,325,107188.46,26930.33,25.1243,0.014796,93.277065,34.458204,1113
CUSTOMER_2829,441,107034.53,26776.43,25.0166,0.014775,93.29184,34.489164,1114
CUSTOMER_0570,849,107027.33,26917.33,25.15,0.014774,93.306614,34.520124,1115
CUSTOMER_3087,604,106984.55,28128.09,26.2917,0.014768,93.321382,34.551084,1116
CUSTOMER_1936,937,106886.61,21795.87,20.3916,0.014755,93.336137,34.582043,1117
CUSTOMER_3035,820,106829.7,22529.22,21.0889,0.014747,93.350884,34.613003,1118
CUSTOMER_0807,1117,106513.58,22097.95,20.7466,0.014703,93.365587,34.643963,1119
CUSTOMER_2027,729,106149.84,23655.44,22.285,0.014653,93.38024,34.674923,1120
CUSTOMER_2086,434,106088.22,24991.22,23.557,0.014645,93.394884,34.705882,1121
CUSTOMER_0001,369,106068.89,21285.87,20.068,0.014642,93.409526,34.736842,1122
CUSTOMER_0745,795,105933.36,29924.87,28.2488,0.014623,93.424149,34.767802,1123
CUSTOMER_0303,442,105914.52,26303.62,24.8348,0.014621,93.43877,34.798762,1124
CUSTOMER_0336,920,105912.92,27169.31,25.6525,0.01462,93.45339,34.829721,1125
CUSTOMER_0547,1297,105868.12,28095.09,26.5378,0.014614,93.468004,34.860681,1126
CUSTOMER_0114,740,105855.94,26322.14,24.866,0.014612,93.482617,34.891641,1127
CUSTOMER_2564,100,105436.82,17968.33,17.0418,0.014555,93.497171,34.922601,1128
CUSTOMER_0580,696,105412.83,22046.79,20.9147,0.014551,93.511723,34.95356,1129
CUSTOMER_1993,582,105404.01,18313.85,17.3749,0.01455,93.526273,34.98452,1130
CUSTOMER_0222,872,105345.43,22011.02,20.8941,0.014542,93.540815,35.01548,1131
CUSTOMER_2929,536,105204.61,24116.36,22.9233,0.014523,93.555337,35.04644,1132
CUSTOMER_2421,535,104382.49,23200.2,22.2261,0.014409,93.569746,35.077399,1133
CUSTOMER_1016,142,104319.37,26045.35,24.9669,0.0144,93.584147,35.108359,1134
CUSTOMER_1922,1023,104288.16,21793.98,20.8978,0.014396,93.598543,35.139319,1135
CUSTOMER_2805,1295,104060.06,29001.27,27.8697,0.014365,93.612907,35.170279,1136
CUSTOMER_0716,556,103725.91,25947.88,25.0158,0.014318,93.627226,35.201238,1137
CUSTOMER_0195,739,103701.03,25590.89,24.6776,0.014315,93.641541,35.232198,1138
CUSTOMER_2542,909,103259.63,24802.81,24.0199,0.014254,93.655795,35.263158,1139
CUSTOMER_1856,350,103163.52,22719.53,22.0228,0.014241,93.670035,35.294118,1140
CUSTOMER_0549,915,103068.02,26779.06,25.9819,0.014228,93.684263,35.325077,1141
CUSTOMER_2125,87,103052.91,19616.94,19.0358,0.014226,93.698488,35.356037,1142
CUSTOMER_1881,632,102590.43,16216.95,15.8075,0.014162,93.71265,35.386997,1143
CUSTOMER_3079,1230,102205.54,25344.26,24.7973,0.014109,93.726759,35.417957,1144
CUSTOMER_1334,750,101813.97,25682.58,25.225,0.014054,93.740813,35.448916,1145
CUSTOMER_0772,808,101703.56,22759.24,22.378,0.014039,93.754852,35.479876,1146
CUSTOMER_1366,906,101673.31,25936.16,25.5093,0.014035,93.768887,35.510836,1147
CUSTOMER_1895,605,101654.55,17123.57,16.8449,0.014032,93.78292,35.541796,1148
CUSTOMER_1118,279,101496.93,21987.39,21.6631,0.014011,93.796931,35.572755,1149
CUSTOMER_2792,353,101269.54,21004.79,20.7415,0.013979,93.81091,35.603715,1150
CUSTOMER_2049,1334,101072.85,22065.09,21.8309,0.013952,93.824862,35.634675,1151
CUSTOMER_3126,24,100841.9,16829.25,16.6887,0.01392,93.838782,35.665635,1152
CUSTOMER_0798,1073,100545.76,20903.09,20.7896,0.013879,93.852662,35.696594,1153
CUSTOMER_0801,897,100512.72,21577.01,21.4669,0.013875,93.866537,35.727554,1154
CUSTOMER_3114,121,100426.83,16120.54,16.052,0.013863,93.8804,35.758514,1155
CUSTOMER_3077,1232,99939.37,22946.67,22.9606,0.013796,93.894195,35.789474,1156
CUSTOMER_0343,898,99936.36,25315.89,25.332,0.013795,93.907991,35.820433,1157
CUSTOMER_2447,1249,99825.62,27354.83,27.4026,0.01378,93.921771,35.851393,1158
CUSTOMER_3119,688,99807.03,23991.41,24.0378,0.013777,93.935548,35.882353,1159
CUSTOMER_2195,1070,99756.02,26756.49,26.8219,0.01377,93.949319,35.913313,1160
CUSTOMER_0692,931,99397.65,26838.34,27.001,0.013721,93.96304,35.944272,1161
CUSTOMER_2138,214,99138.82,26976.08,27.2104,0.013685,93.976725,35.975232,1162
CUSTOMER_0883,884,99104.69,27822.33,28.0737,0.01368,93.990405,36.006192,1163
CUSTOMER_2872,620,99090.87,23383.26,23.5978,0.013679,94.004084,36.037152,1164
CUSTOMER_1358,1092,98660.62,23561.15,23.881,0.013619,94.017703,36.068111,1165
CUSTOMER_1249,545,98591.93,29448.02,29.8686,0.01361,94.031313,36.099071,1166
CUSTOMER_0808,982,98505.13,19664.8,19.9632,0.013598,94.044911,36.130031,1167
CUSTOMER_2686,675,98335.63,24031.26,24.438,0.013574,94.058485,36.160991,1168
CUSTOMER_1874,445,98218.59,14921.55,15.1922,0.013558,94.072043,36.19195,1169
CUSTOMER_2141,126,98105.82,26915.93,27.4356,0.013543,94.085586,36.22291,1170
CUSTOMER_2205,706,98015.18,21133.82,21.5618,0.01353,94.099116,36.25387,1171
CUSTOMER_2983,712,97802.01,24006.02,24.5455,0.013501,94.112616,36.28483,1172
CUSTOMER_1176,725,97396.99,22766.81,23.3753,0.013445,94.126061,36.315789,1173
CUSTOMER_3153,1160,97115.48,29164.54,30.0308,0.013406,94.139467,36.346749,1174
CUSTOMER_1992,250,96975.23,22177.16,22.8689,0.013387,94.152854,36.377709,1175
CUSTOMER_0455,838,96893.84,21809.9,22.5091,0.013375,94.166229,36.408669,1176
CUSTOMER_1521,193,96562.03,18987.85,19.6639,0.01333,94.179558,36.439628,1177
CUSTOMER_2651,310,96332.88,21832.42,22.6635,0.013298,94.192856,36.470588,1178
CUSTOMER_2701,155,96232.77,19793.24,20.5681,0.013284,94.20614,36.501548,1179
CUSTOMER_0736,924,96142.57,21538.82,22.403,0.013272,94.219412,36.532508,1180
CUSTOMER_3140,155,96124.92,17838.87,18.558,0.013269,94.232681,36.563467,1181
CUSTOMER_2241,415,96105.09,17162.42,17.858,0.013266,94.245948,36.594427,1182
CUSTOMER_0699,1121,96003.96,28612.33,29.8033,0.013252,94.2592,36.625387,1183
CUSTOMER_1796,570,95906.93,21415.81,22.3298,0.013239,94.272439,36.656347,1184
CUSTOMER_1213,106,95891.83,41227.5,42.9938,0.013237,94.285676,36.687307,1185
CUSTOMER_1224,1089,95884.9,24938.53,26.0088,0.013236,94.298912,36.718266,1186
CUSTOMER_2521,425,95431.43,18525.54,19.4124,0.013173,94.312086,36.749226,1187
CUSTOMER_2713,265,95125.36,20426.11,21.4728,0.013131,94.325217,36.780186,1188
CUSTOMER_2258,986,94978.64,27807.32,29.2774,0.013111,94.338328,36.811146,1189
CUSTOMER_1875,589,94927.43,15856.16,16.7035,0.013104,94.351432,36.842105,1190
CUSTOMER_1643,313,94856.9,16862.39,17.7767,0.013094,94.364526,36.873065,1191
CUSTOMER_1882,557,94837.75,15736.54,16.5931,0.013091,94.377617,36.904025,1192
CUSTOMER_1897,434,94373.57,14597.61,15.4679,0.013027,94.390645,36.934985,1193
CUSTOMER_0081,733,94177.62,20807.91,22.0943,0.013,94.403645,36.965944,1194
CUSTOMER_2257,548,93759.64,25019.06,26.6843,0.012943,94.416588,36.996904,1195
CUSTOMER_2854,527,93565.65,19116.95,20.4316,0.012916,94.429503,37.027864,1196
CUSTOMER_2551,127,93306.78,13749.31,14.7356,0.01288,94.442384,37.058824,1197
CUSTOMER_2886,288,93193.78,19628.56,21.0621,0.012865,94.455248,37.089783,1198
CUSTOMER_2715,793,93049.09,27153.09,29.1815,0.012845,94.468093,37.120743,1199
CUSTOMER_1725,480,92603.1,20126.65,21.7343,0.012783,94.480876,37.151703,1200
CUSTOMER_1143,223,92526.78,20781.71,22.4602,0.012772,94.493648,37.182663,1201
CUSTOMER_1686,669,92490.7,23140.07,25.0188,0.012767,94.506416,37.213622,1202
CUSTOMER_0557,800,91960.12,19672.56,21.3925,0.012694,94.51911,37.244582,1203
CUSTOMER_1142,195,91839.03,21509.6,23.421,0.012678,94.531787,37.275542,1204
CUSTOMER_0368,1278,91622.27,25682.68,28.031,0.012648,94.544435,37.306502,1205
CUSTOMER_0354,675,91391.1,20817.74,22.7787,0.012616,94.557051,37.337461,1206
CUSTOMER_0409,751,91310.22,21223.2,23.243,0.012605,94.569655,37.368421,1207
CUSTOMER_2769,126,91233.56,5896.54,6.4631,0.012594,94.582249,37.399381,1208
CUSTOMER_1552,836,91146.84,23870.47,26.189,0.012582,94.594831,37.430341,1209
CUSTOMER_0869,908,90885.49,20861.27,22.9534,0.012546,94.607377,37.4613,1210
CUSTOMER_1762,955,90698.1,22814.64,25.1545,0.01252,94.619897,37.49226,1211
CUSTOMER_1791,710,90682.91,23569.2,25.9908,0.012518,94.632415,37.52322,1212
CUSTOMER_2174,576,90526.53,22617.17,24.984,0.012496,94.644912,37.55418,1213
CUSTOMER_0755,205,90005.45,18239.76,20.2652,0.012424,94.657336,37.585139,1214
CUSTOMER_2775,220,89821.38,18988.27,21.14,0.012399,94.669735,37.616099,1215
CUSTOMER_2144,442,89738.89,21001.96,23.4034,0.012388,94.682123,37.647059,1216
CUSTOMER_3149,76,89699.51,17765.6,19.8057,0.012382,94.694505,37.678019,1217
CUSTOMER_2553,187,89192.15,13903.34,15.5881,0.012312,94.706817,37.708978,1218
CUSTOMER_0767,503,89142.58,28591.28,32.0736,0.012305,94.719122,37.739938,1219
CUSTOMER_1038,912,89112.63,22681.63,25.4528,0.012301,94.731423,37.770898,1220
CUSTOMER_1975,414,89094.67,23184.81,26.0227,0.012299,94.743722,37.801858,1221
CUSTOMER_0227,347,89087.11,22117.28,24.8266,0.012298,94.75602,37.832817,1222
CUSTOMER_1878,488,89073.37,15490.83,17.3911,0.012296,94.768316,37.863777,1223
CUSTOMER_2960,481,89025.5,26291.38,29.5324,0.012289,94.780605,37.894737,1224
CUSTOMER_0299,782,89006.83,20646.37,23.1964,0.012287,94.792891,37.925697,1225
CUSTOMER_1903,505,88999.58,13728.09,15.4249,0.012286,94.805177,37.956656,1226
CUSTOMER_0346,901,88850.49,30246.92,34.0425,0.012265,94.817442,37.987616,1227
CUSTOMER_1959,72,88848.34,15598.91,17.5568,0.012265,94.829707,38.018576,1228
CUSTOMER_3032,514,88712.51,17053.91,19.2238,0.012246,94.841953,38.049536,1229
CUSTOMER_0664,628,88659.16,16460.34,18.5659,0.012239,94.854191,38.080495,1230
CUSTOMER_0447,388,88606.84,21619.55,24.3994,0.012231,94.866422,38.111455,1231
CUSTOMER_0223,747,88567.37,21801.61,24.6159,0.012226,94.878648,38.142415,1232
CUSTOMER_1637,153,88187.88,18600.13,21.0915,0.012174,94.890822,38.173375,1233
CUSTOMER_0711,474,88173.75,14818.1,16.8056,0.012172,94.902994,38.204334,1234
CUSTOMER_1470,591,88147.23,19707.49,22.3575,0.012168,94.915161,38.235294,1235
CUSTOMER_1742,623,88017.3,20176.28,22.9231,0.01215,94.927311,38.266254,1236
CUSTOMER_2584,86,87795.52,14725.61,16.7726,0.012119,94.939431,38.297214,1237
CUSTOMER_3099,106,87783.63,15711.4,17.8979,0.012118,94.951548,38.328173,1238
CUSTOMER_1455,728,87667.15,24144.8,27.5414,0.012102,94.96365,38.359133,1239
CUSTOMER_1377,516,87485.51,18152.4,20.749,0.012077,94.975727,38.390093,1240
CUSTOMER_2046,993,86700.61,22834.92,26.3377,0.011968,94.987695,38.421053,1241
CUSTOMER_2226,938,86495.71,22292.84,25.7734,0.01194,94.999635,38.452012,1242
CUSTOMER_1468,636,86489.09,27348.27,31.6205,0.011939,95.011574,38.482972,1243
CUSTOMER_2413,374,86289.42,19129.85,22.1694,0.011911,95.023485,38.513932,1244
CUSTOMER_2840,310,86181.76,18579.7,21.5587,0.011897,95.035382,38.544892,1245
CUSTOMER_1920,184,85894.15,19198.87,22.3518,0.011857,95.047239,38.575851,1246
CUSTOMER_1149,451,85753.47,13107.35,15.2849,0.011837,95.059076,38.606811,1247
CUSTOMER_1127,468,85539.44,12316.56,14.3987,0.011808,95.070884,38.637771,1248
CUSTOMER_1691,537,85494.55,19829.18,23.1935,0.011802,95.082686,38.668731,1249
CUSTOMER_1745,290,85236.69,12594.05,14.7754,0.011766,95.094452,38.69969,1250
CUSTOMER_2097,32,84651.85,23041.77,27.2195,0.011685,95.106138,38.73065,1251
CUSTOMER_2175,927,84581.95,22758.68,26.9073,0.011676,95.117813,38.76161,1252
CUSTOMER_1704,315,84209.48,20575.84,24.4341,0.011624,95.129438,38.79257,1253
CUSTOMER_2976,195,84146.8,16959.06,20.1541,0.011616,95.141053,38.823529,1254
CUSTOMER_1111,270,84066.06,18145.41,21.5847,0.011605,95.152658,38.854489,1255
CUSTOMER_0029,965,84019.2,24645.0,29.3326,0.011598,95.164256,38.885449,1256
CUSTOMER_2856,634,83797.03,20040.57,23.9156,0.011567,95.175823,38.916409,1257
CUSTOMER_1931,292,83683.67,18138.54,21.6751,0.011552,95.187375,38.947368,1258
CUSTOMER_1076,376,83593.75,19468.39,23.2893,0.011539,95.198915,38.978328,1259
CUSTOMER_1891,416,83344.24,12339.89,14.8059,0.011505,95.210419,39.009288,1260
CUSTOMER_2663,139,82935.09,17936.94,21.6277,0.011448,95.221868,39.040248,1261
CUSTOMER_1815,199,82528.49,17041.54,20.6493,0.011392,95.23326,39.071207,1262
CUSTOMER_0881,732,82336.96,24829.57,30.156,0.011366,95.244626,39.102167,1263
CUSTOMER_1901,455,82288.35,13146.83,15.9765,0.011359,95.255985,39.133127,1264
CUSTOMER_2068,151,82068.07,15067.36,18.3596,0.011329,95.267314,39.164087,1265
CUSTOMER_2327,1001,81798.0,25102.85,30.6888,0.011291,95.278605,39.195046,1266
CUSTOMER_0917,279,81775.82,19713.14,24.1063,0.011288,95.289894,39.226006,1267
CUSTOMER_0226,659,81286.47,20961.85,25.7876,0.011221,95.301115,39.256966,1268
CUSTOMER_1724,283,81261.13,21382.58,26.3134,0.011217,95.312332,39.287926,1269
CUSTOMER_2675,424,80943.07,17442.83,21.5495,0.011173,95.323505,39.318885,1270
CUSTOMER_0882,915,80524.56,24733.63,30.7156,0.011116,95.334621,39.349845,1271
CUSTOMER_1577,187,80521.53,18599.75,23.0991,0.011115,95.345736,39.380805,1272
CUSTOMER_1871,445,80436.82,13116.98,16.3072,0.011104,95.35684,39.411765,1273
CUSTOMER_2679,248,80424.85,16296.86,20.2635,0.011102,95.367942,39.442724,1274
CUSTOMER_0401,459,80356.4,17065.69,21.2375,0.011092,95.379034,39.473684,1275
CUSTOMER_2186,552,80189.63,22527.68,28.093,0.011069,95.390104,39.504644,1276
CUSTOMER_1336,559,80103.98,20147.56,25.1518,0.011058,95.401161,39.535604,1277
CUSTOMER_1410,421,79913.22,20463.89,25.6076,0.011031,95.412193,39.566563,1278
CUSTOMER_1379,1025,79647.14,24944.22,31.3184,0.010995,95.423187,39.597523,1279
CUSTOMER_1935,873,79585.77,16341.56,20.5333,0.010986,95.434173,39.628483,1280
CUSTOMER_2354,640,79571.74,17898.28,22.4933,0.010984,95.445158,39.659443,1281
CUSTOMER_2365,280,79496.71,13633.94,17.1503,0.010974,95.456131,39.690402,1282
CUSTOMER_1830,391,79455.85,15540.21,19.5583,0.010968,95.467099,39.721362,1283
CUSTOMER_0160,116,79368.07,18663.37,23.515,0.010956,95.478055,39.752322,1284
CUSTOMER_2913,146,79362.34,17401.45,21.9266,0.010955,95.489011,39.783282,1285
CUSTOMER_0335,888,79310.89,19862.25,25.0435,0.010948,95.499959,39.814241,1286
CUSTOMER_1123,389,79238.01,11650.12,14.7027,0.010938,95.510897,39.845201,1287
CUSTOMER_0740,529,79073.16,15558.16,19.6757,0.010915,95.521812,39.876161,1288
CUSTOMER_1787,475,78904.49,19503.38,24.7177,0.010892,95.532704,39.907121,1289
CUSTOMER_1937,720,78715.83,15072.67,19.1482,0.010866,95.54357,39.93808,1290
CUSTOMER_1187,625,78461.03,20991.9,26.7546,0.010831,95.554401,39.96904,1291
CUSTOMER_2440,311,77576.38,14002.28,18.0497,0.010709,95.56511,40.0,1292
CUSTOMER_2129,251,77471.77,15908.04,20.534,0.010694,95.575804,40.03096,1293
CUSTOMER_1839,259,77327.12,11997.92,15.5158,0.010674,95.586478,40.06192,1294
CUSTOMER_2681,513,77132.91,21512.99,27.8908,0.010647,95.597126,40.092879,1295
CUSTOMER_2034,866,76930.04,20391.98,26.5072,0.010619,95.607745,40.123839,1296
CUSTOMER_1684,655,76793.53,18776.21,24.4502,0.010601,95.618346,40.154799,1297
CUSTOMER_0230,233,76510.83,18255.15,23.8596,0.010562,95.628908,40.185759,1298
CUSTOMER_1817,692,76311.19,15910.47,20.8495,0.010534,95.639442,40.216718,1299
CUSTOMER_2903,249,76117.24,24274.22,31.8906,0.010507,95.649949,40.247678,1300
CUSTOMER_1832,146,75874.3,17935.49,23.6384,0.010474,95.660423,40.278638,1301
CUSTOMER_3023,479,75699.81,16027.06,21.1719,0.01045,95.670872,40.309598,1302
CUSTOMER_2820,121,75463.5,18129.13,24.0237,0.010417,95.681289,40.340557,1303
CUSTOMER_0975,345,75365.6,19872.27,26.3678,0.010404,95.691693,40.371517,1304
CUSTOMER_2028,89,75059.13,12584.88,16.7666,0.010361,95.702054,40.402477,1305
CUSTOMER_2852,158,74846.99,17099.32,22.8457,0.010332,95.712386,40.433437,1306
CUSTOMER_1689,385,74770.6,16051.44,21.4676,0.010321,95.722708,40.464396,1307
CUSTOMER_0799,772,74725.9,15024.17,20.1057,0.010315,95.733023,40.495356,1308
CUSTOMER_2760,195,74582.37,15563.56,20.8676,0.010295,95.743318,40.526316,1309
CUSTOMER_2708,66,74315.0,15449.34,20.789,0.010259,95.753577,40.557276,1310
CUSTOMER_0850,426,74312.89,15544.42,20.9175,0.010258,95.763835,40.588235,1311
CUSTOMER_0351,724,74079.54,19045.85,25.71,0.010226,95.774061,40.619195,1312
CUSTOMER_1969,323,74078.46,18669.67,25.2026,0.010226,95.784287,40.650155,1313
CUSTOMER_1101,835,73853.93,18511.48,25.065,0.010195,95.794482,40.681115,1314
CUSTOMER_2061,867,73794.69,23226.44,31.4744,0.010187,95.804668,40.712074,1315
CUSTOMER_1888,334,73756.37,11299.64,15.3202,0.010181,95.81485,40.743034,1316
CUSTOMER_2921,371,73713.63,15885.38,21.5501,0.010175,95.825025,40.773994,1317
CUSTOMER_2070,1107,73581.42,19780.07,26.8819,0.010157,95.835182,40.804954,1318
CUSTOMER_0486,378,73344.1,21091.81,28.7573,0.010124,95.845307,40.835913,1319
CUSTOMER_0559,15,73079.08,7879.85,10.7826,0.010088,95.855395,40.866873,1320
CUSTOMER_0627,735,72848.34,19263.33,26.4431,0.010056,95.865451,40.897833,1321
CUSTOMER_1773,284,72687.6,13085.67,18.0026,0.010034,95.875485,40.928793,1322
CUSTOMER_1904,458,72245.98,11735.56,16.2439,0.009973,95.885458,40.959752,1323
CUSTOMER_1186,1068,71994.84,19179.39,26.64,0.009938,95.895396,40.990712,1324
CUSTOMER_1829,835,71773.86,19536.36,27.2193,0.009908,95.905304,41.021672,1325
CUSTOMER_2667,83,71745.68,12606.26,17.5708,0.009904,95.915207,41.052632,1326
CUSTOMER_2194,1066,71609.63,16355.75,22.8402,0.009885,95.925092,41.083591,1327
CUSTOMER_0628,791,71183.13,20282.79,28.4938,0.009826,95.934919,41.114551,1328
CUSTOMER_2917,647,71037.06,18227.71,25.6594,0.009806,95.944725,41.145511,1329
CUSTOMER_0512,330,70843.91,13616.7,19.2207,0.009779,95.954504,41.176471,1330
CUSTOMER_0694,185,70813.32,16276.27,22.9848,0.009775,95.964279,41.20743,1331
CUSTOMER_1433,240,70767.6,11493.1,16.2406,0.009769,95.974048,41.23839,1332
CUSTOMER_1337,644,70678.73,17453.76,24.6945,0.009757,95.983805,41.26935,1333
CUSTOMER_1348,587,70635.62,17346.1,24.5572,0.009751,95.993555,41.30031,1334
CUSTOMER_0851,444,70609.4,13488.01,19.1023,0.009747,96.003302,41.331269,1335
CUSTOMER_0352,675,70606.46,17571.08,24.8859,0.009747,96.013049,41.362229,1336
CUSTOMER_0727,611,70359.3,19610.2,27.8715,0.009712,96.022761,41.393189,1337
CUSTOMER_2143,50,70300.8,19661.65,27.9679,0.009704,96.032466,41.424149,1338
CUSTOMER_1167,81,70186.96,18198.28,25.9283,0.009689,96.042154,41.455108,1339
CUSTOMER_2281,109,70034.53,20032.4,28.6036,0.009668,96.051822,41.486068,1340
CUSTOMER_1162,415,69892.58,16999.28,24.322,0.009648,96.06147,41.517028,1341
CUSTOMER_2545,120,69773.26,12709.19,18.215,0.009632,96.071101,41.547988,1342
CUSTOMER_2231,410,69763.55,11526.46,16.5222,0.00963,96.080732,41.578947,1343
CUSTOMER_0760,438,69760.12,18838.64,27.0049,0.00963,96.090361,41.609907,1344
CUSTOMER_0244,469,69673.89,13673.01,19.6243,0.009618,96.099979,41.640867,1345
CUSTOMER_2557,113,69487.81,10748.54,15.4682,0.009592,96.109571,41.671827,1346
CUSTOMER_1685,444,69390.32,17238.73,24.8431,0.009579,96.11915,41.702786,1347
CUSTOMER_1450,573,69303.4,18903.07,27.2758,0.009567,96.128717,41.733746,1348
CUSTOMER_1880,297,68904.6,10541.23,15.2983,0.009512,96.138228,41.764706,1349
CUSTOMER_2486,474,68813.9,16831.21,24.459,0.009499,96.147728,41.795666,1350
CUSTOMER_2090,392,68777.77,12354.63,17.9631,0.009494,96.157222,41.826625,1351
CUSTOMER_2376,427,68013.18,17758.44,26.1103,0.009389,96.16661,41.857585,1352
CUSTOMER_1887,385,67923.9,10756.78,15.8365,0.009376,96.175987,41.888545,1353
CUSTOMER_3183,133,67657.37,11932.82,17.6371,0.009339,96.185326,41.919505,1354
CUSTOMER_2942,241,67548.0,14486.74,21.4466,0.009324,96.19465,41.950464,1355
CUSTOMER_2220,439,67438.59,19175.08,28.4334,0.009309,96.20396,41.981424,1356
CUSTOMER_2149,961,67412.35,19303.05,28.6343,0.009306,96.213265,42.012384,1357
CUSTOMER_0679,924,67388.7,17592.27,26.1057,0.009302,96.222568,42.043344,1358
CUSTOMER_2167,231,67176.04,17835.85,26.5509,0.009273,96.231841,42.074303,1359
CUSTOMER_1168,969,66790.91,17187.79,25.7337,0.00922,96.241061,42.105263,1360
CUSTOMER_0186,742,66767.92,18841.55,28.2195,0.009217,96.250277,42.136223,1361
CUSTOMER_1963,119,66722.95,11978.93,17.9532,0.00921,96.259488,42.167183,1362
CUSTOMER_0800,691,66397.58,13881.64,20.9068,0.009166,96.268653,42.198142,1363
CUSTOMER_1339,526,66255.92,15603.5,23.5503,0.009146,96.277799,42.229102,1364
CUSTOMER_1989,146,66239.64,16020.73,24.186,0.009144,96.286943,42.260062,1365
CUSTOMER_0540,1,66224.28,6810.62,10.2842,0.009142,96.296085,42.291022,1366
CUSTOMER_1536,514,66155.97,13987.01,21.1425,0.009132,96.305217,42.321981,1367
CUSTOMER_1152,740,66018.24,18595.07,28.1666,0.009113,96.31433,42.352941,1368
CUSTOMER_2730,515,66007.57,15476.63,23.4467,0.009112,96.323442,42.383901,1369
CUSTOMER_0196,712,65475.5,18869.3,28.8189,0.009038,96.33248,42.414861,1370
CUSTOMER_0765,483,65362.71,14776.64,22.6071,0.009023,96.341503,42.44582,1371
CUSTOMER_2580,181,65242.52,14722.56,22.5659,0.009006,96.350509,42.47678,1372
CUSTOMER_0269,488,65222.16,18615.67,28.5419,0.009003,96.359513,42.50774,1373
CUSTOMER_0805,721,65191.63,13519.41,20.738,0.008999,96.368512,42.5387,1374
CUSTOMER_0600,1085,65083.41,17943.84,27.5705,0.008984,96.377496,42.569659,1375
CUSTOMER_1216,76,65072.49,10105.53,15.5296,0.008983,96.386478,42.600619,1376
CUSTOMER_1819,595,65044.51,13420.84,20.6333,0.008979,96.395457,42.631579,1377
CUSTOMER_1688,547,64739.95,14931.75,23.0642,0.008937,96.404394,42.662539,1378
CUSTOMER_0877,710,64590.37,18394.09,28.4781,0.008916,96.41331,42.693498,1379
CUSTOMER_0457,78,64582.14,12667.04,19.6138,0.008915,96.422225,42.724458,1380
CUSTOMER_0942,245,64501.95,14154.3,21.944,0.008904,96.431129,42.755418,1381
CUSTOMER_1855,11,64498.53,7404.93,11.4808,0.008903,96.440032,42.786378,1382
CUSTOMER_1983,1087,64150.0,15974.59,24.9019,0.008855,96.448888,42.817337,1383
CUSTOMER_0207,554,63905.18,17391.27,27.2142,0.008822,96.457709,42.848297,1384
CUSTOMER_1634,484,63713.89,20996.8,32.9548,0.008795,96.466504,42.879257,1385
CUSTOMER_1760,285,63546.24,16406.14,25.8176,0.008772,96.475276,42.910217,1386
CUSTOMER_2653,372,63440.41,18231.86,28.7386,0.008757,96.484034,42.941176,1387
CUSTOMER_1554,464,63437.69,16662.81,26.2664,0.008757,96.492791,42.972136,1388
CUSTOMER_2623,234,63110.65,13552.72,21.4745,0.008712,96.501503,43.003096,1389
CUSTOMER_2614,277,63066.45,13592.17,21.5521,0.008706,96.510208,43.034056,1390
CUSTOMER_1769,176,63012.18,15313.35,24.3022,0.008698,96.518907,43.065015,1391
CUSTOMER_1065,369,62752.19,13771.9,21.9465,0.008662,96.527569,43.095975,1392
CUSTOMER_1923,528,62303.99,13844.8,22.2214,0.0086,96.536169,43.126935,1393
CUSTOMER_0976,635,62199.94,14782.98,23.7669,0.008586,96.544756,43.157895,1394
CUSTOMER_3037,420,62170.78,11651.09,18.7405,0.008582,96.553338,43.188854,1395
CUSTOMER_2768,296,61905.61,12719.3,20.5463,0.008546,96.561883,43.219814,1396
CUSTOMER_2405,464,61846.5,15196.93,24.572,0.008537,96.570421,43.250774,1397
CUSTOMER_0456,477,61798.4,19761.93,31.9781,0.008531,96.578951,43.281734,1398
CUSTOMER_3229,156,61780.75,10457.22,16.9263,0.008528,96.587479,43.312693,1399
CUSTOMER_0680,465,61770.74,12465.36,20.18,0.008527,96.596006,43.343653,1400
CUSTOMER_1941,658,61753.44,10814.14,17.5118,0.008524,96.604531,43.374613,1401
CUSTOMER_1221,541,61230.81,16352.42,26.7062,0.008452,96.612983,43.405573,1402
CUSTOMER_2062,385,61185.77,12435.16,20.3236,0.008446,96.621429,43.436533,1403
CUSTOMER_0153,466,60928.61,12977.76,21.2999,0.008411,96.62984,43.467492,1404
CUSTOMER_1984,670,60481.88,18520.48,30.6215,0.008349,96.638189,43.498452,1405
CUSTOMER_1273,103,60471.89,10280.27,17.0001,0.008348,96.646537,43.529412,1406
CUSTOMER_0414,501,60235.25,15045.58,24.978,0.008315,96.654851,43.560372,1407
CUSTOMER_1873,351,60107.66,9645.11,16.0464,0.008297,96.663149,43.591331,1408
CUSTOMER_1340,562,59860.18,15480.85,25.8617,0.008263,96.671412,43.622291,1409
CUSTOMER_0315,234,59673.15,13837.63,23.189,0.008237,96.679649,43.653251,1410
CUSTOMER_2442,559,59641.42,13748.36,23.0517,0.008233,96.687882,43.684211,1411
CUSTOMER_1889,249,59551.71,9301.95,15.62,0.008221,96.696103,43.71517,1412
CUSTOMER_0482,388,59433.4,12938.33,21.7695,0.008204,96.704307,43.74613,1413
CUSTOMER_0348,586,59315.62,14843.06,25.0239,0.008188,96.712495,43.77709,1414
CUSTOMER_0291,508,59226.9,13163.54,22.2256,0.008176,96.720671,43.80805,1415
CUSTOMER_2692,28,58630.46,15328.99,26.1451,0.008093,96.728764,43.839009,1416
CUSTOMER_0744,317,58518.62,11808.0,20.1782,0.008078,96.736842,43.869969,1417
CUSTOMER_0587,331,58255.09,17206.99,29.5373,0.008042,96.744884,43.900929,1418
CUSTOMER_0301,640,57998.0,14326.45,24.7016,0.008006,96.75289,43.931889,1419
CUSTOMER_0734,214,57784.95,13567.26,23.4789,0.007977,96.760866,43.962848,1420
CUSTOMER_3042,163,57682.68,10613.53,18.3999,0.007963,96.768829,43.993808,1421
CUSTOMER_2217,409,57404.11,10498.46,18.2887,0.007924,96.776753,44.024768,1422
CUSTOMER_0422,730,57112.37,15110.28,26.4571,0.007884,96.784637,44.055728,1423
CUSTOMER_2889,125,56980.24,12315.24,21.6132,0.007866,96.792503,44.086687,1424
CUSTOMER_0338,568,56792.88,13908.69,24.4902,0.00784,96.800342,44.117647,1425
CUSTOMER_0201,327,56606.44,13173.65,23.2724,0.007814,96.808156,44.148607,1426
CUSTOMER_2549,108,56575.94,8160.43,14.4238,0.00781,96.815966,44.179567,1427
CUSTOMER_1248,734,56458.96,15712.09,27.8292,0.007794,96.82376,44.210526,1428
CUSTOMER_0174,97,56373.22,16098.71,28.5574,0.007782,96.831542,44.241486,1429
CUSTOMER_2702,297,56277.89,18220.27,32.3755,0.007769,96.83931,44.272446,1430
CUSTOMER_2211,167,56175.21,10459.34,18.6191,0.007754,96.847065,44.303406,1431
CUSTOMER_2641,315,55995.62,12906.58,23.0493,0.00773,96.854794,44.334365,1432
CUSTOMER_0191,405,55740.64,10340.12,18.5504,0.007694,96.862489,44.365325,1433
CUSTOMER_0693,70,55445.57,7325.89,13.2128,0.007654,96.870143,44.396285,1434
CUSTOMER_1683,510,55339.91,12355.12,22.3259,0.007639,96.877782,44.427245,1435
CUSTOMER_2616,19,55290.52,7972.34,14.419,0.007632,96.885414,44.458204,1436
CUSTOMER_1311,588,55136.01,14260.03,25.8634,0.007611,96.893025,44.489164,1437
CUSTOMER_0811,339,54942.27,11220.45,20.4223,0.007584,96.900609,44.520124,1438
CUSTOMER_0347,575,54908.73,13457.35,24.5086,0.00758,96.908189,44.551084,1439
CUSTOMER_2943,137,54829.42,8983.02,16.3836,0.007569,96.915758,44.582043,1440
CUSTOMER_1561,429,54806.95,13504.92,24.6409,0.007566,96.923323,44.613003,1441
CUSTOMER_1925,434,54767.23,10751.79,19.6318,0.00756,96.930883,44.643963,1442
CUSTOMER_1513,164,54593.08,9951.79,18.229,0.007536,96.93842,44.674923,1443
CUSTOMER_2683,13,54550.46,10140.73,18.5896,0.00753,96.94595,44.705882,1444
CUSTOMER_1690,448,54371.64,12474.38,22.9428,0.007506,96.953455,44.736842,1445
CUSTOMER_0603,585,54305.08,16748.5,30.8415,0.007496,96.960952,44.767802,1446
CUSTOMER_2670,340,54011.07,14711.91,27.2387,0.007456,96.968407,44.798762,1447
CUSTOMER_0344,505,53743.53,13178.15,24.5204,0.007419,96.975826,44.829721,1448
CUSTOMER_2927,293,53722.01,11879.41,22.1127,0.007416,96.983242,44.860681,1449
CUSTOMER_1411,290,53351.69,14172.35,26.564,0.007365,96.990607,44.891641,1450
CUSTOMER_0255,158,53085.61,13255.2,24.9695,0.007328,96.997935,44.922601,1451
CUSTOMER_0489,186,53063.15,9829.31,18.5238,0.007325,97.00526,44.95356,1452
CUSTOMER_2839,64,53041.72,7740.91,14.594,0.007322,97.012581,44.98452,1453
CUSTOMER_2506,199,52899.42,9151.59,17.3,0.007302,97.019884,45.01548,1454
CUSTOMER_2578,33,52818.42,6970.77,13.1976,0.007291,97.027175,45.04644,1455
CUSTOMER_2039,615,52795.27,14148.48,26.7988,0.007288,97.034463,45.077399,1456
CUSTOMER_1296,541,52510.49,12099.9,23.0428,0.007249,97.041711,45.108359,1457
CUSTOMER_0405,193,52441.67,9632.5,18.368,0.007239,97.04895,45.139319,1458
CUSTOMER_1723,654,52357.5,13859.25,26.4704,0.007227,97.056178,45.170279,1459
CUSTOMER_0290,449,52245.0,12123.06,23.2043,0.007212,97.06339,45.201238,1460
CUSTOMER_0211,761,52200.18,15296.81,29.3041,0.007206,97.070596,45.232198,1461
CUSTOMER_2558,114,52174.06,8081.03,15.4886,0.007202,97.077798,45.263158,1462
CUSTOMER_0777,112,52017.24,11097.88,21.335,0.007181,97.084978,45.294118,1463
CUSTOMER_2454,151,51967.71,10298.65,19.8174,0.007174,97.092152,45.325077,1464
CUSTOMER_1890,432,51683.1,13481.2,26.0843,0.007134,97.099286,45.356037,1465
CUSTOMER_2627,41,51650.51,9813.21,18.9992,0.00713,97.106416,45.386997,1466
CUSTOMER_2853,258,51170.6,12488.65,24.4059,0.007064,97.11348,45.417957,1467
CUSTOMER_1354,11,51111.35,14140.98,27.667,0.007055,97.120535,45.448916,1468
CUSTOMER_2568,187,50639.47,14535.15,28.7032,0.00699,97.127526,45.479876,1469
CUSTOMER_1165,163,50636.37,11650.75,23.0087,0.00699,97.134515,45.510836,1470
CUSTOMER_0756,34,50495.58,7372.01,14.5993,0.00697,97.141486,45.541796,1471
CUSTOMER_1343,476,50219.79,12353.15,24.5982,0.006932,97.148418,45.572755,1472
CUSTOMER_1675,394,50217.13,11362.88,22.6275,0.006932,97.15535,45.603715,1473
CUSTOMER_2380,651,50205.23,13998.02,27.8816,0.00693,97.162281,45.634675,1474
CUSTOMER_2342,300,49477.01,9127.95,18.4489,0.00683,97.169111,45.665635,1475
CUSTOMER_0214,645,49366.75,12644.81,25.614,0.006815,97.175925,45.696594,1476
CUSTOMER_2722,242,49269.34,12902.55,26.1878,0.006801,97.182726,45.727554,1477
CUSTOMER_2379,428,49214.18,12823.37,26.0563,0.006794,97.18952,45.758514,1478
CUSTOMER_1332,541,49120.4,13080.74,26.6299,0.006781,97.196301,45.789474,1479
CUSTOMER_1699,225,49081.89,8991.2,18.3188,0.006775,97.203076,45.820433,1480
CUSTOMER_3085,354,49046.87,12399.81,25.2816,0.00677,97.209846,45.851393,1481
CUSTOMER_2476,346,48958.62,12628.88,25.795,0.006758,97.216605,45.882353,1482
CUSTOMER_1682,428,48677.7,10584.5,21.744,0.00672,97.223324,45.913313,1483
CUSTOMER_1949,336,48611.64,9054.94,18.6271,0.00671,97.230034,45.944272,1484
CUSTOMER_2410,171,48585.35,9033.12,18.5923,0.006707,97.236741,45.975232,1485
CUSTOMER_2406,302,48531.15,10705.6,22.0592,0.006699,97.243441,46.006192,1486
CUSTOMER_1208,347,48215.59,12495.82,25.9166,0.006656,97.250096,46.037152,1487
CUSTOMER_1193,206,48122.66,11143.28,23.156,0.006643,97.256739,46.068111,1488
CUSTOMER_0818,742,47991.3,10863.14,22.6357,0.006625,97.263364,46.099071,1489
CUSTOMER_0695,179,47942.12,11419.16,23.8186,0.006618,97.269982,46.130031,1490
CUSTOMER_1341,424,47906.3,11699.3,24.4212,0.006613,97.276595,46.160991,1491
CUSTOMER_2969,505,47880.09,14561.54,30.4125,0.006609,97.283204,46.19195,1492
CUSTOMER_0589,585,47800.71,13492.06,28.2257,0.006598,97.289803,46.22291,1493
CUSTOMER_2643,391,47604.76,13596.94,28.5621,0.006571,97.296374,46.25387,1494
CUSTOMER_0509,598,47602.66,13002.12,27.3139,0.006571,97.302945,46.28483,1495
CUSTOMER_2674,100,47565.26,11028.17,23.1853,0.006566,97.309511,46.315789,1496
CUSTOMER_1150,100,47478.74,14225.45,29.9617,0.006554,97.316065,46.346749,1497
CUSTOMER_2155,398,47271.75,12060.67,25.5135,0.006525,97.322591,46.377709,1498
CUSTOMER_1687,102,47224.4,8061.06,17.0697,0.006519,97.32911,46.408669,1499
CUSTOMER_1037,303,47193.71,9335.1,19.7804,0.006515,97.335624,46.439628,1500
CUSTOMER_0880,430,47126.15,13477.06,28.5978,0.006505,97.34213,46.470588,1501
CUSTOMER_0752,414,47120.52,12031.15,25.5327,0.006505,97.348634,46.501548,1502
CUSTOMER_2412,238,47101.07,9996.66,21.2238,0.006502,97.355136,46.532508,1503
CUSTOMER_1061,552,47075.73,12829.28,27.2524,0.006498,97.361634,46.563467,1504
CUSTOMER_0350,468,47062.81,11594.89,24.637,0.006497,97.368131,46.594427,1505
CUSTOMER_0635,2,46890.27,5456.1,11.6359,0.006473,97.374604,46.625387,1506
CUSTOMER_1926,414,46582.68,8232.96,17.6739,0.00643,97.381034,46.656347,1507
CUSTOMER_0479,84,46548.08,7650.23,16.4351,0.006426,97.38746,46.687307,1508
CUSTOMER_2766,13,46547.11,5689.05,12.2221,0.006425,97.393885,46.718266,1509
CUSTOMER_2101,183,46506.36,12913.13,27.7664,0.00642,97.400305,46.749226,1510
CUSTOMER_1854,493,46483.85,13082.83,28.1449,0.006417,97.406721,46.780186,1511
CUSTOMER_3021,202,46171.54,7819.07,16.9348,0.006374,97.413095,46.811146,1512
CUSTOMER_0305,336,46135.04,15852.9,34.362,0.006369,97.419463,46.842105,1513
CUSTOMER_2417,225,46030.61,10883.63,23.6443,0.006354,97.425818,46.873065,1514
CUSTOMER_2501,9,45917.25,7486.08,16.3034,0.006338,97.432156,46.904025,1515
CUSTOMER_2116,360,45745.14,13651.09,29.8416,0.006315,97.438471,46.934985,1516
CUSTOMER_2999,304,45743.42,9246.81,20.2145,0.006314,97.444785,46.965944,1517
CUSTOMER_1070,266,45607.64,11680.15,25.6101,0.006296,97.451081,46.996904,1518
CUSTOMER_1473,560,45591.1,12270.26,26.9137,0.006293,97.457374,47.027864,1519
CUSTOMER_2430,10,45447.48,9873.93,21.726,0.006274,97.463648,47.058824,1520
CUSTOMER_2698,227,45439.41,10894.27,23.9754,0.006272,97.46992,47.089783,1521
CUSTOMER_0019,527,45392.6,15207.0,33.5011,0.006266,97.476186,47.120743,1522
CUSTOMER_0218,701,45357.6,14688.75,32.3843,0.006261,97.482448,47.151703,1523
CUSTOMER_2529,370,45337.25,11650.27,25.6969,0.006258,97.488706,47.182663,1524
CUSTOMER_0156,24,45334.48,9866.01,21.7627,0.006258,97.494964,47.213622,1525
CUSTOMER_0189,568,45152.62,13041.21,28.8825,0.006233,97.501197,47.244582,1526
CUSTOMER_1939,492,45040.8,8749.51,19.4257,0.006217,97.507414,47.275542,1527
CUSTOMER_2350,325,45040.14,10490.7,23.2919,0.006217,97.513632,47.306502,1528
CUSTOMER_2767,251,44930.95,9301.24,20.7012,0.006202,97.519834,47.337461,1529
CUSTOMER_1621,532,44658.38,13523.82,30.2828,0.006165,97.525999,47.368421,1530
CUSTOMER_0920,348,44610.1,12020.41,26.9455,0.006158,97.532157,47.399381,1531
CUSTOMER_1968,220,44524.7,6693.83,15.034,0.006146,97.538303,47.430341,1532
CUSTOMER_1291,529,44204.54,11159.69,25.2456,0.006102,97.544405,47.4613,1533
CUSTOMER_1605,31,44200.94,9789.8,22.1484,0.006102,97.550507,47.49226,1534
CUSTOMER_3080,143,44048.08,13365.82,30.3437,0.00608,97.556587,47.52322,1535
CUSTOMER_2915,265,43826.85,10571.38,24.1208,0.00605,97.562637,47.55418,1536
CUSTOMER_0926,262,43635.36,10587.96,24.2646,0.006023,97.56866,47.585139,1537
CUSTOMER_0809,510,43508.17,8081.77,18.5753,0.006006,97.574666,47.616099,1538
CUSTOMER_0702,470,43479.89,12017.0,27.6381,0.006002,97.580668,47.647059,1539
CUSTOMER_2426,15,43388.36,7858.93,18.113,0.005989,97.586658,47.678019,1540
CUSTOMER_0240,459,43186.33,10625.83,24.6046,0.005961,97.592619,47.708978,1541
CUSTOMER_0468,539,43181.34,7472.69,17.3054,0.005961,97.59858,47.739938,1542
CUSTOMER_0478,233,43160.09,9872.6,22.8744,0.005958,97.604538,47.770898,1543
CUSTOMER_2322,437,43155.4,10344.6,23.9706,0.005957,97.610495,47.801858,1544
CUSTOMER_0475,370,43142.84,13066.66,30.287,0.005955,97.61645,47.832817,1545
CUSTOMER_2202,533,43130.63,12446.94,28.8587,0.005954,97.622404,47.863777,1546
CUSTOMER_0810,400,43030.41,8592.16,19.9676,0.00594,97.628344,47.894737,1547
CUSTOMER_0575,117,42998.76,11554.53,26.8718,0.005936,97.63428,47.925697,1548
CUSTOMER_2133,120,42948.71,10038.09,23.3723,0.005929,97.640208,47.956656,1549
CUSTOMER_2512,261,42827.7,12438.46,29.043,0.005912,97.64612,47.987616,1550
CUSTOMER_0506,135,42789.71,8999.75,21.0325,0.005907,97.652027,48.018576,1551
CUSTOMER_1635,54,42773.84,11983.44,28.0158,0.005905,97.657932,48.049536,1552
CUSTOMER_2948,246,42745.55,11309.49,26.4577,0.005901,97.663832,48.080495,1553
CUSTOMER_2742,99,42663.54,13557.52,31.7778,0.005889,97.669722,48.111455,1554
CUSTOMER_2272,124,42556.14,5924.24,13.921,0.005874,97.675596,48.142415,1555
CUSTOMER_1369,49,42530.66,8307.39,19.5327,0.005871,97.681467,48.173375,1556
CUSTOMER_2323,234,42529.55,10440.27,24.5483,0.005871,97.687338,48.204334,1557
CUSTOMER_0972,560,42367.91,12911.71,30.4752,0.005849,97.693186,48.235294,1558
CUSTOMER_3030,391,42265.1,9062.96,21.4431,0.005834,97.699021,48.266254,1559
CUSTOMER_0683,8,42201.72,6879.59,16.3017,0.005826,97.704846,48.297214,1560
CUSTOMER_1182,713,42067.55,11800.35,28.051,0.005807,97.710653,48.328173,1561
CUSTOMER_3092,81,42057.04,10116.77,24.0549,0.005806,97.716459,48.359133,1562
CUSTOMER_2364,318,41809.5,9282.9,22.2029,0.005771,97.72223,48.390093,1563
CUSTOMER_3020,221,41787.42,9287.45,22.2255,0.005768,97.727999,48.421053,1564
CUSTOMER_3165,1,41683.2,7636.23,18.3197,0.005754,97.733753,48.452012,1565
CUSTOMER_3074,607,41609.97,9474.39,22.7695,0.005744,97.739497,48.482972,1566
CUSTOMER_0370,436,41604.5,11059.29,26.5819,0.005743,97.74524,48.513932,1567
CUSTOMER_3135,12,41580.46,5423.88,13.0443,0.00574,97.75098,48.544892,1568
CUSTOMER_1297,353,41479.48,9671.64,23.3167,0.005726,97.756705,48.575851,1569
CUSTOMER_0170,61,41410.08,8013.18,19.3508,0.005716,97.762422,48.606811,1570
CUSTOMER_2962,234,41272.2,12642.54,30.6321,0.005697,97.768119,48.637771,1571
CUSTOMER_1028,40,41211.58,6433.6,15.6111,0.005689,97.773808,48.668731,1572
CUSTOMER_0127,626,41141.44,13772.4,33.4757,0.005679,97.779487,48.69969,1573
CUSTOMER_0190,600,40877.48,11067.85,27.0757,0.005643,97.78513,48.73065,1574
CUSTOMER_2561,211,40707.4,10520.66,25.8446,0.005619,97.790749,48.76161,1575
CUSTOMER_0253,489,40682.34,12195.25,29.9768,0.005616,97.796365,48.79257,1576
CUSTOMER_3150,634,40545.72,9903.17,24.4247,0.005597,97.801962,48.823529,1577
CUSTOMER_3178,391,40532.44,10279.85,25.362,0.005595,97.807557,48.854489,1578
CUSTOMER_0863,410,40387.13,10911.32,27.0168,0.005575,97.813132,48.885449,1579
CUSTOMER_1237,347,40237.8,11197.44,27.8282,0.005554,97.818686,48.916409,1580
CUSTOMER_2445,170,40099.23,8739.39,21.7944,0.005535,97.824222,48.947368,1581
CUSTOMER_1342,346,40026.61,9736.24,24.3244,0.005525,97.829747,48.978328,1582
CUSTOMER_2783,291,39985.12,10226.35,25.5754,0.00552,97.835267,49.009288,1583
CUSTOMER_2624,71,39938.36,8580.13,21.4834,0.005513,97.84078,49.040248,1584
CUSTOMER_1456,272,39820.88,7920.94,19.8914,0.005497,97.846277,49.071207,1585
CUSTOMER_1768,198,39702.51,10483.18,26.4043,0.005481,97.851757,49.102167,1586
CUSTOMER_2649,69,39686.92,5230.75,13.18,0.005478,97.857236,49.133127,1587
CUSTOMER_0712,56,39644.67,11421.63,28.81,0.005473,97.862708,49.164087,1588
CUSTOMER_2503,248,39623.4,10591.35,26.73,0.00547,97.868178,49.195046,1589
CUSTOMER_3062,350,39615.53,1636.79,4.1317,0.005469,97.873647,49.226006,1590
CUSTOMER_2756,223,39321.3,6190.94,15.7445,0.005428,97.879074,49.256966,1591
CUSTOMER_1676,368,39210.55,13025.3,33.2189,0.005413,97.884487,49.287926,1592
CUSTOMER_2360,357,39126.56,11638.17,29.7449,0.005401,97.889888,49.318885,1593
CUSTOMER_1246,218,39101.06,10727.96,27.4365,0.005398,97.895286,49.349845,1594
CUSTOMER_1654,173,38996.56,8488.97,21.7685,0.005383,97.900669,49.380805,1595
CUSTOMER_1631,397,38988.56,12855.91,32.9735,0.005382,97.906051,49.411765,1596
CUSTOMER_2556,108,38951.66,5907.61,15.1665,0.005377,97.911428,49.442724,1597
CUSTOMER_0483,286,38855.81,13210.7,33.9993,0.005364,97.916791,49.473684,1598
CUSTOMER_0981,513,38849.41,10476.97,26.9682,0.005363,97.922154,49.504644,1599
CUSTOMER_1181,526,38704.58,10486.83,27.0945,0.005343,97.927497,49.535604,1600
CUSTOMER_3002,421,38618.48,9577.19,24.7995,0.005331,97.932828,49.566563,1601
CUSTOMER_1771,359,38568.59,10071.39,26.1129,0.005324,97.938152,49.597523,1602
CUSTOMER_2918,106,38546.67,8651.2,22.4434,0.005321,97.943473,49.628483,1603
CUSTOMER_2845,97,38542.03,10955.57,28.425,0.00532,97.948793,49.659443,1604
CUSTOMER_2154,362,38524.63,10124.02,26.2793,0.005318,97.954111,49.690402,1605
CUSTOMER_0274,188,38496.92,11011.4,28.6033,0.005314,97.959426,49.721362,1606
CUSTOMER_2215,440,38402.59,8427.06,21.944,0.005301,97.964727,49.752322,1607
CUSTOMER_1185,118,38386.15,12382.49,32.2577,0.005299,97.970026,49.783282,1608
CUSTOMER_2243,282,38289.65,11452.64,29.9105,0.005286,97.975311,49.814241,1609
CUSTOMER_0369,498,37722.34,10941.76,29.0061,0.005207,97.980518,49.845201,1610
CUSTOMER_0610,51,37686.49,10810.1,28.6843,0.005202,97.985721,49.876161,1611
CUSTOMER_2784,371,37671.4,9704.77,25.7616,0.0052,97.990921,49.907121,1612
CUSTOMER_3169,430,37647.05,11304.42,30.0274,0.005197,97.996118,49.93808,1613
CUSTOMER_1283,282,37626.41,7945.29,21.1163,0.005194,98.001312,49.96904,1614
CUSTOMER_1557,333,37570.36,9756.1,25.9675,0.005186,98.006498,50.0,1615
CUSTOMER_1159,412,37244.74,9959.64,26.7411,0.005141,98.011639,50.03096,1616
CUSTOMER_1338,371,37220.4,9441.15,25.3655,0.005138,98.016777,50.06192,1617
CUSTOMER_3061,299,37067.64,5904.09,15.9279,0.005117,98.021894,50.092879,1618
CUSTOMER_0472,235,36942.12,10636.7,28.7929,0.0051,98.026993,50.123839,1619
CUSTOMER_0764,363,36916.52,10679.73,28.9294,0.005096,98.032089,50.154799,1620
CUSTOMER_1019,615,36913.9,12812.06,34.708,0.005096,98.037185,50.185759,1621
CUSTOMER_2507,267,36911.05,10309.05,27.9295,0.005095,98.04228,50.216718,1622
CUSTOMER_1179,567,36889.96,10241.65,27.7627,0.005092,98.047373,50.247678,1623
CUSTOMER_0463,128,36835.16,8049.02,21.8515,0.005085,98.052457,50.278638,1624
CUSTOMER_3198,2456,36806.48,8749.86,23.7726,0.005081,98.057538,50.309598,1625
CUSTOMER_1928,362,36789.16,7011.15,19.0576,0.005078,98.062617,50.340557,1626
CUSTOMER_1373,413,36779.0,7703.68,20.9459,0.005077,98.067694,50.371517,1627
CUSTOMER_3069,356,36768.98,7115.79,19.3527,0.005076,98.072769,50.402477,1628
CUSTOMER_2002,622,36664.82,12357.29,33.7034,0.005061,98.07783,50.433437,1629
CUSTOMER_2033,518,36548.92,9844.01,26.9338,0.005045,98.082876,50.464396,1630
CUSTOMER_2206,318,36519.58,8268.93,22.6425,0.005041,98.087917,50.495356,1631
CUSTOMER_0721,88,36463.48,5449.13,14.9441,0.005033,98.09295,50.526316,1632
CUSTOMER_0120,360,36439.72,10057.73,27.601,0.00503,98.09798,50.557276,1633
CUSTOMER_1947,112,36313.67,8625.95,23.754,0.005013,98.102993,50.588235,1634
CUSTOMER_2720,81,35963.67,11425.04,31.7683,0.004964,98.107958,50.619195,1635
CUSTOMER_2425,186,35888.07,7403.94,20.6306,0.004954,98.112912,50.650155,1636
CUSTOMER_1432,474,35818.56,10190.43,28.4501,0.004944,98.117856,50.681115,1637
CUSTOMER_1628,280,35813.19,8467.4,23.6432,0.004944,98.1228,50.712074,1638
CUSTOMER_2662,434,35797.4,9296.32,25.9693,0.004942,98.127741,50.743034,1639
CUSTOMER_2200,633,35733.5,10594.93,29.6498,0.004933,98.132674,50.773994,1640
CUSTOMER_3000,313,35661.08,8985.2,25.1961,0.004923,98.137597,50.804954,1641
CUSTOMER_2632,440,35610.87,8610.37,24.179,0.004916,98.142512,50.835913,1642
CUSTOMER_1695,174,35550.08,8737.09,24.5768,0.004907,98.14742,50.866873,1643
CUSTOMER_2964,125,35387.65,6827.64,19.2939,0.004885,98.152305,50.897833,1644
CUSTOMER_1405,140,35348.53,10883.12,30.788,0.00488,98.157184,50.928793,1645
CUSTOMER_1739,203,35225.76,6600.6,18.738,0.004863,98.162047,50.959752,1646
CUSTOMER_0844,418,34914.98,8398.74,24.0548,0.00482,98.166867,50.990712,1647
CUSTOMER_2640,36,34816.69,5033.56,14.4573,0.004806,98.171673,51.021672,1648
CUSTOMER_2922,63,34772.84,4492.36,12.9192,0.0048,98.176473,51.052632,1649
CUSTOMER_0626,273,34747.39,8050.47,23.1686,0.004797,98.181269,51.083591,1650
CUSTOMER_2340,362,34723.37,8099.52,23.3258,0.004793,98.186063,51.114551,1651
CUSTOMER_0965,270,34702.1,10200.93,29.3957,0.00479,98.190853,51.145511,1652
CUSTOMER_1279,409,34646.94,9330.67,26.9307,0.004783,98.195636,51.176471,1653
CUSTOMER_0544,360,34541.28,10118.18,29.293,0.004768,98.200404,51.20743,1654
CUSTOMER_2367,200,34523.71,7353.47,21.2998,0.004766,98.205169,51.23839,1655
CUSTOMER_0950,98,34459.17,9873.6,28.653,0.004757,98.209926,51.26935,1656
CUSTOMER_1556,173,34338.15,7239.82,21.0839,0.00474,98.214666,51.30031,1657
CUSTOMER_2600,318,34334.82,9135.26,26.6064,0.00474,98.219406,51.331269,1658
CUSTOMER_1062,421,34309.7,9888.26,28.8206,0.004736,98.224142,51.362229,1659
CUSTOMER_2225,579,34232.76,9799.8,28.627,0.004726,98.228867,51.393189,1660
CUSTOMER_2855,34,34226.65,6506.34,19.0096,0.004725,98.233592,51.424149,1661
CUSTOMER_0217,539,34071.3,10045.63,29.4842,0.004703,98.238295,51.455108,1662
CUSTOMER_2559,112,34054.02,5102.77,14.9843,0.004701,98.242996,51.486068,1663
CUSTOMER_0133,499,33998.91,8663.09,25.4805,0.004693,98.247689,51.517028,1664
CUSTOMER_1876,180,33914.83,5249.15,15.4775,0.004682,98.252371,51.547988,1665
CUSTOMER_0386,373,33871.94,5490.48,16.2095,0.004676,98.257047,51.578947,1666
CUSTOMER_2860,331,33860.61,9845.62,29.0769,0.004674,98.261721,51.609907,1667
CUSTOMER_0039,1739,33845.91,8331.66,24.6164,0.004672,98.266393,51.640867,1668
CUSTOMER_1002,19,33794.99,8705.89,25.7609,0.004665,98.271058,51.671827,1669
CUSTOMER_1327,332,33439.48,8454.71,25.2836,0.004616,98.275674,51.702786,1670
CUSTOMER_1032,458,33431.74,7778.32,23.2663,0.004615,98.280289,51.733746,1671
CUSTOMER_1500,177,33094.26,10540.83,31.8509,0.004568,98.284857,51.764706,1672
CUSTOMER_2502,358,33036.68,8939.35,27.0589,0.00456,98.289418,51.795666,1673
CUSTOMER_3034,267,32953.92,5655.65,17.1623,0.004549,98.293967,51.826625,1674
CUSTOMER_2975,170,32917.97,6098.89,18.5275,0.004544,98.298511,51.857585,1675
CUSTOMER_0297,28,32894.59,8169.64,24.8358,0.004541,98.303052,51.888545,1676
CUSTOMER_0252,393,32870.5,7765.1,23.6233,0.004537,98.307589,51.919505,1677
CUSTOMER_2550,111,32702.26,5047.2,15.4338,0.004514,98.312103,51.950464,1678
CUSTOMER_0397,268,32631.85,9545.47,29.252,0.004505,98.316608,51.981424,1679
CUSTOMER_1598,197,32592.95,6188.05,18.9859,0.004499,98.321107,52.012384,1680
CUSTOMER_0984,259,32563.37,7204.55,22.1247,0.004495,98.325602,52.043344,1681
CUSTOMER_0470,375,32494.07,8410.09,25.8819,0.004486,98.330088,52.074303,1682
CUSTOMER_0473,68,32466.89,8768.14,27.0064,0.004482,98.334569,52.105263,1683
CUSTOMER_2776,51,32418.91,8468.95,26.1235,0.004475,98.339045,52.136223,1684
CUSTOMER_1329,348,32199.16,7089.43,22.0174,0.004445,98.343489,52.167183,1685
CUSTOMER_2484,83,32172.45,8592.38,26.7073,0.004441,98.34793,52.198142,1686
CUSTOMER_1671,245,32045.98,7650.43,23.8733,0.004424,98.352354,52.229102,1687
CUSTOMER_0776,55,32041.84,6332.56,19.7634,0.004423,98.356777,52.260062,1688
CUSTOMER_2102,420,31698.26,9546.04,30.1153,0.004376,98.361153,52.291022,1689
CUSTOMER_3026,148,31687.28,5545.29,17.5001,0.004374,98.365527,52.321981,1690
CUSTOMER_2319,414,31623.73,7938.76,25.1038,0.004365,98.369892,52.352941,1691
CUSTOMER_0579,113,31620.98,8459.36,26.7524,0.004365,98.374257,52.383901,1692
CUSTOMER_1736,66,31612.72,10786.27,34.12,0.004364,98.378621,52.414861,1693
CUSTOMER_2030,243,31554.59,7634.35,24.1941,0.004356,98.382977,52.44582,1694
CUSTOMER_0363,52,31500.24,6844.37,21.728,0.004348,98.387325,52.47678,1695
CUSTOMER_0779,119,31316.38,6807.08,21.7365,0.004323,98.391648,52.50774,1696
CUSTOMER_0576,377,31280.87,7339.73,23.464,0.004318,98.395966,52.5387,1697
CUSTOMER_1125,146,31235.81,4334.12,13.8755,0.004312,98.400278,52.569659,1698
CUSTOMER_2825,121,30799.79,5113.3,16.6017,0.004252,98.40453,52.600619,1699
CUSTOMER_0481,278,30649.09,7536.76,24.5905,0.004231,98.408761,52.631579,1700
CUSTOMER_2037,282,30507.23,8474.62,27.7791,0.004211,98.412972,52.662539,1701
CUSTOMER_1353,334,30113.54,8786.01,29.1763,0.004157,98.417129,52.693498,1702
CUSTOMER_2800,161,30097.27,6238.43,20.7276,0.004155,98.421283,52.724458,1703
CUSTOMER_2830,141,29893.9,6946.43,23.2369,0.004127,98.42541,52.755418,1704
CUSTOMER_1261,360,29760.64,9238.32,31.0421,0.004108,98.429518,52.786378,1705
CUSTOMER_1371,338,29740.33,7677.56,25.8153,0.004105,98.433624,52.817337,1706
CUSTOMER_2513,372,29725.34,3327.69,11.1948,0.004103,98.437727,52.848297,1707
CUSTOMER_3082,26,29400.63,6768.84,23.0228,0.004058,98.441785,52.879257,1708
CUSTOMER_2279,105,29224.22,4638.82,15.8732,0.004034,98.445819,52.910217,1709
CUSTOMER_3211,852,29101.37,5872.33,20.1789,0.004017,98.449837,52.941176,1710
CUSTOMER_3003,206,29083.46,6081.25,20.9096,0.004015,98.453851,52.972136,1711
CUSTOMER_0086,70,29043.58,5151.48,17.7371,0.004009,98.457861,53.003096,1712
CUSTOMER_1192,70,28923.82,11491.43,39.73,0.003993,98.461853,53.034056,1713
CUSTOMER_3072,515,28915.04,7211.66,24.9409,0.003991,98.465845,53.065015,1714
CUSTOMER_1951,148,28905.21,10759.11,37.222,0.00399,98.469835,53.095975,1715
CUSTOMER_0206,30,28711.26,7806.43,27.1894,0.003963,98.473798,53.126935,1716
CUSTOMER_2416,139,28699.02,5645.8,19.6725,0.003962,98.47776,53.157895,1717
CUSTOMER_0612,420,28682.48,8972.6,31.2825,0.003959,98.481719,53.188854,1718
CUSTOMER_2977,61,28667.77,8318.91,29.0183,0.003957,98.485676,53.219814,1719
CUSTOMER_1861,250,28559.22,7365.42,25.79,0.003942,98.489619,53.250774,1720
CUSTOMER_0454,169,28503.14,6386.25,22.4054,0.003935,98.493553,53.281734,1721
CUSTOMER_2538,241,28436.16,7407.7,26.0503,0.003925,98.497479,53.312693,1722
CUSTOMER_2610,154,28365.94,7916.83,27.9096,0.003916,98.501394,53.343653,1723
CUSTOMER_2064,215,28206.5,6948.44,24.6342,0.003894,98.505288,53.374613,1724
CUSTOMER_0633,349,28195.75,9189.18,32.5906,0.003892,98.50918,53.405573,1725
CUSTOMER_2930,205,28143.15,7058.0,25.0789,0.003885,98.513065,53.436533,1726
CUSTOMER_0876,195,28112.48,7113.55,25.3039,0.003881,98.516946,53.467492,1727
CUSTOMER_2735,32,27989.73,4580.89,16.3663,0.003864,98.520809,53.498452,1728
CUSTOMER_0903,118,27972.9,5979.61,21.3765,0.003861,98.524671,53.529412,1729
CUSTOMER_0792,274,27872.12,6801.81,24.4036,0.003847,98.528518,53.560372,1730
CUSTOMER_0816,437,27794.52,5752.72,20.6973,0.003837,98.532355,53.591331,1731
CUSTOMER_0396,315,27591.78,6939.29,25.1498,0.003809,98.536164,53.622291,1732
CUSTOMER_2779,107,27582.68,6837.63,24.7896,0.003808,98.539972,53.653251,1733
CUSTOMER_2724,50,27382.83,3947.89,14.4174,0.00378,98.543751,53.684211,1734
CUSTOMER_0583,240,27287.71,7334.43,26.8781,0.003767,98.547518,53.71517,1735
CUSTOMER_0010,883,27191.33,6710.57,24.6791,0.003754,98.551272,53.74613,1736
CUSTOMER_2966,48,27032.84,5024.48,18.5866,0.003732,98.555003,53.77709,1737
CUSTOMER_0728,305,26886.43,7826.69,29.1102,0.003711,98.558715,53.80805,1738
CUSTOMER_1589,168,26871.49,6402.9,23.8278,0.003709,98.562424,53.839009,1739
CUSTOMER_1483,34,26791.94,7799.92,29.1129,0.003698,98.566123,53.869969,1740
CUSTOMER_2232,348,26736.38,8371.64,31.3118,0.003691,98.569813,53.900929,1741
CUSTOMER_1124,168,26714.01,4042.55,15.1327,0.003688,98.573501,53.931889,1742
CUSTOMER_2029,158,26667.77,6500.26,24.375,0.003681,98.577182,53.962848,1743
CUSTOMER_0916,106,26596.83,7078.0,26.6122,0.003671,98.580854,53.993808,1744
CUSTOMER_0384,262,26537.66,6796.73,25.6116,0.003663,98.584517,54.024768,1745
CUSTOMER_1439,274,26515.46,6660.22,25.1182,0.00366,98.588177,54.055728,1746
CUSTOMER_1530,21,26490.73,6569.12,24.7978,0.003657,98.591834,54.086687,1747
CUSTOMER_1325,414,26409.88,7526.89,28.5003,0.003646,98.59548,54.117647,1748
CUSTOMER_0647,53,26293.56,7170.75,27.2719,0.00363,98.599109,54.148607,1749
CUSTOMER_2478,143,26277.0,6056.9,23.0502,0.003627,98.602736,54.179567,1750
CUSTOMER_2861,373,26260.19,7442.37,28.3409,0.003625,98.606361,54.210526,1751
CUSTOMER_2575,123,26220.98,5766.2,21.9908,0.00362,98.609981,54.241486,1752
CUSTOMER_0820,420,26150.88,5547.82,21.2147,0.00361,98.613591,54.272446,1753
CUSTOMER_1068,146,26104.5,6501.44,24.9054,0.003603,98.617194,54.303406,1754
CUSTOMER_0420,211,26045.27,5786.13,22.2157,0.003595,98.62079,54.334365,1755
CUSTOMER_2563,130,26029.07,5569.54,21.3974,0.003593,98.624383,54.365325,1756
CUSTOMER_1030,194,25910.26,6203.14,23.9409,0.003577,98.627959,54.396285,1757
CUSTOMER_2105,273,25858.15,7504.83,29.0231,0.003569,98.631529,54.427245,1758
CUSTOMER_0134,220,25839.81,7275.14,28.1548,0.003567,98.635096,54.458204,1759
CUSTOMER_2494,91,25707.16,9000.15,35.0103,0.003549,98.638644,54.489164,1760
CUSTOMER_0130,202,25591.53,7521.34,29.39,0.003533,98.642177,54.520124,1761
CUSTOMER_3008,166,25557.86,5150.03,20.1505,0.003528,98.645705,54.551084,1762
CUSTOMER_2213,204,25543.89,4246.73,16.6252,0.003526,98.649231,54.582043,1763
CUSTOMER_0148,87,25288.73,7563.03,29.9067,0.003491,98.652722,54.613003,1764
CUSTOMER_2389,39,25202.34,6816.77,27.0482,0.003479,98.656201,54.643963,1765
CUSTOMER_2207,10,25136.39,4371.56,17.3914,0.00347,98.659671,54.674923,1766
CUSTOMER_0183,256,25112.2,6825.55,27.1802,0.003467,98.663137,54.705882,1767
CUSTOMER_2147,209,24954.03,5670.0,22.7218,0.003445,98.666582,54.736842,1768
CUSTOMER_2400,195,24936.2,8125.83,32.5865,0.003442,98.670024,54.767802,1769
CUSTOMER_1777,342,24882.14,7152.09,28.7439,0.003435,98.673459,54.798762,1770
CUSTOMER_3015,411,24877.2,6762.18,27.1822,0.003434,98.676893,54.829721,1771
CUSTOMER_2819,148,24861.98,7012.46,28.2055,0.003432,98.680325,54.860681,1772
CUSTOMER_1919,220,24850.79,6124.8,24.6463,0.00343,98.683756,54.891641,1773
CUSTOMER_0006,110,24753.77,6472.54,26.1477,0.003417,98.687173,54.922601,1774
CUSTOMER_2466,168,24701.7,7668.78,31.0456,0.00341,98.690582,54.95356,1775
CUSTOMER_1042,193,24688.8,6670.81,27.0196,0.003408,98.693991,54.98452,1776
CUSTOMER_2371,166,24641.08,5713.79,23.1881,0.003401,98.697392,55.01548,1777
CUSTOMER_0988,332,24457.58,6315.47,25.8221,0.003376,98.700768,55.04644,1778
CUSTOMER_2891,1,24444.31,7092.9,29.0166,0.003374,98.704142,55.077399,1779
CUSTOMER_2159,30,24406.07,7433.63,30.4581,0.003369,98.707511,55.108359,1780
CUSTOMER_1652,86,24251.33,6369.83,26.2659,0.003348,98.710859,55.139319,1781
CUSTOMER_1692,69,24231.73,5576.68,23.014,0.003345,98.714204,55.170279,1782
CUSTOMER_3205,1444,24220.02,6320.71,26.0971,0.003343,98.717547,55.201238,1783
CUSTOMER_3075,565,24161.64,6599.67,27.3147,0.003335,98.720883,55.232198,1784
CUSTOMER_1460,175,24142.56,6473.02,26.8116,0.003333,98.724215,55.263158,1785
CUSTOMER_2544,148,24136.98,5687.73,23.5644,0.003332,98.727547,55.294118,1786
CUSTOMER_2483,185,24089.55,7149.2,29.6776,0.003325,98.730873,55.325077,1787
CUSTOMER_1330,212,24071.23,5909.26,24.5491,0.003323,98.734195,55.356037,1788
CUSTOMER_2035,139,24066.38,7308.64,30.3687,0.003322,98.737518,55.386997,1789
CUSTOMER_2382,9,24066.04,7229.97,30.0422,0.003322,98.74084,55.417957,1790
CUSTOMER_2636,152,23987.1,6911.73,28.8144,0.003311,98.744151,55.448916,1791
CUSTOMER_2428,149,23962.41,4676.74,19.517,0.003308,98.747459,55.479876,1792
CUSTOMER_2309,44,23894.53,7440.24,31.1379,0.003298,98.750757,55.510836,1793
CUSTOMER_2998,98,23771.35,5166.19,21.7329,0.003281,98.754039,55.541796,1794
CUSTOMER_0341,29,23754.3,6481.64,27.2862,0.003279,98.757318,55.572755,1795
CUSTOMER_2928,135,23632.03,5144.09,21.7674,0.003262,98.76058,55.603715,1796
CUSTOMER_1197,188,23578.85,5285.13,22.4147,0.003255,98.763835,55.634675,1797
CUSTOMER_0770,279,23493.68,6504.67,27.6869,0.003243,98.767078,55.665635,1798
CUSTOMER_2832,196,23471.99,7065.23,30.1007,0.00324,98.770318,55.696594,1799
CUSTOMER_0964,246,23425.66,5570.29,23.7786,0.003234,98.773552,55.727554,1800
CUSTOMER_2374,276,23386.08,6779.27,28.9885,0.003228,98.77678,55.758514,1801
CUSTOMER_1930,285,23369.82,5078.72,21.7319,0.003226,98.780006,55.789474,1802
CUSTOMER_0815,349,23302.23,4874.47,20.9185,0.003217,98.783222,55.820433,1803
CUSTOMER_1443,12,23138.4,3538.18,15.2914,0.003194,98.786416,55.851393,1804
CUSTOMER_0507,27,23083.89,7003.29,30.3384,0.003187,98.789603,55.882353,1805
CUSTOMER_2659,138,22971.27,5124.57,22.3086,0.003171,98.792774,55.913313,1806
CUSTOMER_2953,88,22962.52,6262.85,27.2742,0.00317,98.795944,55.944272,1807
CUSTOMER_2543,172,22946.99,6045.58,26.3459,0.003168,98.799111,55.975232,1808
CUSTOMER_1453,119,22928.45,4747.26,20.7047,0.003165,98.802276,56.006192,1809
CUSTOMER_2111,177,22683.34,4316.7,19.0303,0.003131,98.805408,56.037152,1810
CUSTOMER_1934,262,22668.3,7630.12,33.6599,0.003129,98.808537,56.068111,1811
CUSTOMER_1147,187,22494.0,7337.4,32.6194,0.003105,98.811642,56.099071,1812
CUSTOMER_2635,253,22419.41,6843.14,30.5233,0.003095,98.814737,56.130031,1813
CUSTOMER_2885,122,22323.72,5239.07,23.4686,0.003082,98.817818,56.160991,1814
CUSTOMER_0621,153,22271.49,6393.37,28.7065,0.003074,98.820893,56.19195,1815
CUSTOMER_0924,163,22223.7,5933.01,26.6968,0.003068,98.82396,56.22291,1816
CUSTOMER_2127,29,22156.8,5491.76,24.7859,0.003059,98.827019,56.25387,1817
CUSTOMER_1883,123,22126.73,5767.64,26.0664,0.003054,98.830073,56.28483,1818
CUSTOMER_2911,139,22054.17,6182.23,28.032,0.003044,98.833118,56.315789,1819
CUSTOMER_2517,231,22048.4,5557.77,25.2071,0.003044,98.836161,56.346749,1820
CUSTOMER_0836,341,22036.29,5659.74,25.6837,0.003042,98.839203,56.377709,1821
CUSTOMER_2059,419,21956.17,6730.13,30.6526,0.003031,98.842234,56.408669,1822
CUSTOMER_0878,241,21889.74,6544.21,29.8962,0.003022,98.845256,56.439628,1823
CUSTOMER_2153,230,21887.31,6139.76,28.0517,0.003021,98.848277,56.470588,1824
CUSTOMER_2863,19,21825.23,5211.34,23.8776,0.003013,98.85129,56.501548,1825
CUSTOMER_2882,27,21743.58,2891.92,13.3001,0.003002,98.854291,56.532508,1826
CUSTOMER_0982,304,21688.49,5682.38,26.2,0.002994,98.857285,56.563467,1827
CUSTOMER_1603,68,21619.22,5104.64,23.6116,0.002984,98.86027,56.594427,1828
CUSTOMER_0946,269,21567.7,5914.22,27.4217,0.002977,98.863247,56.625387,1829
CUSTOMER_1225,1,21551.22,907.83,4.2124,0.002975,98.866222,56.656347,1830
CUSTOMER_1924,208,21528.47,4412.01,20.4938,0.002972,98.869194,56.687307,1831
CUSTOMER_2703,119,21503.94,5080.68,23.6268,0.002968,98.872162,56.718266,1832
CUSTOMER_0514,115,21461.41,6507.89,30.3237,0.002963,98.875125,56.749226,1833
CUSTOMER_0149,4,21448.67,2159.19,10.0668,0.002961,98.878085,56.780186,1834
CUSTOMER_1139,241,21406.33,5370.72,25.0894,0.002955,98.88104,56.811146,1835
CUSTOMER_1161,267,21400.21,6361.75,29.7275,0.002954,98.883994,56.842105,1836
CUSTOMER_2546,27,21397.88,10322.35,48.24,0.002954,98.886948,56.873065,1837
CUSTOMER_0402,167,21348.7,5791.46,27.1279,0.002947,98.889895,56.904025,1838
CUSTOMER_2900,125,21258.19,6327.45,29.7648,0.002934,98.89283,56.934985,1839
CUSTOMER_0442,231,21209.57,5810.41,27.3952,0.002928,98.895757,56.965944,1840
CUSTOMER_1245,170,21162.2,6121.39,28.9261,0.002921,98.898679,56.996904,1841
CUSTOMER_2933,194,21058.26,5907.91,28.055,0.002907,98.901586,57.027864,1842
CUSTOMER_3193,237,21049.05,4968.15,23.6027,0.002906,98.904491,57.058824,1843
CUSTOMER_2491,339,21016.12,6845.66,32.5734,0.002901,98.907392,57.089783,1844
CUSTOMER_2163,153,20737.79,3558.93,17.1616,0.002863,98.910255,57.120743,1845
CUSTOMER_0162,94,20611.66,7325.0,35.5381,0.002845,98.9131,57.151703,1846
CUSTOMER_2622,146,20592.16,5656.11,27.4673,0.002843,98.915943,57.182663,1847
CUSTOMER_3191,98,20575.58,2724.64,13.2421,0.00284,98.918783,57.213622,1848
CUSTOMER_0331,217,20484.96,5031.43,24.5616,0.002828,98.921611,57.244582,1849
CUSTOMER_0957,142,20376.06,4277.15,20.9911,0.002813,98.924424,57.275542,1850
CUSTOMER_1747,131,20309.57,5431.15,26.7418,0.002804,98.927227,57.306502,1851
CUSTOMER_0884,301,20257.83,5667.92,27.9789,0.002796,98.930023,57.337461,1852
CUSTOMER_1254,20,20228.46,7493.32,37.0434,0.002792,98.932816,57.368421,1853
CUSTOMER_0731,300,20128.61,5876.04,29.1925,0.002779,98.935594,57.399381,1854
CUSTOMER_2514,96,20085.62,5030.58,25.0457,0.002773,98.938367,57.430341,1855
CUSTOMER_1918,335,19969.62,7269.7,36.4038,0.002757,98.941124,57.4613,1856
CUSTOMER_2520,138,19934.74,4030.6,20.219,0.002752,98.943875,57.49226,1857
CUSTOMER_2263,22,19884.86,3258.19,16.3853,0.002745,98.94662,57.52322,1858
CUSTOMER_2146,306,19880.84,4977.72,25.0378,0.002744,98.949365,57.55418,1859
CUSTOMER_0444,204,19806.16,5791.7,29.2419,0.002734,98.952099,57.585139,1860
CUSTOMER_2303,227,19799.99,5997.31,30.2895,0.002733,98.954832,57.616099,1861
CUSTOMER_3011,213,19779.92,4652.83,23.523,0.00273,98.957562,57.647059,1862
CUSTOMER_3159,51,19732.71,4454.81,22.5758,0.002724,98.960286,57.678019,1863
CUSTOMER_3182,63,19693.34,4450.55,22.5993,0.002718,98.963005,57.708978,1864
CUSTOMER_0758,91,19633.34,4768.28,24.2867,0.00271,98.965715,57.739938,1865
CUSTOMER_1322,168,19606.77,4453.85,22.7159,0.002707,98.968422,57.770898,1866
CUSTOMER_2934,1,19600.87,4731.24,24.1379,0.002706,98.971127,57.801858,1867
CUSTOMER_2482,7,19588.37,4070.72,20.7813,0.002704,98.973831,57.832817,1868
CUSTOMER_1025,263,19504.72,6781.2,34.767,0.002692,98.976524,57.863777,1869
CUSTOMER_0592,106,19438.95,4538.67,23.3483,0.002683,98.979207,57.894737,1870
CUSTOMER_1425,172,19435.49,5938.45,30.5547,0.002683,98.98189,57.925697,1871
CUSTOMER_1610,335,19408.4,5157.95,26.5759,0.002679,98.984569,57.956656,1872
CUSTOMER_1048,170,19315.82,7280.66,37.6927,0.002666,98.987236,57.987616,1873
CUSTOMER_0613,200,19292.5,5043.34,26.1414,0.002663,98.989899,58.018576,1874
CUSTOMER_0912,203,19206.92,5077.39,26.4352,0.002651,98.99255,58.049536,1875
CUSTOMER_2577,82,19082.45,4518.83,23.6805,0.002634,98.995184,58.080495,1876
CUSTOMER_2176,111,19068.82,4607.59,24.1629,0.002632,98.997816,58.111455,1877
CUSTOMER_2737,86,19037.97,5164.3,27.1263,0.002628,99.000444,58.142415,1878
CUSTOMER_2967,84,19036.66,4013.48,21.0829,0.002628,99.003072,58.173375,1879
CUSTOMER_0477,216,19009.5,5325.92,28.0172,0.002624,99.005696,58.204334,1880
CUSTOMER_1251,170,18994.15,5331.31,28.0682,0.002622,99.008318,58.235294,1881
CUSTOMER_2761,221,18931.85,5182.03,27.372,0.002613,99.010932,58.266254,1882
CUSTOMER_2427,116,18887.63,4029.97,21.3366,0.002607,99.013539,58.297214,1883
CUSTOMER_2739,69,18863.43,4116.83,21.8244,0.002604,99.016143,58.328173,1884
CUSTOMER_2497,60,18859.48,3620.62,19.1979,0.002603,99.018746,58.359133,1885
CUSTOMER_2859,78,18846.3,3322.32,17.6285,0.002602,99.021348,58.390093,1886
CUSTOMER_0962,75,18816.85,3888.02,20.6625,0.002597,99.023945,58.421053,1887
CUSTOMER_0188,135,18746.1,5842.46,31.1662,0.002588,99.026533,58.452012,1888
CUSTOMER_2266,174,18727.78,5821.57,31.0852,0.002585,99.029118,58.482972,1889
CUSTOMER_0313,35,18664.39,3525.8,18.8905,0.002576,99.031695,58.513932,1890
CUSTOMER_0375,121,18635.24,3834.82,20.5783,0.002572,99.034267,58.544892,1891
CUSTOMER_1344,192,18584.61,4564.74,24.5619,0.002565,99.036833,58.575851,1892
CUSTOMER_0423,231,18479.44,4524.35,24.4832,0.002551,99.039384,58.606811,1893
CUSTOMER_2858,149,18452.64,4778.46,25.8958,0.002547,99.041931,58.637771,1894
CUSTOMER_2228,139,18367.16,4987.62,27.1551,0.002535,99.044466,58.668731,1895
CUSTOMER_0959,114,18320.52,4606.03,25.1414,0.002529,99.046995,58.69969,1896
CUSTOMER_1619,256,18314.92,5931.38,32.3855,0.002528,99.049523,58.73065,1897
CUSTOMER_2791,189,18305.95,5733.74,31.3217,0.002527,99.05205,58.76161,1898
CUSTOMER_1365,263,18283.07,5045.57,27.5969,0.002524,99.054574,58.79257,1899
CUSTOMER_2539,91,18188.02,5858.04,32.2082,0.002511,99.057085,58.823529,1900
CUSTOMER_0152,85,18163.25,6812.73,37.5083,0.002507,99.059592,58.854489,1901
CUSTOMER_0817,226,18075.28,3751.1,20.7526,0.002495,99.062087,58.885449,1902
CUSTOMER_1138,171,18069.46,4821.89,26.6853,0.002494,99.064582,58.916409,1903
CUSTOMER_2894,119,17983.17,4385.39,24.3861,0.002482,99.067064,58.947368,1904
CUSTOMER_0675,37,17977.82,4097.69,22.793,0.002482,99.069546,58.978328,1905
CUSTOMER_1047,27,17969.13,4391.92,24.4415,0.00248,99.072026,59.009288,1906
CUSTOMER_2431,63,17828.23,3961.48,22.2203,0.002461,99.074487,59.040248,1907
CUSTOMER_2842,64,17825.35,2993.23,16.792,0.002461,99.076948,59.071207,1908
CUSTOMER_1828,86,17813.19,4686.57,26.3096,0.002459,99.079407,59.102167,1909
CUSTOMER_0831,274,17801.37,4370.59,24.552,0.002457,99.081864,59.133127,1910
CUSTOMER_1810,235,17738.08,6715.44,37.8589,0.002449,99.084313,59.164087,1911
CUSTOMER_1087,129,17704.04,4801.8,27.1226,0.002444,99.086756,59.195046,1912
CUSTOMER_0221,242,17658.49,5320.5,30.13,0.002438,99.089194,59.226006,1913
CUSTOMER_2741,81,17618.06,4360.19,24.7484,0.002432,99.091626,59.256966,1914
CUSTOMER_2318,38,17590.28,5416.07,30.7901,0.002428,99.094054,59.287926,1915
CUSTOMER_2459,34,17559.59,3056.58,17.4069,0.002424,99.096478,59.318885,1916
CUSTOMER_1346,94,17481.54,4923.23,28.1624,0.002413,99.098891,59.349845,1917
CUSTOMER_1397,297,17472.91,4512.97,25.8284,0.002412,99.101303,59.380805,1918
CUSTOMER_0325,125,17457.81,3395.61,19.4504,0.00241,99.103713,59.411765,1919
CUSTOMER_1171,75,17389.06,4280.31,24.6149,0.0024,99.106114,59.442724,1920
CUSTOMER_1958,62,17304.58,5472.21,31.6229,0.002389,99.108502,59.473684,1921
CUSTOMER_2533,165,17285.36,4310.68,24.9383,0.002386,99.110888,59.504644,1922
CUSTOMER_1612,163,17227.54,4912.17,28.5135,0.002378,99.113267,59.535604,1923
CUSTOMER_2345,178,17212.38,3575.61,20.7735,0.002376,99.115643,59.566563,1924
CUSTOMER_1909,173,17182.3,4932.25,28.7054,0.002372,99.118014,59.597523,1925
CUSTOMER_3068,58,17181.13,3387.79,19.7181,0.002372,99.120386,59.628483,1926
CUSTOMER_2164,61,17153.57,4739.14,27.6277,0.002368,99.122754,59.659443,1927
CUSTOMER_1137,105,17139.84,3797.06,22.1534,0.002366,99.12512,59.690402,1928
CUSTOMER_2467,199,17129.61,4849.4,28.31,0.002365,99.127485,59.721362,1929
CUSTOMER_1467,166,17081.05,4797.63,28.0875,0.002358,99.129842,59.752322,1930
CUSTOMER_1720,69,17062.11,6757.91,39.6077,0.002355,99.132198,59.783282,1931
CUSTOMER_0943,246,17043.73,4079.61,23.9361,0.002353,99.13455,59.814241,1932
CUSTOMER_0002,10,16903.74,2868.31,16.9685,0.002333,99.136884,59.845201,1933
CUSTOMER_1209,127,16896.44,4377.19,25.906,0.002332,99.139216,59.876161,1934
CUSTOMER_2961,123,16802.51,5135.13,30.5617,0.002319,99.141536,59.907121,1935
CUSTOMER_2807,118,16739.84,4619.94,27.5985,0.002311,99.143847,59.93808,1936
CUSTOMER_2991,135,16705.65,3792.24,22.7003,0.002306,99.146153,59.96904,1937
CUSTOMER_3131,169,16635.95,4204.72,25.2749,0.002296,99.148449,60.0,1938
CUSTOMER_0987,234,16580.74,4234.9,25.5411,0.002289,99.150738,60.03096,1939
CUSTOMER_0590,160,16577.86,4574.67,27.5951,0.002288,99.153026,60.06192,1940
CUSTOMER_2188,131,16507.55,5423.98,32.8576,0.002279,99.155305,60.092879,1941
CUSTOMER_1629,128,16491.11,3718.48,22.5484,0.002276,99.157581,60.123839,1942
CUSTOMER_3145,193,16484.15,4189.49,25.4152,0.002275,99.159857,60.154799,1943
CUSTOMER_1929,148,16444.41,3284.7,19.9746,0.00227,99.162127,60.185759,1944
CUSTOMER_0929,194,16397.27,4053.0,24.7175,0.002263,99.16439,60.216718,1945
CUSTOMER_1588,116,16391.33,3832.44,23.3809,0.002263,99.166653,60.247678,1946
CUSTOMER_3070,63,16294.62,1880.22,11.5389,0.002249,99.168902,60.278638,1947
CUSTOMER_0565,207,16284.21,5287.12,32.4678,0.002248,99.17115,60.309598,1948
CUSTOMER_2669,22,16239.69,2299.09,14.1573,0.002242,99.173392,60.340557,1949
CUSTOMER_1267,147,16217.31,3230.95,19.9229,0.002239,99.175631,60.371517,1950
CUSTOMER_2684,38,16191.22,3960.47,24.4606,0.002235,99.177866,60.402477,1951
CUSTOMER_0986,228,16144.7,3968.75,24.5824,0.002229,99.180094,60.433437,1952
CUSTOMER_1024,130,16112.68,3897.95,24.1918,0.002224,99.182319,60.464396,1953
CUSTOMER_1060,74,16041.53,3487.65,21.7414,0.002214,99.184533,60.495356,1954
CUSTOMER_2952,153,16031.1,1865.97,11.6397,0.002213,99.186746,60.526316,1955
CUSTOMER_1250,152,15952.75,3568.51,22.3693,0.002202,99.188948,60.557276,1956
CUSTOMER_0814,227,15947.58,3380.4,21.197,0.002201,99.191149,60.588235,1957
CUSTOMER_3216,600,15925.64,4219.2,26.4931,0.002198,99.193348,60.619195,1958
CUSTOMER_0528,264,15906.91,2416.87,15.1938,0.002196,99.195544,60.650155,1959
CUSTOMER_1130,124,15880.17,4108.2,25.87,0.002192,99.197736,60.681115,1960
CUSTOMER_2302,158,15860.53,3122.76,19.6889,0.002189,99.199925,60.712074,1961
CUSTOMER_1697,96,15791.97,3780.35,23.9384,0.00218,99.202105,60.743034,1962
CUSTOMER_0591,145,15748.26,3866.44,24.5515,0.002174,99.204279,60.773994,1963
CUSTOMER_1190,153,15724.13,3872.41,24.6272,0.002171,99.20645,60.804954,1964
CUSTOMER_2044,127,15702.87,3019.72,19.2304,0.002168,99.208617,60.835913,1965
CUSTOMER_2300,145,15702.35,4020.51,25.6045,0.002168,99.210785,60.866873,1966
CUSTOMER_1694,49,15655.67,3330.91,21.276,0.002161,99.212946,60.897833,1967
CUSTOMER_2654,183,15623.25,4183.98,26.7805,0.002157,99.215103,60.928793,1968
CUSTOMER_0550,203,15570.14,3748.88,24.0774,0.002149,99.217252,60.959752,1969
CUSTOMER_0175,107,15548.41,4247.65,27.3189,0.002146,99.219398,60.990712,1970
CUSTOMER_1942,228,15523.96,4070.57,26.2212,0.002143,99.221541,61.021672,1971
CUSTOMER_1284,76,15458.75,3670.76,23.7455,0.002134,99.223675,61.052632,1972
CUSTOMER_2099,22,15439.6,6284.9,40.7064,0.002131,99.225806,61.083591,1973
CUSTOMER_1526,195,15432.79,3259.11,21.1181,0.00213,99.227937,61.114551,1974
CUSTOMER_1217,9,15407.1,6860.35,44.5272,0.002127,99.230063,61.145511,1975
CUSTOMER_2408,138,15391.16,3085.43,20.0468,0.002125,99.232188,61.176471,1976
CUSTOMER_1305,202,15370.57,2740.8,17.8315,0.002122,99.23431,61.20743,1977
CUSTOMER_2744,18,15348.02,2094.57,13.6472,0.002119,99.236429,61.23839,1978
CUSTOMER_3041,164,15322.39,3369.19,21.9887,0.002115,99.238544,61.26935,1979
CUSTOMER_1973,631,15311.16,4147.35,27.0871,0.002114,99.240657,61.30031,1980
CUSTOMER_1404,192,15276.05,4015.82,26.2884,0.002109,99.242766,61.331269,1981
CUSTOMER_0607,84,15270.08,5202.18,34.0678,0.002108,99.244874,61.362229,1982
CUSTOMER_0448,204,15235.42,4742.32,31.1269,0.002103,99.246977,61.393189,1983
CUSTOMER_1698,27,15228.41,3051.61,20.039,0.002102,99.249079,61.424149,1984
CUSTOMER_0947,190,15172.48,4109.71,27.0866,0.002094,99.251173,61.455108,1985
CUSTOMER_0847,179,15165.7,4684.93,30.8916,0.002093,99.253267,61.486068,1986
CUSTOMER_0577,18,15138.09,3848.51,25.4227,0.00209,99.255357,61.517028,1987
CUSTOMER_1564,95,15089.39,3504.72,23.2264,0.002083,99.25744,61.547988,1988
CUSTOMER_0742,79,15068.4,3095.12,20.5405,0.00208,99.25952,61.578947,1989
CUSTOMER_0262,21,15030.0,2233.05,14.8573,0.002075,99.261594,61.609907,1990
CUSTOMER_2505,43,14896.46,4261.57,28.6079,0.002056,99.263651,61.640867,1991
CUSTOMER_0487,26,14875.94,4822.49,32.418,0.002053,99.265704,61.671827,1992
CUSTOMER_0137,58,14868.22,3461.06,23.2782,0.002052,99.267757,61.702786,1993
CUSTOMER_0866,187,14825.58,4475.76,30.1894,0.002047,99.269803,61.733746,1994
CUSTOMER_1917,101,14781.07,3468.74,23.4675,0.00204,99.271844,61.764706,1995
CUSTOMER_2625,15,14764.97,1886.74,12.7785,0.002038,99.273882,61.795666,1996
CUSTOMER_1026,139,14761.27,3755.3,25.4403,0.002038,99.275919,61.826625,1997
CUSTOMER_2954,138,14747.78,4460.09,30.2424,0.002036,99.277955,61.857585,1998
CUSTOMER_0333,11,14736.71,3722.0,25.2567,0.002034,99.279989,61.888545,1999
CUSTOMER_2916,63,14726.12,3351.76,22.7607,0.002033,99.282022,61.919505,2000
CUSTOMER_2532,122,14689.22,5253.28,35.7628,0.002028,99.28405,61.950464,2001
CUSTOMER_1352,10,14644.66,3559.33,24.3046,0.002022,99.286072,61.981424,2002
CUSTOMER_1497,109,14539.45,4287.74,29.4904,0.002007,99.288079,62.012384,2003
CUSTOMER_1706,201,14532.91,4200.12,28.9007,0.002006,99.290085,62.043344,2004
CUSTOMER_0672,86,14521.74,3862.73,26.5997,0.002005,99.292089,62.074303,2005
CUSTOMER_0983,200,14519.85,3906.18,26.9023,0.002004,99.294094,62.105263,2006
CUSTOMER_0944,53,14486.58,3499.07,24.1539,0.002,99.296093,62.136223,2007
CUSTOMER_1740,203,14420.77,3930.02,27.2525,0.001991,99.298084,62.167183,2008
CUSTOMER_2895,191,14326.9,3817.79,26.6477,0.001978,99.300062,62.198142,2009
CUSTOMER_0823,239,14319.15,3774.11,26.3571,0.001977,99.302038,62.229102,2010
CUSTOMER_1183,130,14307.81,1975.96,13.8104,0.001975,99.304013,62.260062,2011
CUSTOMER_2515,12,14302.13,4435.19,31.0107,0.001974,99.305988,62.291022,2012
CUSTOMER_0038,185,14276.1,2580.54,18.0759,0.001971,99.307958,62.321981,2013
CUSTOMER_0717,71,14275.8,3864.26,27.0686,0.001971,99.309929,62.352941,2014
CUSTOMER_0682,161,14270.09,3938.81,27.6018,0.00197,99.311899,62.383901,2015
CUSTOMER_2332,214,14236.44,4106.34,28.8439,0.001965,99.313864,62.414861,2016
CUSTOMER_2509,74,14179.9,2482.41,17.5065,0.001957,99.315821,62.44582,2017
CUSTOMER_2493,101,14158.57,3041.03,21.4784,0.001954,99.317776,62.47678,2018
CUSTOMER_1509,77,14112.5,4153.94,29.4344,0.001948,99.319724,62.50774,2019
CUSTOMER_0748,80,14061.89,4067.8,28.9278,0.001941,99.321665,62.5387,2020
CUSTOMER_2114,49,14025.23,4694.37,33.4709,0.001936,99.323601,62.569659,2021
CUSTOMER_3054,44,13899.86,3085.11,22.1953,0.001919,99.32552,62.600619,2022
CUSTOMER_3083,98,13884.63,3578.48,25.7729,0.001917,99.327437,62.631579,2023
CUSTOMER_1480,209,13857.11,4227.89,30.5106,0.001913,99.329349,62.662539,2024
CUSTOMER_0517,2,13743.18,2420.17,17.61,0.001897,99.331247,62.693498,2025
CUSTOMER_1211,313,13725.78,3949.28,28.7727,0.001895,99.333141,62.724458,2026
CUSTOMER_2988,41,13594.82,2794.3,20.5541,0.001877,99.335018,62.755418,2027
CUSTOMER_0494,115,13544.21,3862.47,28.5175,0.00187,99.336888,62.786378,2028
CUSTOMER_2418,64,13513.82,2747.1,20.3281,0.001865,99.338753,62.817337,2029
CUSTOMER_0994,193,13501.6,3584.47,26.5485,0.001864,99.340617,62.848297,2030
CUSTOMER_1381,173,13467.84,3674.14,27.2808,0.001859,99.342476,62.879257,2031
CUSTOMER_1524,89,13456.13,4044.35,30.0558,0.001857,99.344333,62.910217,2032
CUSTOMER_2789,81,13439.01,4231.29,31.4851,0.001855,99.346189,62.941176,2033
CUSTOMER_2660,61,13417.47,3160.9,23.5581,0.001852,99.348041,62.972136,2034
CUSTOMER_2470,89,13411.86,2970.42,22.1477,0.001851,99.349892,63.003096,2035
CUSTOMER_1355,26,13395.62,3104.25,23.1736,0.001849,99.351741,63.034056,2036
CUSTOMER_3132,7,13350.85,2937.21,22.0002,0.001843,99.353584,63.065015,2037
CUSTOMER_2260,154,13326.6,4025.02,30.2029,0.00184,99.355424,63.095975,2038
CUSTOMER_0786,120,13302.53,3689.52,27.7354,0.001836,99.35726,63.126935,2039
CUSTOMER_0919,112,13297.7,3644.52,27.4071,0.001836,99.359096,63.157895,2040
CUSTOMER_1970,40,13291.76,2285.91,17.1979,0.001835,99.360931,63.188854,2041
CUSTOMER_1078,134,13210.7,3549.65,26.8695,0.001824,99.362754,63.219814,2042
CUSTOMER_1177,90,13177.25,2826.16,21.4473,0.001819,99.364573,63.250774,2043
CUSTOMER_1896,65,13175.89,1967.41,14.9319,0.001819,99.366392,63.281734,2044
CUSTOMER_2057,182,13169.09,3976.08,30.1925,0.001818,99.36821,63.312693,2045
CUSTOMER_1145,78,13147.51,4431.87,33.7088,0.001815,99.370025,63.343653,2046
CUSTOMER_1199,46,13126.27,2808.65,21.3971,0.001812,99.371837,63.374613,2047
CUSTOMER_0602,146,13115.04,3443.55,26.2565,0.00181,99.373647,63.405573,2048
CUSTOMER_1115,110,13098.94,2926.17,22.339,0.001808,99.375455,63.436533,2049
CUSTOMER_1331,201,13096.91,3803.47,29.041,0.001808,99.377263,63.467492,2050
CUSTOMER_0990,189,12977.09,3358.81,25.8826,0.001791,99.379055,63.498452,2051
CUSTOMER_0737,6,12973.9,4110.53,31.6831,0.001791,99.380846,63.529412,2052
CUSTOMER_2355,167,12950.23,3689.86,28.4926,0.001788,99.382633,63.560372,2053
CUSTOMER_0860,81,12937.09,2913.86,22.5233,0.001786,99.384419,63.591331,2054
CUSTOMER_0508,18,12861.83,2422.76,18.8368,0.001775,99.386194,63.622291,2055
CUSTOMER_2069,97,12816.35,3879.49,30.2699,0.001769,99.387964,63.653251,2056
CUSTOMER_2012,54,12782.41,2987.93,23.3753,0.001764,99.389728,63.684211,2057
CUSTOMER_1586,51,12765.25,2894.32,22.6734,0.001762,99.39149,63.71517,2058
CUSTOMER_0530,6,12676.62,3727.72,29.4063,0.00175,99.39324,63.74613,2059
CUSTOMER_2726,53,12675.28,2829.57,22.3235,0.00175,99.39499,63.77709,2060
CUSTOMER_0306,93,12670.35,4013.85,31.6791,0.001749,99.396739,63.80805,2061
CUSTOMER_3059,89,12655.21,1821.26,14.3914,0.001747,99.398486,63.839009,2062
CUSTOMER_0552,88,12636.05,3536.29,27.9857,0.001744,99.40023,63.869969,2063
CUSTOMER_0264,67,12624.02,2988.76,23.6752,0.001743,99.401973,63.900929,2064
CUSTOMER_1748,105,12623.73,3927.43,31.1114,0.001743,99.403715,63.931889,2065
CUSTOMER_1407,37,12603.17,2782.82,22.0803,0.00174,99.405455,63.962848,2066
CUSTOMER_1119,117,12580.25,2890.71,22.9781,0.001737,99.407192,63.993808,2067
CUSTOMER_0915,121,12567.29,4046.03,32.1949,0.001735,99.408926,64.024768,2068
CUSTOMER_1696,33,12556.24,2011.95,16.0235,0.001733,99.41066,64.055728,2069
CUSTOMER_1052,16,12546.29,-64.81,-0.5165,0.001732,99.412392,64.086687,2070
CUSTOMER_2522,44,12518.95,3405.67,27.2041,0.001728,99.41412,64.117647,2071
CUSTOMER_0594,115,12413.23,3242.34,26.12,0.001714,99.415833,64.148607,2072
CUSTOMER_1967,113,12409.79,3565.34,28.7301,0.001713,99.417546,64.179567,2073
CUSTOMER_2433,13,12375.53,2157.31,17.4321,0.001708,99.419255,64.210526,2074
CUSTOMER_2386,133,12370.17,2673.72,21.6142,0.001708,99.420962,64.241486,2075
CUSTOMER_1148,31,12359.04,1937.93,15.6803,0.001706,99.422668,64.272446,2076
CUSTOMER_0822,182,12344.02,2799.16,22.6762,0.001704,99.424372,64.303406,2077
CUSTOMER_0490,36,12343.54,3869.6,31.3492,0.001704,99.426076,64.334365,2078
CUSTOMER_1089,123,12340.38,3294.33,26.6955,0.001703,99.42778,64.365325,2079
CUSTOMER_1731,9,12320.16,3172.44,25.75,0.001701,99.42948,64.396285,2080
CUSTOMER_0609,9,12183.25,1549.07,12.7147,0.001682,99.431162,64.427245,2081
CUSTOMER_2117,96,12143.7,2989.98,24.6216,0.001676,99.432839,64.458204,2082
CUSTOMER_2687,133,12134.88,2903.48,23.9268,0.001675,99.434514,64.489164,2083
CUSTOMER_0821,160,12131.38,2856.15,23.5435,0.001675,99.436188,64.520124,2084
CUSTOMER_2022,63,12130.5,3146.58,25.9394,0.001675,99.437863,64.551084,2085
CUSTOMER_2958,28,12110.59,3166.41,26.1458,0.001672,99.439535,64.582043,2086
CUSTOMER_2496,14,12044.7,4186.13,34.755,0.001663,99.441197,64.613003,2087
CUSTOMER_0989,158,12026.39,3102.83,25.8002,0.00166,99.442857,64.643963,2088
CUSTOMER_1705,130,12020.89,2909.55,24.2041,0.001659,99.444517,64.674923,2089
CUSTOMER_0434,165,12019.78,3695.31,30.7436,0.001659,99.446176,64.705882,2090
CUSTOMER_2658,42,11959.56,2100.58,17.5641,0.001651,99.447827,64.736842,2091
CUSTOMER_3058,85,11877.25,1939.67,16.331,0.00164,99.449466,64.767802,2092
CUSTOMER_0097,108,11837.79,2588.67,21.8679,0.001634,99.4511,64.798762,2093
CUSTOMER_1088,117,11817.94,3033.52,25.6688,0.001631,99.452732,64.829721,2094
CUSTOMER_1294,61,11810.72,2896.71,24.5261,0.00163,99.454362,64.860681,2095
CUSTOMER_1367,45,11807.05,3545.95,30.0324,0.00163,99.455992,64.891641,2096
CUSTOMER_1964,8,11803.98,2600.98,22.0347,0.001629,99.457621,64.922601,2097
CUSTOMER_0870,139,11757.4,3484.39,29.6357,0.001623,99.459244,64.95356,2098
CUSTOMER_0438,156,11747.59,3077.18,26.1941,0.001622,99.460866,64.98452,2099
CUSTOMER_0164,169,11742.04,3423.31,29.1543,0.001621,99.462487,65.01548,2100
CUSTOMER_0031,798,11734.74,3082.78,26.2705,0.00162,99.464107,65.04644,2101
CUSTOMER_0551,203,11700.33,3809.15,32.5559,0.001615,99.465722,65.077399,2102
CUSTOMER_1285,89,11684.47,3215.9,27.5228,0.001613,99.467335,65.108359,2103
CUSTOMER_2644,114,11659.1,3409.24,29.2411,0.001609,99.468944,65.139319,2104
CUSTOMER_1848,94,11597.84,3040.93,26.2198,0.001601,99.470545,65.170279,2105
CUSTOMER_1844,150,11570.28,3888.55,33.6081,0.001597,99.472142,65.201238,2106
CUSTOMER_2995,117,11559.39,3374.24,29.1904,0.001596,99.473738,65.232198,2107
CUSTOMER_0548,120,11483.71,2788.08,24.2785,0.001585,99.475323,65.263158,2108
CUSTOMER_0329,112,11480.83,3268.42,28.4685,0.001585,99.476908,65.294118,2109
CUSTOMER_2038,34,11478.88,2659.59,23.1694,0.001585,99.478493,65.325077,2110
CUSTOMER_0024,116,11468.07,2939.82,25.6349,0.001583,99.480076,65.356037,2111
CUSTOMER_1276,41,11460.39,3484.91,30.4083,0.001582,99.481658,65.386997,2112
CUSTOMER_1318,91,11452.28,2630.09,22.9656,0.001581,99.483239,65.417957,2113
CUSTOMER_3201,529,11427.65,3485.22,30.4981,0.001577,99.484816,65.448916,2114
CUSTOMER_3130,5,11382.44,967.17,8.497,0.001571,99.486387,65.479876,2115
CUSTOMER_1620,18,11378.93,1617.38,14.2139,0.001571,99.487958,65.510836,2116
CUSTOMER_0298,65,11377.51,2801.27,24.6211,0.001571,99.489529,65.541796,2117
CUSTOMER_0172,110,11372.46,2776.02,24.41,0.00157,99.491099,65.572755,2118
CUSTOMER_2993,39,11365.49,2856.38,25.132,0.001569,99.492668,65.603715,2119
CUSTOMER_0239,146,11340.05,2892.25,25.5047,0.001565,99.494233,65.634675,2120
CUSTOMER_0495,54,11275.14,2427.2,21.527,0.001556,99.495789,65.665635,2121
CUSTOMER_1191,107,11259.31,2558.07,22.7196,0.001554,99.497344,65.696594,2122
CUSTOMER_1529,102,11246.1,3231.46,28.7341,0.001552,99.498896,65.727554,2123
CUSTOMER_1361,118,11228.15,3362.34,29.9456,0.00155,99.500446,65.758514,2124
CUSTOMER_0117,55,11144.64,3117.65,27.9744,0.001538,99.501984,65.789474,2125
CUSTOMER_1363,148,11138.92,787.01,7.0654,0.001538,99.503522,65.820433,2126
CUSTOMER_1618,131,11121.79,3398.09,30.5535,0.001535,99.505057,65.851393,2127
CUSTOMER_0393,30,11101.24,3132.45,28.2171,0.001532,99.50659,65.882353,2128
CUSTOMER_1393,45,10998.0,2434.01,22.1314,0.001518,99.508108,65.913313,2129
CUSTOMER_3189,58,10986.49,1742.63,15.8616,0.001517,99.509624,65.944272,2130
CUSTOMER_3185,16,10980.33,2375.19,21.6313,0.001516,99.51114,65.975232,2131
CUSTOMER_2264,21,10960.06,1596.13,14.5632,0.001513,99.512653,66.006192,2132
CUSTOMER_2145,42,10941.5,2274.6,20.7887,0.00151,99.514163,66.037152,2133
CUSTOMER_1083,100,10911.16,2875.13,26.3503,0.001506,99.51567,66.068111,2134
CUSTOMER_0790,25,10866.2,2613.7,24.0535,0.0015,99.51717,66.099071,2135
CUSTOMER_1452,122,10835.7,2602.78,24.0204,0.001496,99.518665,66.130031,2136
CUSTOMER_1585,43,10779.05,2600.71,24.1274,0.001488,99.520153,66.160991,2137
CUSTOMER_2536,102,10762.16,2899.31,26.9399,0.001486,99.521639,66.19195,2138
CUSTOMER_2597,94,10731.2,2962.23,27.6039,0.001481,99.52312,66.22291,2139
CUSTOMER_3213,263,10712.79,2352.68,21.9614,0.001479,99.524599,66.25387,2140
CUSTOMER_1981,142,10684.04,3328.17,31.1509,0.001475,99.526074,66.28483,2141
CUSTOMER_2067,108,10626.35,2780.92,26.17,0.001467,99.527541,66.315789,2142
CUSTOMER_0573,1,10605.17,2528.41,23.8413,0.001464,99.529005,66.346749,2143
CUSTOMER_0819,111,10590.47,2625.8,24.7939,0.001462,99.530467,66.377709,2144
CUSTOMER_0715,21,10548.17,2722.23,25.8076,0.001456,99.531923,66.408669,2145
CUSTOMER_2714,16,10521.35,2289.2,21.7577,0.001452,99.533375,66.439628,2146
CUSTOMER_2690,63,10482.01,2642.6,25.2109,0.001447,99.534822,66.470588,2147
CUSTOMER_1051,20,10451.09,1695.11,16.2195,0.001443,99.536265,66.501548,2148
CUSTOMER_0399,121,10450.58,3032.88,29.0212,0.001443,99.537707,66.532508,2149
CUSTOMER_3009,66,10407.47,2183.03,20.9756,0.001437,99.539144,66.563467,2150
CUSTOMER_1428,78,10396.65,1483.11,14.2653,0.001435,99.540579,66.594427,2151
CUSTOMER_3071,51,10390.38,1374.31,13.2268,0.001434,99.542013,66.625387,2152
CUSTOMER_1599,32,10351.15,1971.87,19.0498,0.001429,99.543442,66.656347,2153
CUSTOMER_1023,12,10348.7,2771.22,26.7784,0.001429,99.544871,66.687307,2154
CUSTOMER_0973,85,10342.32,3011.53,29.1185,0.001428,99.546299,66.718266,2155
CUSTOMER_1853,6,10322.05,2249.81,21.7961,0.001425,99.547723,66.749226,2156
CUSTOMER_1085,115,10270.5,2697.12,26.2609,0.001418,99.549141,66.780186,2157
CUSTOMER_1345,119,10248.38,2850.83,27.8174,0.001415,99.550556,66.811146,2158
CUSTOMER_0992,145,10211.43,2660.35,26.0527,0.00141,99.551965,66.842105,2159
CUSTOMER_1081,101,10175.83,2695.49,26.4891,0.001405,99.55337,66.873065,2160
CUSTOMER_0184,126,10131.39,3124.91,30.8439,0.001399,99.554769,66.904025,2161
CUSTOMER_3103,4,10087.48,2796.13,27.7188,0.001392,99.556161,66.934985,2162
CUSTOMER_0546,59,9968.73,1884.86,18.9077,0.001376,99.557537,66.965944,2163
CUSTOMER_2441,144,9960.68,2274.4,22.8338,0.001375,99.558912,66.996904,2164
CUSTOMER_2352,33,9919.93,1677.11,16.9064,0.001369,99.560282,67.027864,2165
CUSTOMER_0783,71,9878.33,2426.23,24.5611,0.001364,99.561645,67.058824,2166
CUSTOMER_2299,34,9841.53,2207.93,22.4349,0.001359,99.563004,67.089783,2167
CUSTOMER_2796,55,9781.96,2428.09,24.8221,0.00135,99.564354,67.120743,2168
CUSTOMER_1979,159,9757.08,3100.31,31.775,0.001347,99.565701,67.151703,2169
CUSTOMER_1466,123,9748.35,3177.37,32.5939,0.001346,99.567047,67.182663,2170
CUSTOMER_2185,86,9680.19,2371.51,24.4986,0.001336,99.568383,67.213622,2171
CUSTOMER_1079,99,9588.99,2507.54,26.1502,0.001324,99.569707,67.244582,2172
CUSTOMER_2588,100,9582.72,2142.03,22.3531,0.001323,99.571029,67.275542,2173
CUSTOMER_1658,92,9532.14,2704.95,28.3771,0.001316,99.572345,67.306502,2174
CUSTOMER_2574,48,9528.51,2859.15,30.0063,0.001315,99.573661,67.337461,2175
CUSTOMER_1471,66,9502.58,2189.36,23.0397,0.001312,99.574972,67.368421,2176
CUSTOMER_1492,67,9501.58,2555.75,26.8982,0.001312,99.576284,67.399381,2177
CUSTOMER_3190,155,9487.52,1296.66,13.667,0.00131,99.577594,67.430341,2178
CUSTOMER_1709,62,9466.79,2052.47,21.6807,0.001307,99.5789,67.4613,2179
CUSTOMER_3127,8,9449.18,1600.44,16.9373,0.001304,99.580205,67.49226,2180
CUSTOMER_3125,6,9430.15,1701.86,18.047,0.001302,99.581506,67.52322,2181
CUSTOMER_3025,101,9413.28,3004.06,31.9131,0.001299,99.582806,67.55418,2182
CUSTOMER_0234,61,9398.62,2219.62,23.6164,0.001297,99.584103,67.585139,2183
CUSTOMER_2719,66,9390.77,2737.84,29.1546,0.001296,99.5854,67.616099,2184
CUSTOMER_1000,135,9367.31,2402.62,25.649,0.001293,99.586693,67.647059,2185
CUSTOMER_2816,60,9362.8,2425.51,25.9058,0.001292,99.587985,67.678019,2186
CUSTOMER_2007,208,9344.33,2692.24,28.8114,0.00129,99.589275,67.708978,2187
CUSTOMER_0168,196,9342.83,3351.75,35.8751,0.00129,99.590565,67.739938,2188
CUSTOMER_0242,79,9325.14,2303.24,24.6992,0.001287,99.591852,67.770898,2189
CUSTOMER_0245,60,9290.96,2263.15,24.3586,0.001283,99.593134,67.801858,2190
CUSTOMER_2890,10,9284.92,1926.41,20.7477,0.001282,99.594416,67.832817,2191
CUSTOMER_1090,85,9241.13,2634.77,28.5113,0.001276,99.595692,67.863777,2192
CUSTOMER_1518,68,9212.71,2827.47,30.6909,0.001272,99.596964,67.894737,2193
CUSTOMER_2665,3,9210.05,2926.1,31.7707,0.001271,99.598235,67.925697,2194
CUSTOMER_2524,16,9207.78,2583.94,28.0626,0.001271,99.599506,67.956656,2195
CUSTOMER_2901,55,9183.21,2862.36,31.1695,0.001268,99.600774,67.987616,2196
CUSTOMER_0781,24,9172.35,1673.57,18.2458,0.001266,99.60204,68.018576,2197
CUSTOMER_0948,80,9147.61,2205.09,24.1057,0.001263,99.603303,68.049536,2198
CUSTOMER_1196,114,9053.39,2533.33,27.9821,0.00125,99.604552,68.080495,2199
CUSTOMER_2828,36,9024.86,2765.13,30.639,0.001246,99.605798,68.111455,2200
CUSTOMER_2893,54,9024.75,3131.74,34.7016,0.001246,99.607044,68.142415,2201
CUSTOMER_0729,95,8969.87,2573.9,28.695,0.001238,99.608282,68.173375,2202
CUSTOMER_1097,60,8956.83,2576.21,28.7625,0.001236,99.609518,68.204334,2203
CUSTOMER_2996,104,8920.92,2471.46,27.7041,0.001231,99.61075,68.235294,2204
CUSTOMER_2639,81,8920.1,1891.1,21.2005,0.001231,99.611981,68.266254,2205
CUSTOMER_0285,83,8898.3,2318.83,26.0593,0.001228,99.61321,68.297214,2206
CUSTOMER_2869,40,8875.89,2165.15,24.3936,0.001225,99.614435,68.328173,2207
CUSTOMER_3102,7,8840.04,3814.78,43.1534,0.00122,99.615655,68.359133,2208
CUSTOMER_3155,10,8836.13,1264.63,14.312,0.00122,99.616875,68.390093,2209
CUSTOMER_0412,6,8829.57,2230.02,25.2563,0.001219,99.618094,68.421053,2210
CUSTOMER_2015,67,8780.5,2079.08,23.6783,0.001212,99.619306,68.452012,2211
CUSTOMER_1204,22,8764.23,3050.37,34.8048,0.00121,99.620516,68.482972,2212
CUSTOMER_0008,112,8661.46,812.46,9.3802,0.001196,99.621711,68.513932,2213
CUSTOMER_1801,89,8654.18,2484.73,28.7113,0.001195,99.622906,68.544892,2214
CUSTOMER_1645,130,8627.78,1547.69,17.9385,0.001191,99.624097,68.575851,2215
CUSTOMER_2481,62,8620.94,2240.5,25.989,0.00119,99.625287,68.606811,2216
CUSTOMER_1084,83,8584.23,2234.0,26.0245,0.001185,99.626472,68.637771,2217
CUSTOMER_1847,68,8578.57,2022.46,23.5758,0.001184,99.627656,68.668731,2218
CUSTOMER_2892,14,8576.55,1272.37,14.8355,0.001184,99.62884,68.69969,2219
CUSTOMER_2940,88,8569.29,2477.86,28.9156,0.001183,99.630023,68.73065,2220
CUSTOMER_1073,50,8539.04,2077.74,24.3322,0.001179,99.631202,68.76161,2221
CUSTOMER_0371,82,8506.96,2223.16,26.1334,0.001174,99.632376,68.79257,2222
CUSTOMER_2951,30,8506.56,2713.52,31.8992,0.001174,99.63355,68.823529,2223
CUSTOMER_0461,110,8456.61,2795.1,33.0522,0.001167,99.634718,68.854489,2224
CUSTOMER_2443,49,8380.74,2038.52,24.3239,0.001157,99.635874,68.885449,2225
CUSTOMER_1049,35,8333.01,2037.98,24.4567,0.00115,99.637025,68.916409,2226
CUSTOMER_0072,290,8326.04,1627.96,19.5527,0.001149,99.638174,68.947368,2227
CUSTOMER_2495,5,8313.93,2052.86,24.6918,0.001148,99.639322,68.978328,2228
CUSTOMER_2552,3,8310.75,1387.07,16.6901,0.001147,99.640469,69.009288,2229
CUSTOMER_1096,59,8305.96,2406.21,28.9697,0.001147,99.641615,69.040248,2230
CUSTOMER_2694,68,8280.16,2227.14,26.8973,0.001143,99.642758,69.071207,2231
CUSTOMER_1313,62,8212.64,1652.83,20.1254,0.001134,99.643892,69.102167,2232
CUSTOMER_3065,91,8149.76,1704.26,20.9118,0.001125,99.645017,69.133127,2233
CUSTOMER_2166,60,8105.44,2070.25,25.5415,0.001119,99.646136,69.164087,2234
CUSTOMER_2347,54,8076.72,2127.95,26.3466,0.001115,99.647251,69.195046,2235
CUSTOMER_2121,34,8066.03,1738.77,21.5567,0.001113,99.648364,69.226006,2236
CUSTOMER_0094,15,8056.08,1639.91,20.3562,0.001112,99.649476,69.256966,2237
CUSTOMER_1012,121,8019.84,2106.89,26.2709,0.001107,99.650584,69.287926,2238
CUSTOMER_1093,55,8004.36,2343.21,29.2742,0.001105,99.651688,69.318885,2239
CUSTOMER_2560,57,7998.44,2187.22,27.3455,0.001104,99.652793,69.349845,2240
CUSTOMER_0852,37,7987.02,1691.33,21.1759,0.001103,99.653895,69.380805,2241
CUSTOMER_3012,125,7956.87,2492.7,31.3277,0.001098,99.654993,69.411765,2242
CUSTOMER_1857,25,7954.42,2493.61,31.3487,0.001098,99.656092,69.442724,2243
CUSTOMER_1094,52,7949.12,2282.0,28.7076,0.001097,99.657189,69.473684,2244
CUSTOMER_2809,61,7873.43,1754.8,22.2876,0.001087,99.658276,69.504644,2245
CUSTOMER_1838,34,7873.41,2030.81,25.7933,0.001087,99.659363,69.535604,2246
CUSTOMER_1733,95,7848.43,2398.0,30.5538,0.001083,99.660446,69.566563,2247
CUSTOMER_0179,58,7801.2,1642.61,21.0559,0.001077,99.661523,69.597523,2248
CUSTOMER_0598,22,7793.63,1800.49,23.1021,0.001076,99.662599,69.628483,2249
CUSTOMER_1528,102,7774.79,2383.15,30.6523,0.001073,99.663672,69.659443,2250
CUSTOMER_1573,1,7762.93,1193.22,15.3707,0.001072,99.664743,69.690402,2251
CUSTOMER_0187,3,7754.14,944.2,12.1767,0.00107,99.665814,69.721362,2252
CUSTOMER_2348,90,7725.09,2112.54,27.3464,0.001066,99.66688,69.752322,2253
CUSTOMER_2548,36,7723.81,1699.13,21.9986,0.001066,99.667946,69.783282,2254
CUSTOMER_0993,107,7723.77,2042.63,26.4461,0.001066,99.669013,69.814241,2255
CUSTOMER_2095,27,7722.63,1758.26,22.7676,0.001066,99.670079,69.845201,2256
CUSTOMER_2253,35,7704.08,2049.9,26.6079,0.001063,99.671142,69.876161,2257
CUSTOMER_2462,4,7677.07,1967.62,25.6298,0.00106,99.672202,69.907121,2258
CUSTOMER_0056,83,7671.08,1906.37,24.8514,0.001059,99.673261,69.93808,2259
CUSTOMER_2489,47,7631.67,1964.2,25.7375,0.001053,99.674314,69.96904,2260
CUSTOMER_1477,88,7622.23,2691.9,35.3164,0.001052,99.675367,70.0,2261
CUSTOMER_0374,9,7592.59,1320.11,17.3868,0.001048,99.676415,70.03096,2262
CUSTOMER_2180,49,7579.56,1930.0,25.4632,0.001046,99.677461,70.06192,2263
CUSTOMER_1368,108,7564.18,1293.8,17.1043,0.001044,99.678505,70.092879,2264
CUSTOMER_2132,78,7506.04,2084.51,27.7711,0.001036,99.679541,70.123839,2265
CUSTOMER_1082,75,7505.38,1909.51,25.4419,0.001036,99.680577,70.154799,2266
CUSTOMER_2112,72,7456.98,1823.67,24.4559,0.001029,99.681607,70.185759,2267
CUSTOMER_2036,102,7448.19,1881.07,25.2554,0.001028,99.682635,70.216718,2268
CUSTOMER_2047,72,7439.09,1858.04,24.9767,0.001027,99.683662,70.247678,2269
CUSTOMER_1538,82,7414.79,2416.3,32.5876,0.001024,99.684685,70.278638,2270
CUSTOMER_1451,87,7398.95,2056.27,27.7914,0.001021,99.685707,70.309598,2271
CUSTOMER_2812,132,7396.88,2190.02,29.6073,0.001021,99.686728,70.340557,2272
CUSTOMER_1595,61,7336.21,2615.59,35.6532,0.001013,99.68774,70.371517,2273
CUSTOMER_0771,42,7313.53,2344.06,32.051,0.00101,99.68875,70.402477,2274
CUSTOMER_0349,14,7313.1,1514.25,20.7059,0.00101,99.689759,70.433437,2275
CUSTOMER_1086,67,7222.58,1829.24,25.3267,0.000997,99.690756,70.464396,2276
CUSTOMER_2004,18,7206.33,1231.78,17.093,0.000995,99.691751,70.495356,2277
CUSTOMER_2780,13,7203.78,1266.24,17.5774,0.000994,99.692746,70.526316,2278
CUSTOMER_1912,9,7164.63,1504.89,21.0044,0.000989,99.693735,70.557276,2279
CUSTOMER_1006,20,7146.33,2159.0,30.2113,0.000986,99.694721,70.588235,2280
CUSTOMER_0267,3,7134.24,-24327.76,-341.0,0.000985,99.695706,70.619195,2281
CUSTOMER_3221,397,7129.88,1981.0,27.7844,0.000984,99.69669,70.650155,2282
CUSTOMER_0708,52,7120.68,2094.57,29.4153,0.000983,99.697673,70.681115,2283
CUSTOMER_0853,14,7099.13,1330.69,18.7443,0.00098,99.698653,70.712074,2284
CUSTOMER_0265,37,7082.89,1642.48,23.1894,0.000978,99.699631,70.743034,2285
CUSTOMER_1402,11,7048.74,1711.63,24.2828,0.000973,99.700604,70.773994,2286
CUSTOMER_2745,57,7038.74,1924.36,27.3396,0.000972,99.701575,70.804954,2287
CUSTOMER_3187,28,7016.24,1528.86,21.7903,0.000969,99.702544,70.835913,2288
CUSTOMER_1752,37,7012.85,2396.01,34.166,0.000968,99.703512,70.866873,2289
CUSTOMER_2607,68,7008.89,1939.25,27.6684,0.000968,99.70448,70.897833,2290
CUSTOMER_2238,66,6940.22,1333.95,19.2206,0.000958,99.705438,70.928793,2291
CUSTOMER_1592,48,6925.73,1302.33,18.8042,0.000956,99.706394,70.959752,2292
CUSTOMER_1434,42,6916.59,1475.94,21.3392,0.000955,99.707348,70.990712,2293
CUSTOMER_2465,25,6880.48,1890.07,27.4701,0.00095,99.708298,71.021672,2294
CUSTOMER_3089,14,6876.29,2719.07,39.5427,0.000949,99.709247,71.052632,2295
CUSTOMER_1095,46,6863.27,1972.8,28.7443,0.000947,99.710195,71.083591,2296
CUSTOMER_2733,46,6835.17,1768.15,25.8685,0.000944,99.711138,71.114551,2297
CUSTOMER_0080,49,6817.68,1608.27,23.5897,0.000941,99.712079,71.145511,2298
CUSTOMER_2676,46,6789.7,2086.92,30.7365,0.000937,99.713017,71.176471,2299
CUSTOMER_0534,84,6773.4,1489.35,21.9883,0.000935,99.713952,71.20743,2300
CUSTOMER_1749,17,6767.57,1556.67,23.0019,0.000934,99.714886,71.23839,2301
CUSTOMER_3172,27,6738.62,1090.69,16.1856,0.00093,99.715816,71.26935,2302
CUSTOMER_1074,50,6731.99,1922.01,28.5505,0.000929,99.716745,71.30031,2303
CUSTOMER_0525,27,6713.41,2284.22,34.0247,0.000927,99.717672,71.331269,2304
CUSTOMER_3136,16,6709.03,1101.16,16.4132,0.000926,99.718598,71.362229,2305
CUSTOMER_0036,44,6681.67,1447.48,21.6635,0.000922,99.719521,71.393189,2306
CUSTOMER_0830,100,6681.64,1532.38,22.9342,0.000922,99.720443,71.424149,2307
CUSTOMER_1092,48,6670.48,1921.67,28.8085,0.000921,99.721364,71.455108,2308
CUSTOMER_2992,56,6624.59,1289.17,19.4604,0.000914,99.722278,71.486068,2309
CUSTOMER_2089,32,6607.33,1517.15,22.9617,0.000912,99.72319,71.517028,2310
CUSTOMER_1013,86,6574.81,1715.41,26.0906,0.000908,99.724098,71.547988,2311
CUSTOMER_0441,26,6529.0,1457.03,22.3162,0.000901,99.724999,71.578947,2312
CUSTOMER_1128,55,6526.84,1553.85,23.8071,0.000901,99.7259,71.609907,2313
CUSTOMER_2460,17,6502.52,1155.7,17.7731,0.000898,99.726798,71.640867,2314
CUSTOMER_1445,51,6499.77,1552.02,23.878,0.000897,99.727695,71.671827,2315
CUSTOMER_0907,80,6471.58,1567.17,24.2162,0.000893,99.728588,71.702786,2316
CUSTOMER_0931,1,6471.25,894.28,13.8194,0.000893,99.729482,71.733746,2317
CUSTOMER_2606,38,6463.84,2121.31,32.8182,0.000892,99.730374,71.764706,2318
CUSTOMER_0025,103,6438.68,684.23,10.6268,0.000889,99.731263,71.795666,2319
CUSTOMER_0295,91,6404.48,1662.81,25.9632,0.000884,99.732147,71.826625,2320
CUSTOMER_1446,38,6403.33,1535.18,23.9747,0.000884,99.733031,71.857585,2321
CUSTOMER_0768,47,6376.19,1763.85,27.6631,0.00088,99.733911,71.888545,2322
CUSTOMER_2781,61,6361.5,1397.17,21.963,0.000878,99.734789,71.919505,2323
CUSTOMER_0012,562,6354.25,1820.32,28.6473,0.000877,99.735666,71.950464,2324
CUSTOMER_2642,22,6331.6,1529.7,24.1597,0.000874,99.73654,71.981424,2325
CUSTOMER_2746,92,6319.38,1510.27,23.899,0.000872,99.737412,72.012384,2326
CUSTOMER_2920,7,6293.3,842.08,13.3806,0.000869,99.738281,72.043344,2327
CUSTOMER_1178,4,6289.86,868.44,13.807,0.000868,99.739149,72.074303,2328
CUSTOMER_1247,18,6284.31,1077.4,17.1443,0.000867,99.740017,72.105263,2329
CUSTOMER_3204,166,6259.34,1755.91,28.0527,0.000864,99.740881,72.136223,2330
CUSTOMER_2142,25,6248.24,850.98,13.6195,0.000863,99.741743,72.167183,2331
CUSTOMER_1172,90,6245.68,2114.99,33.8632,0.000862,99.742606,72.198142,2332
CUSTOMER_3152,8,6200.18,1492.43,24.0708,0.000856,99.743462,72.229102,2333
CUSTOMER_2811,7,6185.6,1358.86,21.9681,0.000854,99.744315,72.260062,2334
CUSTOMER_2461,77,6173.94,1948.47,31.5596,0.000852,99.745168,72.291022,2335
CUSTOMER_2490,53,6157.85,1684.14,27.3495,0.00085,99.746018,72.321981,2336
CUSTOMER_2151,57,6141.65,1520.43,24.7561,0.000848,99.746865,72.352941,2337
CUSTOMER_1991,29,6121.79,1350.14,22.0547,0.000845,99.747711,72.383901,2338
CUSTOMER_0634,62,6117.66,1804.88,29.5029,0.000844,99.748555,72.414861,2339
CUSTOMER_2910,21,6106.69,1081.81,17.7152,0.000843,99.749398,72.44582,2340
CUSTOMER_0216,124,6087.29,1811.7,29.762,0.00084,99.750238,72.47678,2341
CUSTOMER_1014,82,6078.68,1573.91,25.8922,0.000839,99.751077,72.50774,2342
CUSTOMER_1646,82,6070.41,1905.95,31.3975,0.000838,99.751915,72.5387,2343
CUSTOMER_2434,12,6060.95,1986.36,32.7731,0.000837,99.752752,72.569659,2344
CUSTOMER_3006,60,6053.9,1489.63,24.6062,0.000836,99.753588,72.600619,2345
CUSTOMER_2818,30,6049.99,2483.12,41.0434,0.000835,99.754423,72.631579,2346
CUSTOMER_0229,34,5986.33,1340.43,22.3915,0.000826,99.755249,72.662539,2347
CUSTOMER_2591,33,5943.28,1065.89,17.9343,0.00082,99.75607,72.693498,2348
CUSTOMER_2072,53,5935.3,1423.19,23.9785,0.000819,99.756889,72.724458,2349
CUSTOMER_1582,9,5925.16,1261.34,21.2879,0.000818,99.757707,72.755418,2350
CUSTOMER_3106,152,5920.33,1893.29,31.9794,0.000817,99.758524,72.786378,2351
CUSTOMER_0238,60,5918.26,1453.16,24.5538,0.000817,99.759341,72.817337,2352
CUSTOMER_0425,69,5887.84,1625.68,27.6108,0.000813,99.760154,72.848297,2353
CUSTOMER_2795,94,5884.47,1765.88,30.0091,0.000812,99.760966,72.879257,2354
CUSTOMER_0310,79,5863.25,1886.6,32.1767,0.000809,99.761775,72.910217,2355
CUSTOMER_0743,45,5845.34,1479.85,25.3167,0.000807,99.762582,72.941176,2356
CUSTOMER_2094,76,5844.08,858.63,14.6924,0.000807,99.763389,72.972136,2357
CUSTOMER_2150,106,5827.28,1897.01,32.554,0.000804,99.764194,73.003096,2358
CUSTOMER_3209,227,5801.76,1389.2,23.9445,0.000801,99.764994,73.034056,2359
CUSTOMER_0268,78,5799.57,1639.4,28.2676,0.000801,99.765795,73.065015,2360
CUSTOMER_1609,80,5790.87,1476.42,25.4956,0.000799,99.766594,73.095975,2361
CUSTOMER_0249,17,5788.74,1722.02,29.7477,0.000799,99.767393,73.126935,2362
CUSTOMER_2368,38,5783.22,1080.7,18.6867,0.000798,99.768192,73.157895,2363
CUSTOMER_0707,39,5765.62,1697.72,29.4455,0.000796,99.768988,73.188854,2364
CUSTOMER_2615,24,5743.98,1379.76,24.021,0.000793,99.769781,73.219814,2365
CUSTOMER_1914,16,5743.57,1555.44,27.0815,0.000793,99.770573,73.250774,2366
CUSTOMER_2593,33,5728.15,1480.01,25.8374,0.000791,99.771364,73.281734,2367
CUSTOMER_0966,47,5711.59,1271.71,22.2655,0.000788,99.772153,73.312693,2368
CUSTOMER_0266,74,5698.53,1648.13,28.9221,0.000787,99.772939,73.343653,2369
CUSTOMER_0241,26,5683.21,1656.95,29.1552,0.000785,99.773724,73.374613,2370
CUSTOMER_2091,38,5682.43,1552.06,27.3133,0.000784,99.774508,73.405573,2371
CUSTOMER_2871,16,5676.04,963.77,16.9796,0.000784,99.775292,73.436533,2372
CUSTOMER_1478,54,5660.87,1590.08,28.0891,0.000781,99.776073,73.467492,2373
CUSTOMER_2633,23,5655.92,1139.69,20.1504,0.000781,99.776854,73.498452,2374
CUSTOMER_2868,46,5638.78,1595.84,28.3011,0.000778,99.777632,73.529412,2375
CUSTOMER_0963,33,5631.94,958.35,17.0163,0.000777,99.77841,73.560372,2376
CUSTOMER_0704,13,5627.43,1085.3,19.286,0.000777,99.779186,73.591331,2377
CUSTOMER_1940,50,5620.25,1208.04,21.4944,0.000776,99.779962,73.622291,2378
CUSTOMER_2338,8,5615.62,1316.94,23.4513,0.000775,99.780737,73.653251,2379
CUSTOMER_0980,73,5584.23,1328.67,23.7932,0.000771,99.781508,73.684211,2380
CUSTOMER_2353,25,5561.37,1089.81,19.5961,0.000768,99.782276,73.71517,2381
CUSTOMER_1859,17,5549.92,1505.29,27.1228,0.000766,99.783042,73.74613,2382
CUSTOMER_2793,35,5509.31,749.65,13.6069,0.000761,99.783803,73.77709,2383
CUSTOMER_1525,58,5483.65,1690.09,30.8205,0.000757,99.78456,73.80805,2384
CUSTOMER_2821,66,5447.94,1519.47,27.8908,0.000752,99.785312,73.839009,2385
CUSTOMER_1653,75,5440.73,1248.91,22.9549,0.000751,99.786063,73.869969,2386
CUSTOMER_0257,40,5438.72,1276.93,23.4784,0.000751,99.786813,73.900929,2387
CUSTOMER_0937,63,5382.92,1358.13,25.2303,0.000743,99.787556,73.931889,2388
CUSTOMER_1055,10,5375.48,1281.91,23.8473,0.000742,99.788299,73.962848,2389
CUSTOMER_1990,37,5364.79,1048.68,19.5475,0.000741,99.789039,73.993808,2390
CUSTOMER_0535,75,5359.73,968.1,18.0625,0.00074,99.789779,74.024768,2391
CUSTOMER_2773,48,5274.19,1444.67,27.3914,0.000728,99.790507,74.055728,2392
CUSTOMER_1943,43,5267.34,1071.96,20.3511,0.000727,99.791234,74.086687,2393
CUSTOMER_0706,36,5264.04,1560.05,29.636,0.000727,99.791961,74.117647,2394
CUSTOMER_0791,24,5217.88,1184.11,22.6933,0.00072,99.792681,74.148607,2395
CUSTOMER_0536,58,5210.42,916.96,17.5986,0.000719,99.7934,74.179567,2396
CUSTOMER_0324,26,5209.69,1077.96,20.6915,0.000719,99.794119,74.210526,2397
CUSTOMER_1015,77,5180.14,1434.95,27.701,0.000715,99.794835,74.241486,2398
CUSTOMER_1046,23,5179.29,1137.53,21.9629,0.000715,99.795549,74.272446,2399
CUSTOMER_1622,18,5154.4,1319.83,25.6058,0.000712,99.796261,74.303406,2400
CUSTOMER_0317,77,5137.78,1425.14,27.7385,0.000709,99.79697,74.334365,2401
CUSTOMER_0327,63,5135.25,879.96,17.1357,0.000709,99.797679,74.365325,2402
CUSTOMER_2949,7,5099.11,707.45,13.874,0.000704,99.798383,74.396285,2403
CUSTOMER_2646,45,5097.02,1815.05,35.61,0.000704,99.799087,74.427245,2404
CUSTOMER_1515,45,5096.52,1865.24,36.5984,0.000704,99.79979,74.458204,2405
CUSTOMER_1630,35,5094.94,1517.97,29.7938,0.000703,99.800493,74.489164,2406
CUSTOMER_0200,79,5092.85,1371.18,26.9236,0.000703,99.801196,74.520124,2407
CUSTOMER_0177,43,5089.57,1142.09,22.4399,0.000703,99.801899,74.551084,2408
CUSTOMER_2834,58,5080.16,1508.11,29.6863,0.000701,99.8026,74.582043,2409
CUSTOMER_0991,77,5058.95,1281.67,25.3348,0.000698,99.803299,74.613003,2410
CUSTOMER_3170,20,5057.4,1622.48,32.0813,0.000698,99.803997,74.643963,2411
CUSTOMER_2763,25,5050.68,915.96,18.1353,0.000697,99.804694,74.674923,2412
CUSTOMER_2924,22,5044.22,1246.19,24.7053,0.000696,99.80539,74.705882,2413
CUSTOMER_0353,132,5034.13,1845.74,36.6645,0.000695,99.806085,74.736842,2414
CUSTOMER_1295,61,5030.08,1519.89,30.2161,0.000694,99.80678,74.767802,2415
CUSTOMER_2383,46,5024.09,1465.97,29.1789,0.000694,99.807473,74.798762,2416
CUSTOMER_2173,23,5005.6,1418.21,28.3325,0.000691,99.808164,74.829721,2417
CUSTOMER_0997,75,4996.64,1289.44,25.8061,0.00069,99.808854,74.860681,2418
CUSTOMER_1501,55,4993.65,1493.73,29.9127,0.000689,99.809543,74.891641,2419
CUSTOMER_0176,23,4986.31,812.01,16.2848,0.000688,99.810231,74.922601,2420
CUSTOMER_3095,34,4979.63,1189.6,23.8894,0.000687,99.810919,74.95356,2421
CUSTOMER_1841,4,4970.09,872.49,17.5548,0.000686,99.811605,74.98452,2422
CUSTOMER_1482,22,4969.52,1752.23,35.2596,0.000686,99.812291,75.01548,2423
CUSTOMER_1711,12,4958.89,889.44,17.9362,0.000685,99.812975,75.04644,2424
CUSTOMER_0945,7,4951.28,880.91,17.7915,0.000683,99.813659,75.077399,2425
CUSTOMER_2835,88,4947.75,1691.14,34.18,0.000683,99.814342,75.108359,2426
CUSTOMER_0431,52,4935.81,1485.81,30.1027,0.000681,99.815023,75.139319,2427
CUSTOMER_0971,34,4915.07,1100.05,22.3812,0.000678,99.815702,75.170279,2428
CUSTOMER_1356,47,4904.88,1569.53,31.9994,0.000677,99.816379,75.201238,2429
CUSTOMER_1862,82,4898.01,1257.47,25.673,0.000676,99.817055,75.232198,2430
CUSTOMER_1215,2,4874.73,1339.13,27.4708,0.000673,99.817728,75.263158,2431
CUSTOMER_0151,24,4861.7,1841.16,37.8707,0.000671,99.818399,75.294118,2432
CUSTOMER_2356,37,4861.44,1187.69,24.4308,0.000671,99.81907,75.325077,2433
CUSTOMER_1009,63,4860.2,1310.53,26.9645,0.000671,99.819741,75.356037,2434
CUSTOMER_1315,49,4843.21,1490.11,30.7669,0.000669,99.820409,75.386997,2435
CUSTOMER_3049,35,4836.74,1451.65,30.0131,0.000668,99.821077,75.417957,2436
CUSTOMER_0999,68,4816.16,1278.43,26.5445,0.000665,99.821742,75.448916,2437
CUSTOMER_2363,48,4798.1,1340.6,27.9403,0.000662,99.822404,75.479876,2438
CUSTOMER_0829,79,4793.97,1000.69,20.874,0.000662,99.823066,75.510836,2439
CUSTOMER_0026,70,4781.44,705.59,14.7568,0.00066,99.823726,75.541796,2440
CUSTOMER_2388,38,4754.1,924.34,19.4429,0.000656,99.824382,75.572755,2441
CUSTOMER_1008,61,4739.36,1247.71,26.3266,0.000654,99.825037,75.603715,2442
CUSTOMER_0391,60,4718.95,1171.76,24.8309,0.000651,99.825688,75.634675,2443
CUSTOMER_0930,50,4718.74,1226.41,25.9901,0.000651,99.826339,75.665635,2444
CUSTOMER_2535,3,4692.03,1085.54,23.1358,0.000648,99.826987,75.696594,2445
CUSTOMER_0859,69,4690.96,1205.4,25.6963,0.000648,99.827635,75.727554,2446
CUSTOMER_0719,55,4688.42,1451.6,30.9613,0.000647,99.828282,75.758514,2447
CUSTOMER_1299,16,4644.45,1239.54,26.6887,0.000641,99.828923,75.789474,2448
CUSTOMER_0848,16,4636.36,1249.05,26.9404,0.00064,99.829563,75.820433,2449
CUSTOMER_0360,79,4619.92,1188.86,25.7333,0.000638,99.830201,75.851393,2450
CUSTOMER_2304,3,4609.34,1259.77,27.3308,0.000636,99.830837,75.882353,2451
CUSTOMER_3181,60,4586.25,1508.81,32.8984,0.000633,99.83147,75.913313,2452
CUSTOMER_3223,8,4579.98,1031.76,22.5276,0.000632,99.832102,75.944272,2453
CUSTOMER_2888,18,4573.27,1181.64,25.838,0.000631,99.832734,75.975232,2454
CUSTOMER_1010,67,4555.19,1134.55,24.9068,0.000629,99.833362,76.006192,2455
CUSTOMER_0778,14,4534.88,916.7,20.2144,0.000626,99.833988,76.037152,2456
CUSTOMER_0254,33,4527.89,1106.74,24.4427,0.000625,99.834613,76.068111,2457
CUSTOMER_0439,5,4511.77,727.98,16.1351,0.000623,99.835236,76.099071,2458
CUSTOMER_1496,38,4505.09,1224.74,27.1858,0.000622,99.835858,76.130031,2459
CUSTOMER_2358,60,4480.27,1446.5,32.286,0.000618,99.836477,76.160991,2460
CUSTOMER_0023,43,4462.97,1201.23,26.9155,0.000616,99.837093,76.19195,2461
CUSTOMER_0524,4,4454.41,1272.48,28.5668,0.000615,99.837707,76.22291,2462
CUSTOMER_1290,14,4448.73,1637.91,36.8175,0.000614,99.838322,76.25387,2463
CUSTOMER_0720,28,4436.78,1318.46,29.7165,0.000612,99.838934,76.28483,2464
CUSTOMER_0996,68,4422.71,1153.56,26.0827,0.000611,99.839545,76.315789,2465
CUSTOMER_2337,17,4418.93,1313.7,29.729,0.00061,99.840155,76.346749,2466
CUSTOMER_2841,16,4407.83,799.75,18.1438,0.000608,99.840763,76.377709,2467
CUSTOMER_2492,23,4400.47,636.67,14.4683,0.000607,99.84137,76.408669,2468
CUSTOMER_1512,48,4393.2,1347.97,30.6832,0.000606,99.841977,76.439628,2469
CUSTOMER_1235,38,4363.56,1059.61,24.2832,0.000602,99.842579,76.470588,2470
CUSTOMER_2008,92,4327.7,1268.56,29.3125,0.000597,99.843177,76.501548,2471
CUSTOMER_2316,32,4314.47,1251.25,29.0011,0.000596,99.843772,76.532508,2472
CUSTOMER_2031,55,4305.73,998.68,23.1942,0.000594,99.844367,76.563467,2473
CUSTOMER_1795,88,4263.97,-1276.76,-29.943,0.000589,99.844955,76.594427,2474
CUSTOMER_3066,26,4256.14,632.68,14.8651,0.000588,99.845543,76.625387,2475
CUSTOMER_1286,17,4235.37,887.96,20.9654,0.000585,99.846127,76.656347,2476
CUSTOMER_3090,41,4231.45,751.92,17.7698,0.000584,99.846711,76.687307,2477
CUSTOMER_0250,20,4222.14,1117.73,26.473,0.000583,99.847294,76.718266,2478
CUSTOMER_1205,67,4217.88,1007.07,23.8762,0.000582,99.847877,76.749226,2479
CUSTOMER_0911,43,4212.46,823.21,19.5422,0.000581,99.848458,76.780186,2480
CUSTOMER_2372,62,4210.13,1105.48,26.2576,0.000581,99.849039,76.811146,2481
CUSTOMER_2925,10,4200.96,1072.0,25.5181,0.00058,99.849619,76.842105,2482
CUSTOMER_2772,87,4197.6,753.75,17.9567,0.000579,99.850199,76.873065,2483
CUSTOMER_0938,58,4186.36,1052.96,25.1521,0.000578,99.850776,76.904025,2484
CUSTOMER_0751,14,4184.57,901.8,21.5505,0.000578,99.851354,76.934985,2485
CUSTOMER_0011,251,4172.81,1010.97,24.2275,0.000576,99.85193,76.965944,2486
CUSTOMER_2881,42,4168.69,1048.64,25.155,0.000575,99.852506,76.996904,2487
CUSTOMER_3200,173,4168.43,709.42,17.0189,0.000575,99.853081,77.027864,2488
CUSTOMER_3196,225,4164.29,938.3,22.5321,0.000575,99.853656,77.058824,2489
CUSTOMER_2923,39,4163.61,1454.29,34.9286,0.000575,99.854231,77.089783,2490
CUSTOMER_3230,154,4161.81,1004.88,24.1452,0.000575,99.854805,77.120743,2491
CUSTOMER_2826,58,4147.73,1342.14,32.3584,0.000573,99.855378,77.151703,2492
CUSTOMER_2134,12,4139.58,991.49,23.9514,0.000571,99.855949,77.182663,2493
CUSTOMER_1328,7,4120.32,1038.96,25.2155,0.000569,99.856518,77.213622,2494
CUSTOMER_0828,48,4112.32,1058.84,25.748,0.000568,99.857085,77.244582,2495
CUSTOMER_0502,30,4085.04,1362.21,33.3462,0.000564,99.857649,77.275542,2496
CUSTOMER_0445,15,4082.59,1083.92,26.5497,0.000564,99.858213,77.306502,2497
CUSTOMER_2787,33,4080.15,1013.77,24.8463,0.000563,99.858776,77.337461,2498
CUSTOMER_2248,34,4071.48,889.8,21.8546,0.000562,99.859338,77.368421,2499
CUSTOMER_2736,12,4058.33,1155.17,28.4641,0.00056,99.859898,77.399381,2500
CUSTOMER_1011,59,4049.25,1035.49,25.5724,0.000559,99.860457,77.430341,2501
CUSTOMER_3224,169,4043.4,999.09,24.7093,0.000558,99.861016,77.4613,2502
CUSTOMER_1001,64,4036.79,994.27,24.6302,0.000557,99.861573,77.49226,2503
CUSTOMER_0998,51,4025.25,1033.14,25.6665,0.000556,99.862128,77.52322,2504
CUSTOMER_2935,50,4019.59,947.95,23.5832,0.000555,99.862683,77.55418,2505
CUSTOMER_0564,44,4009.76,981.96,24.4892,0.000554,99.863237,77.585139,2506
CUSTOMER_0585,2,3987.96,796.06,19.9615,0.000551,99.863787,77.616099,2507
CUSTOMER_3137,5,3976.7,0.0,0.0,0.000549,99.864336,77.647059,2508
CUSTOMER_0044,21,3968.93,800.23,20.1623,0.000548,99.864884,77.678019,2509
CUSTOMER_0496,4,3967.23,486.97,12.2748,0.000548,99.865432,77.708978,2510
CUSTOMER_2620,16,3963.65,1170.46,29.5298,0.000547,99.865979,77.739938,2511
CUSTOMER_0826,59,3958.97,887.59,22.4198,0.000546,99.866525,77.770898,2512
CUSTOMER_0074,26,3940.42,1016.99,25.8091,0.000544,99.867069,77.801858,2513
CUSTOMER_1673,36,3940.25,696.68,17.6812,0.000544,99.867613,77.832817,2514
CUSTOMER_0500,13,3921.72,1244.29,31.7283,0.000541,99.868155,77.863777,2515
CUSTOMER_0949,8,3901.12,738.31,18.9255,0.000539,99.868693,77.894737,2516
CUSTOMER_1383,50,3877.25,805.39,20.7721,0.000535,99.869228,77.925697,2517
CUSTOMER_0030,198,3853.25,1016.28,26.3746,0.000532,99.86976,77.956656,2518
CUSTOMER_0366,88,3838.46,1040.94,27.1187,0.00053,99.87029,77.987616,2519
CUSTOMER_1292,36,3833.06,934.02,24.3674,0.000529,99.870819,78.018576,2520
CUSTOMER_1831,52,3826.62,1007.8,26.3365,0.000528,99.871347,78.049536,2521
CUSTOMER_0390,58,3820.65,1073.92,28.1082,0.000527,99.871875,78.080495,2522
CUSTOMER_1541,6,3816.2,432.49,11.3329,0.000527,99.872402,78.111455,2523
CUSTOMER_2734,48,3794.2,980.64,25.8457,0.000524,99.872925,78.142415,2524
CUSTOMER_2221,6,3783.35,956.16,25.2729,0.000522,99.873448,78.173375,2525
CUSTOMER_1905,36,3781.34,1044.12,27.6125,0.000522,99.87397,78.204334,2526
CUSTOMER_2585,28,3781.25,829.91,21.948,0.000522,99.874492,78.235294,2527
CUSTOMER_1650,64,3779.14,970.6,25.683,0.000522,99.875013,78.266254,2528
CUSTOMER_0440,65,3756.69,1015.51,27.032,0.000519,99.875532,78.297214,2529
CUSTOMER_1326,23,3748.3,845.23,22.5496,0.000517,99.876049,78.328173,2530
CUSTOMER_1184,67,3736.26,1151.18,30.8111,0.000516,99.876565,78.359133,2531
CUSTOMER_0527,43,3734.52,904.32,24.2152,0.000516,99.877081,78.390093,2532
CUSTOMER_2013,71,3732.68,908.72,24.3449,0.000515,99.877596,78.421053,2533
CUSTOMER_0701,16,3706.15,1000.74,27.0021,0.000512,99.878107,78.452012,2534
CUSTOMER_1835,77,3678.71,1070.88,29.1103,0.000508,99.878615,78.482972,2535
CUSTOMER_2255,22,3675.11,660.08,17.9608,0.000507,99.879123,78.513932,2536
CUSTOMER_2705,14,3656.73,765.1,20.9232,0.000505,99.879627,78.544892,2537
CUSTOMER_1627,43,3634.39,1197.63,32.9527,0.000502,99.880129,78.575851,2538
CUSTOMER_0762,20,3631.37,340.25,9.3698,0.000501,99.88063,78.606811,2539
CUSTOMER_2333,59,3622.39,923.84,25.5036,0.0005,99.88113,78.637771,2540
CUSTOMER_1077,40,3616.64,898.52,24.844,0.000499,99.88163,78.668731,2541
CUSTOMER_2233,8,3601.25,777.54,21.5909,0.000497,99.882127,78.69969,2542
CUSTOMER_0017,349,3591.69,1091.71,30.3953,0.000496,99.882623,78.73065,2543
CUSTOMER_2611,23,3590.43,1264.81,35.2273,0.000496,99.883118,78.76161,2544
CUSTOMER_0921,28,3580.56,882.55,24.6485,0.000494,99.883612,78.79257,2545
CUSTOMER_0154,55,3542.17,1109.02,31.309,0.000489,99.884101,78.823529,2546
CUSTOMER_2122,37,3530.11,920.58,26.0779,0.000487,99.884589,78.854489,2547
CUSTOMER_2867,25,3529.91,1034.69,29.3119,0.000487,99.885076,78.885449,2548
CUSTOMER_1797,13,3528.33,1037.47,29.404,0.000487,99.885563,78.916409,2549
CUSTOMER_3225,106,3527.31,-444.32,-12.5966,0.000487,99.88605,78.947368,2550
CUSTOMER_2647,25,3517.5,820.99,23.3401,0.000486,99.886535,78.978328,2551
CUSTOMER_0896,15,3507.3,478.69,13.6484,0.000484,99.88702,79.009288,2552
CUSTOMER_3214,173,3502.22,896.28,25.5919,0.000483,99.887503,79.040248,2553
CUSTOMER_3081,1,3495.67,78.24,2.2383,0.000483,99.887986,79.071207,2554
CUSTOMER_0132,17,3494.21,957.32,27.3972,0.000482,99.888468,79.102167,2555
CUSTOMER_3186,28,3480.25,904.21,25.9811,0.00048,99.888948,79.133127,2556
CUSTOMER_1580,37,3472.66,1028.27,29.6103,0.000479,99.889428,79.164087,2557
CUSTOMER_2817,10,3468.38,1033.44,29.7962,0.000479,99.889907,79.195046,2558
CUSTOMER_1860,43,3465.15,964.02,27.8204,0.000478,99.890385,79.226006,2559
CUSTOMER_2831,23,3439.85,1028.93,29.9121,0.000475,99.89086,79.256966,2560
CUSTOMER_0337,14,3435.11,691.94,20.1433,0.000474,99.891334,79.287926,2561
CUSTOMER_1962,27,3435.0,772.86,22.4994,0.000474,99.891808,79.318885,2562
CUSTOMER_2797,35,3416.51,1019.89,29.8519,0.000472,99.89228,79.349845,2563
CUSTOMER_1825,28,3395.13,746.43,21.9852,0.000469,99.892748,79.380805,2564
CUSTOMER_0330,26,3393.62,959.18,28.2643,0.000468,99.893217,79.411765,2565
CUSTOMER_1312,3,3376.07,739.59,21.9067,0.000466,99.893683,79.442724,2566
CUSTOMER_2325,19,3349.59,820.02,24.4811,0.000462,99.894145,79.473684,2567
CUSTOMER_1718,8,3349.5,536.89,16.0291,0.000462,99.894608,79.504644,2568
CUSTOMER_3007,33,3340.48,771.18,23.0858,0.000461,99.895069,79.535604,2569
CUSTOMER_0112,22,3309.19,999.1,30.1917,0.000457,99.895526,79.566563,2570
CUSTOMER_2986,31,3301.05,830.2,25.1497,0.000456,99.895981,79.597523,2571
CUSTOMER_2827,26,3291.21,790.92,24.0314,0.000454,99.896436,79.628483,2572
CUSTOMER_0832,35,3290.18,624.19,18.9714,0.000454,99.89689,79.659443,2573
CUSTOMER_2581,25,3289.93,883.07,26.8417,0.000454,99.897344,79.690402,2574
CUSTOMER_1570,47,3247.98,913.64,28.1296,0.000448,99.897792,79.721362,2575
CUSTOMER_0568,28,3246.71,888.5,27.3662,0.000448,99.89824,79.752322,2576
CUSTOMER_2682,25,3246.1,989.75,30.4903,0.000448,99.898688,79.783282,2577
CUSTOMER_0108,2,3245.14,649.47,20.0137,0.000448,99.899136,79.814241,2578
CUSTOMER_1166,12,3242.42,347.82,10.7273,0.000448,99.899584,79.845201,2579
CUSTOMER_1384,7,3229.25,536.17,16.6036,0.000446,99.90003,79.876161,2580
CUSTOMER_0432,14,3225.12,513.83,15.9321,0.000445,99.900475,79.907121,2581
CUSTOMER_1572,46,3216.67,1111.92,34.5675,0.000444,99.900919,79.93808,2582
CUSTOMER_0345,6,3205.85,1139.62,35.5483,0.000443,99.901362,79.96904,2583
CUSTOMER_2634,22,3203.69,913.94,28.5276,0.000442,99.901804,80.0,2584
CUSTOMER_2594,25,3201.3,834.01,26.0523,0.000442,99.902246,80.03096,2585
CUSTOMER_0638,11,3195.48,314.58,9.8444,0.000441,99.902687,80.06192,2586
CUSTOMER_2668,5,3192.08,577.68,18.0972,0.000441,99.903127,80.092879,2587
CUSTOMER_0606,27,3186.09,653.8,20.5206,0.00044,99.903567,80.123839,2588
CUSTOMER_2689,17,3144.87,892.22,28.3707,0.000434,99.904001,80.154799,2589
CUSTOMER_0567,26,3144.66,926.89,29.475,0.000434,99.904435,80.185759,2590
CUSTOMER_1309,20,3124.42,595.47,19.0587,0.000431,99.904867,80.216718,2591
CUSTOMER_1180,55,3089.05,844.09,27.3253,0.000426,99.905293,80.247678,2592
CUSTOMER_1587,45,3078.41,911.49,29.6092,0.000425,99.905718,80.278638,2593
CUSTOMER_1080,37,3073.57,611.51,19.8957,0.000424,99.906142,80.309598,2594
CUSTOMER_2631,77,3073.22,924.77,30.0913,0.000424,99.906567,80.340557,2595
CUSTOMER_0618,13,3072.6,866.38,28.1971,0.000424,99.906991,80.371517,2596
CUSTOMER_2152,43,3066.53,821.05,26.7744,0.000423,99.907414,80.402477,2597
CUSTOMER_1289,32,3059.6,766.4,25.0491,0.000422,99.907836,80.433437,2598
CUSTOMER_2677,40,3058.67,918.59,30.0324,0.000422,99.908259,80.464396,2599
CUSTOMER_1050,12,3051.79,796.92,26.1132,0.000421,99.90868,80.495356,2600
CUSTOMER_1955,16,3042.77,885.38,29.098,0.00042,99.9091,80.526316,2601
CUSTOMER_2256,8,3042.07,611.34,20.0961,0.00042,99.90952,80.557276,2602
CUSTOMER_2463,6,3030.97,978.79,32.293,0.000418,99.909938,80.588235,2603
CUSTOMER_0750,13,3024.9,979.45,32.3794,0.000418,99.910356,80.619195,2604
CUSTOMER_2331,25,3020.71,837.95,27.7402,0.000417,99.910773,80.650155,2605
CUSTOMER_0968,20,2995.21,1165.59,38.9151,0.000413,99.911186,80.681115,2606
CUSTOMER_1716,26,2993.47,864.75,28.8877,0.000413,99.9116,80.712074,2607
CUSTOMER_2751,14,2991.08,636.22,21.2707,0.000413,99.912012,80.743034,2608
CUSTOMER_0406,46,2989.8,805.74,26.9495,0.000413,99.912425,80.773994,2609
CUSTOMER_0556,18,2979.45,784.86,26.3426,0.000411,99.912836,80.804954,2610
CUSTOMER_2941,16,2975.34,845.57,28.4194,0.000411,99.913247,80.835913,2611
CUSTOMER_1765,43,2972.65,789.73,26.5665,0.00041,99.913657,80.866873,2612
CUSTOMER_3206,132,2972.37,1021.87,34.3789,0.00041,99.914068,80.897833,2613
CUSTOMER_2488,41,2965.32,902.0,30.4183,0.000409,99.914477,80.928793,2614
CUSTOMER_3179,7,2964.07,817.81,27.5909,0.000409,99.914886,80.959752,2615
CUSTOMER_1721,46,2961.05,798.77,26.9758,0.000409,99.915295,80.990712,2616
CUSTOMER_2749,21,2959.32,1064.71,35.9783,0.000409,99.915704,81.021672,2617
CUSTOMER_1063,13,2951.73,884.4,29.9621,0.000407,99.916111,81.052632,2618
CUSTOMER_2423,1,2950.82,206.97,7.014,0.000407,99.916518,81.083591,2619
CUSTOMER_0410,31,2917.02,1031.13,35.3487,0.000403,99.916921,81.114551,2620
CUSTOMER_1164,40,2907.92,870.14,29.9231,0.000401,99.917322,81.145511,2621
CUSTOMER_0533,28,2901.78,478.47,16.489,0.000401,99.917723,81.176471,2622
CUSTOMER_2422,1,2899.16,203.35,7.014,0.0004,99.918123,81.20743,2623
CUSTOMER_0273,14,2890.47,666.01,23.0415,0.000399,99.918522,81.23839,2624
CUSTOMER_3047,23,2872.75,421.7,14.6794,0.000397,99.918919,81.26935,2625
CUSTOMER_2883,14,2859.12,704.73,24.6483,0.000395,99.919313,81.30031,2626
CUSTOMER_3184,7,2848.1,577.81,20.2874,0.000393,99.919707,81.331269,2627
CUSTOMER_0849,2,2847.35,637.18,22.378,0.000393,99.9201,81.362229,2628
CUSTOMER_1300,17,2846.76,666.78,23.4225,0.000393,99.920493,81.393189,2629
CUSTOMER_0342,26,2844.94,706.56,24.8356,0.000393,99.920885,81.424149,2630
CUSTOMER_3202,9,2799.54,556.69,19.885,0.000386,99.921272,81.455108,2631
CUSTOMER_1259,2,2795.85,945.97,33.8346,0.000386,99.921658,81.486068,2632
CUSTOMER_1263,37,2795.27,695.84,24.8934,0.000386,99.922044,81.517028,2633
CUSTOMER_1350,3,2794.78,824.32,29.4949,0.000386,99.922429,81.547988,2634
CUSTOMER_1140,17,2792.09,749.06,26.8281,0.000385,99.922815,81.578947,2635
CUSTOMER_2227,32,2778.53,561.39,20.2046,0.000384,99.923198,81.609907,2636
CUSTOMER_2985,4,2756.34,755.22,27.3995,0.00038,99.923579,81.640867,2637
CUSTOMER_3217,141,2755.78,810.06,29.3947,0.00038,99.923959,81.671827,2638
CUSTOMER_2499,22,2754.99,485.88,17.6365,0.00038,99.92434,81.702786,2639
CUSTOMER_2979,13,2750.57,546.11,19.8544,0.00038,99.924719,81.733746,2640
CUSTOMER_1636,3,2745.9,686.59,25.0043,0.000379,99.925098,81.764706,2641
CUSTOMER_1638,4,2742.22,733.15,26.7355,0.000379,99.925477,81.795666,2642
CUSTOMER_0061,189,2735.3,525.13,19.1983,0.000378,99.925854,81.826625,2643
CUSTOMER_3203,23,2724.77,639.86,23.4833,0.000376,99.92623,81.857585,2644
CUSTOMER_3158,2,2712.13,388.63,14.3294,0.000374,99.926605,81.888545,2645
CUSTOMER_2573,16,2704.13,810.47,29.9715,0.000373,99.926978,81.919505,2646
CUSTOMER_0215,5,2699.02,665.26,24.6483,0.000373,99.927351,81.950464,2647
CUSTOMER_0395,14,2695.05,722.36,26.8031,0.000372,99.927723,81.981424,2648
CUSTOMER_1444,8,2685.77,398.57,14.8402,0.000371,99.928094,82.012384,2649
CUSTOMER_1474,7,2678.79,543.03,20.2714,0.00037,99.928463,82.043344,2650
CUSTOMER_2909,7,2632.16,412.8,15.6829,0.000363,99.928827,82.074303,2651
CUSTOMER_1376,16,2631.52,637.59,24.2291,0.000363,99.92919,82.105263,2652
CUSTOMER_1413,2,2586.17,549.8,21.2593,0.000357,99.929547,82.136223,2653
CUSTOMER_0321,22,2582.13,887.75,34.3805,0.000356,99.929903,82.167183,2654
CUSTOMER_3219,64,2572.76,0.47,0.0182,0.000355,99.930258,82.198142,2655
CUSTOMER_2307,27,2570.33,685.86,26.6837,0.000355,99.930613,82.229102,2656
CUSTOMER_2978,52,2553.49,743.37,29.1118,0.000352,99.930966,82.260062,2657
CUSTOMER_2595,15,2552.15,703.97,27.5835,0.000352,99.931318,82.291022,2658
CUSTOMER_2439,5,2549.32,644.51,25.2816,0.000352,99.93167,82.321981,2659
CUSTOMER_2473,4,2545.08,449.9,17.6772,0.000351,99.932021,82.352941,2660
CUSTOMER_2208,10,2516.62,559.07,22.2153,0.000347,99.932369,82.383901,2661
CUSTOMER_0827,39,2513.35,601.66,23.9386,0.000347,99.932716,82.414861,2662
CUSTOMER_2136,4,2509.26,652.6,26.0077,0.000346,99.933062,82.44582,2663
CUSTOMER_0722,20,2504.05,641.31,25.6111,0.000346,99.933408,82.47678,2664
CUSTOMER_2718,11,2491.84,806.54,32.3674,0.000344,99.933752,82.50774,2665
CUSTOMER_2583,8,2473.03,710.62,28.7346,0.000341,99.934093,82.5387,2666
CUSTOMER_1120,5,2457.41,715.23,29.1052,0.000339,99.934432,82.569659,2667
CUSTOMER_0471,16,2454.05,466.54,19.0109,0.000339,99.934771,82.600619,2668
CUSTOMER_1933,14,2449.39,652.28,26.6305,0.000338,99.935109,82.631579,2669
CUSTOMER_2510,23,2447.13,630.7,25.7729,0.000338,99.935447,82.662539,2670
CUSTOMER_2547,3,2445.87,785.42,32.112,0.000338,99.935785,82.693498,2671
CUSTOMER_1693,8,2436.86,223.6,9.1757,0.000336,99.936121,82.724458,2672
CUSTOMER_0467,20,2436.17,732.86,30.0826,0.000336,99.936457,82.755418,2673
CUSTOMER_2148,25,2430.1,527.76,21.7177,0.000335,99.936793,82.786378,2674
CUSTOMER_2897,4,2406.1,771.17,32.0507,0.000332,99.937125,82.817337,2675
CUSTOMER_2657,56,2402.09,721.83,30.0503,0.000332,99.937456,82.848297,2676
CUSTOMER_1776,20,2389.76,535.8,22.4208,0.00033,99.937786,82.879257,2677
CUSTOMER_3199,23,2371.85,532.42,22.4473,0.000327,99.938114,82.910217,2678
CUSTOMER_1424,18,2353.28,407.31,17.308,0.000325,99.938439,82.941176,2679
CUSTOMER_0446,28,2346.09,622.31,26.5253,0.000324,99.938762,82.972136,2680
CUSTOMER_1563,33,2344.83,561.05,23.9271,0.000324,99.939086,83.003096,2681
CUSTOMER_2100,10,2336.56,578.16,24.7442,0.000323,99.939409,83.034056,2682
CUSTOMER_1647,15,2336.02,959.77,41.0857,0.000322,99.939731,83.065015,2683
CUSTOMER_1565,23,2334.64,667.38,28.5859,0.000322,99.940053,83.095975,2684
CUSTOMER_1581,24,2333.64,625.78,26.8156,0.000322,99.940376,83.126935,2685
CUSTOMER_1972,2,2330.67,490.01,21.0246,0.000322,99.940697,83.157895,2686
CUSTOMER_2403,15,2319.71,507.88,21.8942,0.00032,99.941017,83.188854,2687
CUSTOMER_0210,3,2315.45,236.14,10.1983,0.00032,99.941337,83.219814,2688
CUSTOMER_0541,6,2276.88,671.04,29.4718,0.000314,99.941651,83.250774,2689
CUSTOMER_2216,11,2253.53,365.69,16.2276,0.000311,99.941962,83.281734,2690
CUSTOMER_2857,1,2238.85,335.4,14.9808,0.000309,99.942272,83.312693,2691
CUSTOMER_0763,9,2238.27,853.15,38.1166,0.000309,99.942581,83.343653,2692
CUSTOMER_3177,50,2209.49,604.75,27.3707,0.000305,99.942886,83.374613,2693
CUSTOMER_0460,17,2188.49,489.72,22.377,0.000302,99.943188,83.405573,2694
CUSTOMER_1741,32,2188.42,684.04,31.2574,0.000302,99.94349,83.436533,2695
CUSTOMER_1264,23,2175.46,451.59,20.7582,0.0003,99.94379,83.467492,2696
CUSTOMER_0793,25,2170.3,724.94,33.4029,0.0003,99.94409,83.498452,2697
CUSTOMER_2605,24,2167.79,614.25,28.3354,0.000299,99.944389,83.529412,2698
CUSTOMER_1109,32,2162.58,625.06,28.9032,0.000299,99.944687,83.560372,2699
CUSTOMER_1027,41,2151.29,736.86,34.2519,0.000297,99.944984,83.591331,2700
CUSTOMER_2844,6,2137.87,689.27,32.2408,0.000295,99.945279,83.622291,2701
CUSTOMER_1064,6,2127.05,518.22,24.3635,0.000294,99.945573,83.653251,2702
CUSTOMER_2896,18,2112.22,498.16,23.5847,0.000292,99.945865,83.684211,2703
CUSTOMER_1633,2,2104.2,466.93,22.1905,0.00029,99.946155,83.71517,2704
CUSTOMER_0636,32,2095.67,669.23,31.9341,0.000289,99.946444,83.74613,2705
CUSTOMER_0555,11,2090.17,554.6,26.5339,0.000289,99.946733,83.77709,2706
CUSTOMER_2432,1,2087.5,578.71,27.7227,0.000288,99.947021,83.80805,2707
CUSTOMER_2196,21,2083.73,548.67,26.3314,0.000288,99.947309,83.839009,2708
CUSTOMER_1594,12,2081.53,596.92,28.677,0.000287,99.947596,83.869969,2709
CUSTOMER_0356,10,2071.17,509.77,24.6126,0.000286,99.947882,83.900929,2710
CUSTOMER_0332,11,2061.4,298.32,14.4717,0.000285,99.948167,83.931889,2711
CUSTOMER_0106,25,2057.52,528.63,25.6927,0.000284,99.948451,83.962848,2712
CUSTOMER_2586,4,2055.96,272.86,13.2718,0.000284,99.948734,83.993808,2713
CUSTOMER_2184,44,2054.9,737.01,35.8659,0.000284,99.949018,84.024768,2714
CUSTOMER_2456,12,2040.7,464.39,22.7564,0.000282,99.9493,84.055728,2715
CUSTOMER_1802,31,2017.32,558.43,27.6818,0.000278,99.949578,84.086687,2716
CUSTOMER_2696,3,2015.52,578.04,28.6795,0.000278,99.949856,84.117647,2717
CUSTOMER_0040,92,2015.29,452.48,22.4525,0.000278,99.950135,84.148607,2718
CUSTOMER_0225,10,2010.65,604.65,30.0723,0.000278,99.950412,84.179567,2719
CUSTOMER_1274,20,2003.92,471.3,23.5189,0.000277,99.950689,84.210526,2720
CUSTOMER_0429,14,1999.27,506.07,25.3129,0.000276,99.950965,84.241486,2721
CUSTOMER_0593,17,1989.84,492.18,24.7346,0.000275,99.951239,84.272446,2722
CUSTOMER_2987,7,1970.73,-194.84,-9.8866,0.000272,99.951511,84.303406,2723
CUSTOMER_0784,23,1958.03,531.44,27.1415,0.00027,99.951782,84.334365,2724
CUSTOMER_0275,22,1933.81,513.24,26.5404,0.000267,99.952049,84.365325,2725
CUSTOMER_1039,10,1932.62,563.15,29.1392,0.000267,99.952315,84.396285,2726
CUSTOMER_1229,151,1931.28,456.08,23.6155,0.000267,99.952582,84.427245,2727
CUSTOMER_1258,15,1930.5,393.3,20.3728,0.000266,99.952849,84.458204,2728
CUSTOMER_0046,78,1929.42,598.52,31.0206,0.000266,99.953115,84.489164,2729
CUSTOMER_2336,14,1923.35,537.39,27.9403,0.000266,99.95338,84.520124,2730
CUSTOMER_1256,16,1901.44,356.06,18.7255,0.000262,99.953643,84.551084,2731
CUSTOMER_0232,1,1890.63,170.68,9.0278,0.000261,99.953904,84.582043,2732
CUSTOMER_0584,12,1883.86,393.45,20.8854,0.00026,99.954164,84.613003,2733
CUSTOMER_2011,47,1873.82,635.03,33.8897,0.000259,99.954423,84.643963,2734
CUSTOMER_0537,12,1862.72,317.13,17.0252,0.000257,99.95468,84.674923,2735
CUSTOMER_1195,31,1860.43,465.73,25.0334,0.000257,99.954937,84.705882,2736
CUSTOMER_0569,7,1856.38,631.25,34.0044,0.000256,99.955193,84.736842,2737
CUSTOMER_1579,13,1844.71,483.21,26.1945,0.000255,99.955447,84.767802,2738
CUSTOMER_0979,29,1841.19,467.45,25.3883,0.000254,99.955702,84.798762,2739
CUSTOMER_0131,18,1829.3,505.54,27.6355,0.000253,99.955954,84.829721,2740
CUSTOMER_3107,5,1821.13,389.15,21.3685,0.000251,99.956205,84.860681,2741
CUSTOMER_2709,1,1803.6,300.6,16.6667,0.000249,99.956454,84.891641,2742
CUSTOMER_0732,6,1772.37,527.35,29.7542,0.000245,99.956699,84.922601,2743
CUSTOMER_0323,20,1770.62,479.27,27.0677,0.000244,99.956944,84.95356,2744
CUSTOMER_0312,26,1768.0,515.95,29.183,0.000244,99.957188,84.98452,2745
CUSTOMER_3004,37,1758.01,336.04,19.1151,0.000243,99.95743,85.01548,2746
CUSTOMER_1707,21,1748.97,550.79,31.4923,0.000241,99.957672,85.04644,2747
CUSTOMER_0660,8,1740.62,319.5,18.3553,0.00024,99.957912,85.077399,2748
CUSTOMER_1243,31,1725.87,469.82,27.2223,0.000238,99.95815,85.108359,2749
CUSTOMER_0582,42,1712.39,350.63,20.4762,0.000236,99.958387,85.139319,2750
CUSTOMER_0605,5,1711.52,301.59,17.6211,0.000236,99.958623,85.170279,2751
CUSTOMER_0260,15,1700.71,490.06,28.8149,0.000235,99.958858,85.201238,2752
CUSTOMER_0102,23,1698.87,718.7,42.3047,0.000235,99.959092,85.232198,2753
CUSTOMER_0437,3,1698.79,313.48,18.4533,0.000235,99.959327,85.263158,2754
CUSTOMER_1867,18,1694.29,379.4,22.3926,0.000234,99.959561,85.294118,2755
CUSTOMER_0906,9,1683.91,305.67,18.1523,0.000232,99.959793,85.325077,2756
CUSTOMER_2437,4,1681.92,572.31,34.0271,0.000232,99.960025,85.356037,2757
CUSTOMER_0462,8,1675.51,435.95,26.0191,0.000231,99.960256,85.386997,2758
CUSTOMER_1591,37,1674.76,583.94,34.8674,0.000231,99.960488,85.417957,2759
CUSTOMER_2576,8,1671.62,293.74,17.5721,0.000231,99.960718,85.448916,2760
CUSTOMER_2618,8,1654.68,356.12,21.5218,0.000228,99.960947,85.479876,2761
CUSTOMER_0543,5,1638.2,342.43,20.903,0.000226,99.961173,85.510836,2762
CUSTOMER_1257,13,1636.9,335.03,20.4673,0.000226,99.961399,85.541796,2763
CUSTOMER_3086,4,1631.93,495.13,30.3399,0.000225,99.961624,85.572755,2764
CUSTOMER_2598,11,1628.88,298.18,18.3057,0.000225,99.961849,85.603715,2765
CUSTOMER_0398,13,1628.51,585.87,35.976,0.000225,99.962074,85.634675,2766
CUSTOMER_2160,34,1626.45,508.19,31.2452,0.000225,99.962298,85.665635,2767
CUSTOMER_2880,14,1604.33,435.1,27.1204,0.000221,99.96252,85.696594,2768
CUSTOMER_1966,3,1599.9,325.52,20.3463,0.000221,99.962741,85.727554,2769
CUSTOMER_1849,1,1598.19,158.12,9.8934,0.000221,99.962961,85.758514,2770
CUSTOMER_2936,14,1596.77,342.6,21.4555,0.00022,99.963182,85.789474,2771
CUSTOMER_0163,3,1589.94,372.91,23.4544,0.000219,99.963401,85.820433,2772
CUSTOMER_2879,7,1576.86,413.14,26.2004,0.000218,99.963619,85.851393,2773
CUSTOMER_2673,26,1574.94,394.37,25.0401,0.000217,99.963836,85.882353,2774
CUSTOMER_2021,37,1573.49,547.74,34.8108,0.000217,99.964053,85.913313,2775
CUSTOMER_1913,14,1569.16,659.88,42.053,0.000217,99.96427,85.944272,2776
CUSTOMER_1996,18,1568.1,333.13,21.2439,0.000216,99.964487,85.975232,2777
CUSTOMER_1852,7,1566.87,431.7,27.5516,0.000216,99.964703,86.006192,2778
CUSTOMER_0355,3,1560.63,547.01,35.0505,0.000215,99.964918,86.037152,2779
CUSTOMER_0904,13,1560.11,321.44,20.6037,0.000215,99.965134,86.068111,2780
CUSTOMER_1792,27,1546.57,434.65,28.1041,0.000213,99.965347,86.099071,2781
CUSTOMER_1834,16,1542.34,393.51,25.5135,0.000213,99.96556,86.130031,2782
CUSTOMER_2566,2,1538.07,391.78,25.4723,0.000212,99.965772,86.160991,2783
CUSTOMER_1349,26,1525.48,407.98,26.7443,0.000211,99.965983,86.19195,2784
CUSTOMER_2096,11,1516.39,376.17,24.807,0.000209,99.966192,86.22291,2785
CUSTOMER_1422,37,1503.57,434.04,28.8671,0.000208,99.9664,86.25387,2786
CUSTOMER_1659,7,1502.19,481.25,32.0363,0.000207,99.966607,86.28483,2787
CUSTOMER_1227,29,1500.55,324.8,21.6454,0.000207,99.966814,86.315789,2788
CUSTOMER_0678,21,1494.56,441.23,29.5225,0.000206,99.967021,86.346749,2789
CUSTOMER_0532,14,1489.62,255.77,17.1704,0.000206,99.967226,86.377709,2790
CUSTOMER_3175,7,1488.12,491.96,33.0595,0.000205,99.967432,86.408669,2791
CUSTOMER_2381,6,1484.96,309.85,20.8658,0.000205,99.967637,86.439628,2792
CUSTOMER_0392,12,1472.21,530.11,36.0078,0.000203,99.96784,86.470588,2793
CUSTOMER_3101,4,1468.35,330.37,22.4996,0.000203,99.968043,86.501548,2794
CUSTOMER_3005,17,1462.26,340.36,23.2762,0.000202,99.968244,86.532508,2795
CUSTOMER_1583,29,1458.32,350.26,24.0183,0.000201,99.968446,86.563467,2796
CUSTOMER_2630,12,1457.6,333.58,22.8858,0.000201,99.968647,86.594427,2797
CUSTOMER_0034,14,1456.76,247.32,16.9772,0.000201,99.968848,86.625387,2798
CUSTOMER_1058,12,1445.9,230.04,15.9097,0.0002,99.969048,86.656347,2799
CUSTOMER_0519,27,1440.88,307.8,21.362,0.000199,99.969246,86.687307,2800
CUSTOMER_2801,3,1440.84,350.81,24.3478,0.000199,99.969445,86.718266,2801
CUSTOMER_2661,6,1438.81,352.37,24.4901,0.000199,99.969644,86.749226,2802
CUSTOMER_2731,16,1434.76,260.04,18.1245,0.000198,99.969842,86.780186,2803
CUSTOMER_1864,16,1434.52,288.65,20.1214,0.000198,99.97004,86.811146,2804
CUSTOMER_3039,3,1427.23,256.76,17.9903,0.000197,99.970237,86.842105,2805
CUSTOMER_2846,2,1425.55,363.15,25.4748,0.000197,99.970434,86.873065,2806
CUSTOMER_0071,15,1421.37,-372.22,-26.1872,0.000196,99.97063,86.904025,2807
CUSTOMER_1803,11,1391.98,357.29,25.6677,0.000192,99.970822,86.934985,2808
CUSTOMER_0608,7,1383.84,450.23,32.5351,0.000191,99.971013,86.965944,2809
CUSTOMER_1814,23,1381.83,342.03,24.7518,0.000191,99.971204,86.996904,2810
CUSTOMER_2169,11,1368.72,373.72,27.304,0.000189,99.971393,87.027864,2811
CUSTOMER_1170,13,1364.5,347.09,25.4371,0.000188,99.971581,87.058824,2812
CUSTOMER_2939,15,1341.93,345.24,25.7268,0.000185,99.971767,87.089783,2813
CUSTOMER_1600,6,1335.44,246.16,18.4326,0.000184,99.971951,87.120743,2814
CUSTOMER_2980,2,1333.14,169.17,12.6899,0.000184,99.972135,87.151703,2815
CUSTOMER_1537,7,1331.99,306.98,23.0469,0.000184,99.972319,87.182663,2816
CUSTOMER_2398,7,1328.13,398.95,30.0387,0.000183,99.972502,87.213622,2817
CUSTOMER_3227,13,1327.98,283.7,21.3632,0.000183,99.972685,87.244582,2818
CUSTOMER_2671,7,1324.75,347.36,26.2205,0.000183,99.972868,87.275542,2819
CUSTOMER_1974,1,1322.64,627.34,47.4306,0.000183,99.973051,87.306502,2820
CUSTOMER_0761,25,1322.46,448.88,33.9431,0.000183,99.973233,87.337461,2821
CUSTOMER_1481,9,1313.61,458.05,34.8698,0.000181,99.973415,87.368421,2822
CUSTOMER_1398,12,1313.32,288.74,21.9856,0.000181,99.973596,87.399381,2823
CUSTOMER_2378,3,1313.01,248.39,18.9178,0.000181,99.973777,87.430341,2824
CUSTOMER_1649,6,1307.04,343.22,26.2592,0.00018,99.973958,87.4613,2825
CUSTOMER_1266,15,1303.11,333.21,25.5703,0.00018,99.974138,87.49226,2826
CUSTOMER_2369,1,1296.1,175.2,13.5172,0.000179,99.974317,87.52322,2827
CUSTOMER_2650,2,1294.25,1301.21,100.5381,0.000179,99.974495,87.55418,2828
CUSTOMER_2534,18,1291.56,341.46,26.4376,0.000178,99.974673,87.585139,2829
CUSTOMER_2313,6,1291.04,262.49,20.3317,0.000178,99.974852,87.616099,2830
CUSTOMER_1954,13,1274.58,333.0,26.1261,0.000176,99.975028,87.647059,2831
CUSTOMER_1389,7,1272.67,348.12,27.3534,0.000176,99.975203,87.678019,2832
CUSTOMER_2370,14,1264.02,243.39,19.2549,0.000174,99.975378,87.708978,2833
CUSTOMER_0027,12,1260.81,561.03,44.4978,0.000174,99.975552,87.739938,2834
CUSTOMER_0746,7,1259.13,389.23,30.9125,0.000174,99.975726,87.770898,2835
CUSTOMER_2267,8,1243.18,236.14,18.995,0.000172,99.975897,87.801858,2836
CUSTOMER_1626,10,1228.84,340.11,27.6771,0.00017,99.976067,87.832817,2837
CUSTOMER_0614,5,1226.23,439.26,35.822,0.000169,99.976236,87.863777,2838
CUSTOMER_0538,9,1224.34,217.06,17.7289,0.000169,99.976405,87.894737,2839
CUSTOMER_2938,26,1222.01,395.43,32.3585,0.000169,99.976574,87.925697,2840
CUSTOMER_2414,9,1221.93,366.99,30.0333,0.000169,99.976743,87.956656,2841
CUSTOMER_1755,18,1221.49,354.14,28.9927,0.000169,99.976911,87.987616,2842
CUSTOMER_0505,18,1213.72,351.38,28.9511,0.000168,99.977079,88.018576,2843
CUSTOMER_1218,17,1203.64,279.95,23.2586,0.000166,99.977245,88.049536,2844
CUSTOMER_0539,7,1196.05,181.12,15.1429,0.000165,99.97741,88.080495,2845
CUSTOMER_2451,10,1185.47,202.68,17.0967,0.000164,99.977574,88.111455,2846
CUSTOMER_0256,21,1169.74,393.0,33.5967,0.000161,99.977735,88.142415,2847
CUSTOMER_0684,1,1169.0,118.58,10.1439,0.000161,99.977896,88.173375,2848
CUSTOMER_0015,72,1168.61,243.92,20.8724,0.000161,99.978058,88.204334,2849
CUSTOMER_0138,3,1166.66,342.89,29.3907,0.000161,99.978219,88.235294,2850
CUSTOMER_2053,15,1158.8,501.22,43.2538,0.00016,99.978379,88.266254,2851
CUSTOMER_2537,9012,1147.59,-412309.76,-35928.4122,0.000158,99.978537,88.297214,2852
CUSTOMER_2864,4,1146.36,223.9,19.5316,0.000158,99.978695,88.328173,2853
CUSTOMER_2344,18,1145.94,377.63,32.9539,0.000158,99.978854,88.359133,2854
CUSTOMER_2455,5,1145.2,391.77,34.2101,0.000158,99.979012,88.390093,2855
CUSTOMER_0754,3,1141.29,334.32,29.293,0.000158,99.979169,88.421053,2856
CUSTOMER_1169,6,1135.87,280.93,24.7329,0.000157,99.979326,88.452012,2857
CUSTOMER_2865,10,1132.41,191.24,16.8882,0.000156,99.979482,88.482972,2858
CUSTOMER_1108,21,1123.37,255.79,22.7701,0.000155,99.979637,88.513932,2859
CUSTOMER_1262,150,1118.7,214.51,19.1751,0.000154,99.979792,88.544892,2860
CUSTOMER_1651,21,1118.53,420.47,37.5915,0.000154,99.979946,88.575851,2861
CUSTOMER_0035,131,1110.75,303.23,27.2991,0.000153,99.9801,88.606811,2862
CUSTOMER_0053,74,1106.6,240.91,21.7705,0.000153,99.980252,88.637771,2863
CUSTOMER_1608,15,1098.6,339.21,30.8768,0.000152,99.980404,88.668731,2864
CUSTOMER_1708,15,1094.96,326.72,29.8391,0.000151,99.980555,88.69969,2865
CUSTOMER_2088,13,1082.39,391.65,36.1833,0.000149,99.980705,88.73065,2866
CUSTOMER_3154,2,1076.28,138.23,12.8429,0.000149,99.980853,88.76161,2867
CUSTOMER_2740,8,1074.68,288.69,26.8627,0.000148,99.981001,88.79257,2868
CUSTOMER_2678,12,1073.06,303.2,28.2556,0.000148,99.98115,88.823529,2869
CUSTOMER_1277,4,1064.37,325.75,30.6047,0.000147,99.981297,88.854489,2870
CUSTOMER_0902,7,1054.61,215.23,20.4086,0.000146,99.981442,88.885449,2871
CUSTOMER_0936,7,1052.2,212.82,20.2266,0.000145,99.981587,88.916409,2872
CUSTOMER_2932,12,1046.08,215.09,20.5613,0.000144,99.981732,88.947368,2873
CUSTOMER_0923,6,1042.67,305.43,29.2927,0.000144,99.981876,88.978328,2874
CUSTOMER_2748,20,1041.11,286.7,27.5384,0.000144,99.982019,89.009288,2875
CUSTOMER_2851,1,1036.67,161.21,15.5503,0.000143,99.982163,89.040248,2876
CUSTOMER_2946,9,1034.07,236.32,22.8535,0.000143,99.982305,89.071207,2877
CUSTOMER_2572,2,1026.38,476.37,46.4128,0.000142,99.982447,89.102167,2878
CUSTOMER_2189,35,1024.12,288.3,28.1505,0.000141,99.982588,89.133127,2879
CUSTOMER_1234,13,1018.83,321.37,31.5425,0.000141,99.982729,89.164087,2880
CUSTOMER_1700,13,1018.37,359.23,35.2749,0.000141,99.98287,89.195046,2881
CUSTOMER_0073,10,1016.88,211.87,20.8349,0.00014,99.98301,89.226006,2882
CUSTOMER_1114,3,1016.28,319.99,31.486,0.00014,99.98315,89.256966,2883
CUSTOMER_2725,10,1015.36,206.21,20.3094,0.00014,99.98329,89.287926,2884
CUSTOMER_3222,88,1006.33,290.02,28.8193,0.000139,99.983429,89.318885,2885
CUSTOMER_2596,10,1005.29,311.1,30.9463,0.000139,99.983568,89.349845,2886
CUSTOMER_2523,15,1004.07,-270.24,-26.9144,0.000139,99.983707,89.380805,2887
CUSTOMER_2798,4,997.98,292.42,29.3014,0.000138,99.983844,89.411765,2888
CUSTOMER_1390,5,990.12,206.42,20.8485,0.000137,99.983981,89.442724,2889
CUSTOMER_2619,3,973.14,317.2,32.5954,0.000134,99.984115,89.473684,2890
CUSTOMER_0572,1,959.65,190.99,19.9024,0.000132,99.984248,89.504644,2891
CUSTOMER_2717,2,950.16,300.29,31.6043,0.000131,99.984379,89.535604,2892
CUSTOMER_1406,7,946.97,280.85,29.658,0.000131,99.98451,89.566563,2893
CUSTOMER_2516,14,927.53,226.27,24.3953,0.000128,99.984638,89.597523,2894
CUSTOMER_1144,8,923.39,281.16,30.4484,0.000127,99.984765,89.628483,2895
CUSTOMER_1601,2,922.94,416.43,45.1198,0.000127,99.984893,89.659443,2896
CUSTOMER_1843,15,920.84,333.31,36.1962,0.000127,99.98502,89.690402,2897
CUSTOMER_0126,3,911.99,202.28,22.1797,0.000126,99.985146,89.721362,2898
CUSTOMER_1154,20,911.44,295.44,32.4149,0.000126,99.985271,89.752322,2899
CUSTOMER_0812,7,909.88,230.99,25.3865,0.000126,99.985397,89.783282,2900
CUSTOMER_1438,4,909.75,270.11,29.6902,0.000126,99.985523,89.814241,2901
CUSTOMER_2862,8,904.73,242.53,26.8067,0.000125,99.985648,89.845201,2902
CUSTOMER_1219,15,900.1,163.69,18.1855,0.000124,99.985772,89.876161,2903
CUSTOMER_0531,2,898.46,130.26,14.4981,0.000124,99.985896,89.907121,2904
CUSTOMER_0208,12,897.39,212.06,23.6311,0.000124,99.98602,89.93808,2905
CUSTOMER_0630,4,895.48,177.84,19.8595,0.000124,99.986143,89.96904,2906
CUSTOMER_1423,5,889.3,172.28,19.3725,0.000123,99.986266,90.0,2907
CUSTOMER_3033,11,888.44,303.97,34.2135,0.000123,99.986389,90.03096,2908
CUSTOMER_1449,7,888.15,131.65,14.823,0.000123,99.986511,90.06192,2909
CUSTOMER_1535,15,884.13,271.26,30.6814,0.000122,99.986633,90.092879,2910
CUSTOMER_0688,4,883.88,186.98,21.1543,0.000122,99.986755,90.123839,2911
CUSTOMER_1617,3,880.59,186.86,21.2194,0.000122,99.986877,90.154799,2912
CUSTOMER_0365,5,878.09,284.32,32.3798,0.000121,99.986998,90.185759,2913
CUSTOMER_2436,2,877.79,326.43,37.1885,0.000121,99.987119,90.216718,2914
CUSTOMER_0129,14,870.3,205.71,23.6369,0.00012,99.987239,90.247678,2915
CUSTOMER_2621,7,865.03,199.03,23.0084,0.000119,99.987359,90.278638,2916
CUSTOMER_2626,7,861.36,146.33,16.9878,0.000119,99.987478,90.309598,2917
CUSTOMER_2435,2,860.32,304.81,35.4298,0.000119,99.987597,90.340557,2918
CUSTOMER_1960,4,853.1,306.83,35.9661,0.000118,99.987714,90.371517,2919
CUSTOMER_0197,12,846.26,185.96,21.975,0.000117,99.987831,90.402477,2920
CUSTOMER_0209,12,846.26,185.96,21.975,0.000117,99.987948,90.433437,2921
CUSTOMER_2508,3,842.9,159.52,18.9246,0.000116,99.988064,90.464396,2922
CUSTOMER_0107,84,842.37,228.44,27.1186,0.000116,99.988181,90.495356,2923
CUSTOMER_0925,9,841.86,241.05,28.633,0.000116,99.988297,90.526316,2924
CUSTOMER_0022,3,840.93,215.53,25.6299,0.000116,99.988413,90.557276,2925
CUSTOMER_1091,8,840.18,232.57,27.6816,0.000116,99.988529,90.588235,2926
CUSTOMER_0077,79,838.83,257.75,30.7276,0.000116,99.988645,90.619195,2927
CUSTOMER_0043,52,837.64,229.92,27.4489,0.000116,99.98876,90.650155,2928
CUSTOMER_0835,7,837.31,209.24,24.99,0.000116,99.988876,90.681115,2929
CUSTOMER_1157,11,836.64,166.95,19.9542,0.000115,99.988991,90.712074,2930
CUSTOMER_0493,1,835.0,114.06,13.66,0.000115,99.989107,90.743034,2931
CUSTOMER_2874,7,832.75,276.23,33.1712,0.000115,99.989222,90.773994,2932
CUSTOMER_1272,8,830.91,239.53,28.827,0.000115,99.989336,90.804954,2933
CUSTOMER_3228,56,829.04,0.13,0.0153,0.000114,99.989451,90.835913,2934
CUSTOMER_2157,10,816.65,258.52,31.6567,0.000113,99.989563,90.866873,2935
CUSTOMER_3104,2,815.21,218.0,26.7411,0.000113,99.989676,90.897833,2936
CUSTOMER_2919,10,812.79,301.34,37.0747,0.000112,99.989788,90.928793,2937
CUSTOMER_0891,3,810.12,162.32,20.0371,0.000112,99.9899,90.959752,2938
CUSTOMER_0895,3,810.12,162.32,20.0371,0.000112,99.990012,90.990712,2939
CUSTOMER_0898,3,810.12,162.32,20.0371,0.000112,99.990124,91.021672,2940
CUSTOMER_0900,3,810.12,162.32,20.0371,0.000112,99.990235,91.052632,2941
CUSTOMER_0901,3,810.12,162.32,20.0371,0.000112,99.990347,91.083591,2942
CUSTOMER_0939,3,810.12,162.32,20.0371,0.000112,99.990459,91.114551,2943
CUSTOMER_0940,3,810.12,162.32,20.0371,0.000112,99.990571,91.145511,2944
CUSTOMER_0941,3,810.12,162.32,20.0371,0.000112,99.990683,91.176471,2945
CUSTOMER_0433,10,804.91,234.59,29.1456,0.000111,99.990794,91.20743,2946
CUSTOMER_0868,5,804.16,158.1,19.6605,0.000111,99.990905,91.23839,2947
CUSTOMER_1956,2,801.6,241.23,30.0938,0.000111,99.991016,91.26935,2948
CUSTOMER_1840,2,800.8,172.24,21.509,0.000111,99.991126,91.30031,2949
CUSTOMER_2906,1,797.93,229.85,28.8054,0.00011,99.991236,91.331269,2950
CUSTOMER_2762,2,794.51,110.17,13.8666,0.00011,99.991346,91.362229,2951
CUSTOMER_2778,4,791.91,239.87,30.2898,0.000109,99.991455,91.393189,2952
CUSTOMER_2528,6,781.01,236.95,30.3389,0.000108,99.991563,91.424149,2953
CUSTOMER_3001,16,777.7,259.34,33.3466,0.000107,99.99167,91.455108,2954
CUSTOMER_0251,1,775.21,248.73,32.0854,0.000107,99.991777,91.486068,2955
CUSTOMER_2790,1,774.95,99.45,12.8326,0.000107,99.991884,91.517028,2956
CUSTOMER_3112,18,765.06,176.46,23.0649,0.000106,99.99199,91.547988,2957
CUSTOMER_2452,3,761.65,174.47,22.9066,0.000105,99.992095,91.578947,2958
CUSTOMER_3134,1,754.67,133.28,17.6603,0.000104,99.992199,91.609907,2959
CUSTOMER_0545,64,747.11,214.64,28.7287,0.000103,99.992302,91.640867,2960
CUSTOMER_2758,2,726.78,246.49,33.9154,0.0001,99.992403,91.671827,2961
CUSTOMER_0604,2,725.73,190.57,26.2595,0.0001,99.992503,91.702786,2962
CUSTOMER_1714,3,725.15,316.57,43.6555,0.0001,99.992603,91.733746,2963
CUSTOMER_1360,2,721.26,129.61,17.9698,0.0001,99.992703,91.764706,2964
CUSTOMER_3192,56,715.13,448.68,62.7415,9.9e-05,99.992801,91.795666,2965
CUSTOMER_3218,37,714.53,215.7,30.1877,9.9e-05,99.9929,91.826625,2966
CUSTOMER_2648,11,713.33,160.13,22.4489,9.8e-05,99.992998,91.857585,2967
CUSTOMER_0825,10,707.19,142.33,20.1266,9.8e-05,99.993096,91.888545,2968
CUSTOMER_2315,1,698.81,219.99,31.4812,9.6e-05,99.993193,91.919505,2969
CUSTOMER_2727,6,698.44,239.79,34.3321,9.6e-05,99.993289,91.950464,2970
CUSTOMER_0899,5,697.86,137.24,19.6659,9.6e-05,99.993385,91.981424,2971
CUSTOMER_1310,3,695.82,216.97,31.1816,9.6e-05,99.993481,92.012384,2972
CUSTOMER_2959,14,689.69,186.09,26.9819,9.5e-05,99.993577,92.043344,2973
CUSTOMER_3064,5,689.46,27.07,3.9269,9.5e-05,99.993672,92.074303,2974
CUSTOMER_0977,10,685.0,189.56,27.6735,9.5e-05,99.993766,92.105263,2975
CUSTOMER_0985,11,678.7,146.27,21.5507,9.4e-05,99.99386,92.136223,2976
CUSTOMER_0730,5,677.17,143.6,21.2059,9.3e-05,99.993953,92.167183,2977
CUSTOMER_0459,16,676.33,240.54,35.566,9.3e-05,99.994047,92.198142,2978
CUSTOMER_0377,7,672.81,188.67,28.0414,9.3e-05,99.99414,92.229102,2979
CUSTOMER_2706,7,666.0,199.8,30.0008,9.2e-05,99.994232,92.260062,2980
CUSTOMER_0308,1,662.82,195.73,29.5295,9.1e-05,99.994323,92.291022,2981
CUSTOMER_1870,11,661.07,221.98,33.5792,9.1e-05,99.994414,92.321981,2982
CUSTOMER_1639,6,658.26,167.52,25.4485,9.1e-05,99.994505,92.352941,2983
CUSTOMER_3197,45,656.4,211.91,32.283,9.1e-05,99.994596,92.383901,2984
CUSTOMER_3220,39,656.22,165.35,25.1972,9.1e-05,99.994686,92.414861,2985
CUSTOMER_0908,2,652.18,141.88,21.7552,9e-05,99.994776,92.44582,2986
CUSTOMER_2728,11,651.82,167.36,25.6766,9e-05,99.994866,92.47678,2987
CUSTOMER_1611,10,651.26,236.2,36.2679,9e-05,99.994956,92.50774,2988
CUSTOMER_2794,1,650.92,83.03,12.7552,9e-05,99.995046,92.5387,2989
CUSTOMER_2656,1,648.11,25.97,4.0067,8.9e-05,99.995136,92.569659,2990
CUSTOMER_0978,11,642.93,156.23,24.299,8.9e-05,99.995224,92.600619,2991
CUSTOMER_0311,74,640.54,168.53,26.3112,8.8e-05,99.995313,92.631579,2992
CUSTOMER_0408,12,640.06,179.71,28.0777,8.8e-05,99.995401,92.662539,2993
CUSTOMER_1307,8,630.33,179.72,28.5116,8.7e-05,99.995488,92.693498,2994
CUSTOMER_2569,6,628.67,205.7,32.7203,8.7e-05,99.995575,92.724458,2995
CUSTOMER_0334,7,625.48,181.26,28.9795,8.6e-05,99.995661,92.755418,2996
CUSTOMER_0586,5,625.28,193.24,30.9047,8.6e-05,99.995748,92.786378,2997
CUSTOMER_0079,43,624.87,152.53,24.41,8.6e-05,99.995834,92.817337,2998
CUSTOMER_0279,7,620.16,143.54,23.1463,8.6e-05,99.995919,92.848297,2999
CUSTOMER_2254,17,611.92,213.44,34.881,8.4e-05,99.996004,92.879257,3000
CUSTOMER_2822,6,608.58,182.14,29.9292,8.4e-05,99.996088,92.910217,3001
CUSTOMER_3063,1,608.19,122.09,20.0739,8.4e-05,99.996172,92.941176,3002
CUSTOMER_0905,6,608.15,128.66,21.1555,8.4e-05,99.996256,92.972136,3003
CUSTOMER_0140,1,607.88,182.4,30.0066,8.4e-05,99.99634,93.003096,3004
CUSTOMER_1319,5,606.91,152.65,25.152,8.4e-05,99.996424,93.034056,3005
CUSTOMER_1459,2,600.15,134.11,22.3461,8.3e-05,99.996506,93.065015,3006
CUSTOMER_1461,2,600.15,134.11,22.3461,8.3e-05,99.996589,93.095975,3007
CUSTOMER_1462,2,600.15,134.11,22.3461,8.3e-05,99.996672,93.126935,3008
CUSTOMER_1613,4,595.64,187.67,31.507,8.2e-05,99.996754,93.157895,3009
CUSTOMER_1734,12,593.77,86.22,14.5211,8.2e-05,99.996836,93.188854,3010
CUSTOMER_1809,10,590.76,155.7,26.3554,8.2e-05,99.996918,93.219814,3011
CUSTOMER_3212,37,590.74,153.19,25.9329,8.2e-05,99.996999,93.250774,3012
CUSTOMER_3010,14,589.46,101.05,17.1423,8.1e-05,99.997081,93.281734,3013
CUSTOMER_0995,9,587.92,162.15,27.5805,8.1e-05,99.997162,93.312693,3014
CUSTOMER_0785,8,582.56,214.86,36.8811,8e-05,99.997242,93.343653,3015
CUSTOMER_1308,5,576.24,126.84,22.0112,8e-05,99.997322,93.374613,3016
CUSTOMER_3115,1,570.42,123.67,21.6801,7.9e-05,99.997401,93.405573,3017
CUSTOMER_2118,14,565.66,148.7,26.2875,7.8e-05,99.997479,93.436533,3018
CUSTOMER_0511,9,548.21,146.81,26.7794,7.6e-05,99.997554,93.467492,3019
CUSTOMER_1003,9,545.89,135.84,24.8845,7.5e-05,99.99763,93.498452,3020
CUSTOMER_0115,2,542.75,92.17,16.9828,7.5e-05,99.997705,93.529412,3021
CUSTOMER_2963,5,528.52,150.46,28.4681,7.3e-05,99.997778,93.560372,3022
CUSTOMER_3024,8,520.36,137.51,26.4255,7.2e-05,99.997849,93.591331,3023
CUSTOMER_1893,6,515.81,145.92,28.29,7.1e-05,99.997921,93.622291,3024
CUSTOMER_2608,6,505.79,162.52,32.1321,7e-05,99.99799,93.653251,3025
CUSTOMER_2419,2,501.77,77.33,15.4121,6.9e-05,99.99806,93.684211,3026
CUSTOMER_0588,4,495.81,161.16,32.5043,6.8e-05,99.998128,93.71517,3027
CUSTOMER_1282,8,490.33,149.15,30.4177,6.8e-05,99.998196,93.74613,3028
CUSTOMER_0935,4,484.17,101.0,20.8609,6.7e-05,99.998263,93.77709,3029
CUSTOMER_0501,3,480.46,125.77,26.1777,6.6e-05,99.998329,93.80805,3030
CUSTOMER_0581,3,480.29,81.5,16.968,6.6e-05,99.998395,93.839009,3031
CUSTOMER_0928,9,479.74,126.75,26.421,6.6e-05,99.998462,93.869969,3032
CUSTOMER_2295,3,479.55,115.83,24.1532,6.6e-05,99.998528,93.900929,3033
CUSTOMER_0617,7,472.27,68.89,14.5864,6.5e-05,99.998593,93.931889,3034
CUSTOMER_0212,6,457.98,120.47,26.3045,6.3e-05,99.998656,93.962848,3035
CUSTOMER_0083,53,446.89,66.21,14.816,6.2e-05,99.998718,93.993808,3036
CUSTOMER_0451,39,446.7,121.46,27.1917,6.2e-05,99.998779,94.024768,3037
CUSTOMER_1616,10,426.84,99.47,23.3035,5.9e-05,99.998838,94.055728,3038
CUSTOMER_1395,1,419.74,163.69,38.9982,5.8e-05,99.998896,94.086687,3039
CUSTOMER_2837,2,409.73,77.78,18.9824,5.7e-05,99.998953,94.117647,3040
CUSTOMER_0714,5,401.09,107.63,26.8337,5.5e-05,99.999008,94.148607,3041
CUSTOMER_2438,1,400.6,138.54,34.5835,5.5e-05,99.999064,94.179567,3042
CUSTOMER_0897,1,397.98,103.85,26.095,5.5e-05,99.999118,94.210526,3043
CUSTOMER_2135,1,393.85,162.6,41.2836,5.4e-05,99.999173,94.241486,3044
CUSTOMER_0047,27,390.91,104.9,26.8353,5.4e-05,99.999227,94.272446,3045
CUSTOMER_0838,6,384.15,109.15,28.4124,5.3e-05,99.99928,94.303406,3046
CUSTOMER_1268,2,383.78,174.25,45.4027,5.3e-05,99.999333,94.334365,3047
CUSTOMER_0611,1,383.63,62.99,16.4198,5.3e-05,99.999386,94.365325,3048
CUSTOMER_1430,3,382.93,118.93,31.0569,5.3e-05,99.999439,94.396285,3049
CUSTOMER_0673,4,377.35,79.6,21.094,5.2e-05,99.999491,94.427245,3050
CUSTOMER_1375,2,372.48,155.89,41.8511,5.1e-05,99.999542,94.458204,3051
CUSTOMER_2866,3,370.33,125.09,33.7782,5.1e-05,99.999593,94.489164,3052
CUSTOMER_3188,23,368.87,90.2,24.453,5.1e-05,99.999644,94.520124,3053
CUSTOMER_0193,3,368.65,170.01,46.1173,5.1e-05,99.999695,94.551084,3054
CUSTOMER_1239,1,368.15,103.04,27.9882,5.1e-05,99.999746,94.582043,3055
CUSTOMER_2971,4,366.29,130.01,35.4934,5.1e-05,99.999796,94.613003,3056
CUSTOMER_2810,1,361.97,86.42,23.8756,5e-05,99.999846,94.643963,3057
CUSTOMER_1746,1,358.5,103.71,28.9279,4.9e-05,99.999896,94.674923,3058
CUSTOMER_0013,28,354.72,119.49,33.6849,4.9e-05,99.999945,94.705882,3059
CUSTOMER_0713,5,351.33,121.35,34.5389,4.8e-05,99.999993,94.736842,3060
CUSTOMER_1988,4,345.06,77.58,22.4825,4.8e-05,100.000041,94.767802,3061
CUSTOMER_0846,2,344.7,133.23,38.6496,4.8e-05,100.000089,94.798762,3062
CUSTOMER_0515,3,343.35,96.43,28.0857,4.7e-05,100.000136,94.829721,3063
CUSTOMER_1484,2,341.8,111.34,32.575,4.7e-05,100.000183,94.860681,3064
CUSTOMER_1323,5,339.36,91.88,27.0749,4.7e-05,100.00023,94.891641,3065
CUSTOMER_0289,1,338.51,73.55,21.7268,4.7e-05,100.000277,94.922601,3066
CUSTOMER_1233,19,336.85,90.57,26.8885,4.6e-05,100.000323,94.95356,3067
CUSTOMER_2181,1,336.67,108.22,32.1429,4.6e-05,100.00037,94.98452,3068
CUSTOMER_0068,26,330.63,74.0,22.3803,4.6e-05,100.000415,95.01548,3069
CUSTOMER_2519,13,330.62,71.84,21.729,4.6e-05,100.000461,95.04644,3070
CUSTOMER_0009,18,329.77,93.95,28.4907,4.6e-05,100.000507,95.077399,3071
CUSTOMER_3210,10,326.89,-103.56,-31.6807,4.5e-05,100.000552,95.108359,3072
CUSTOMER_0358,9,324.87,93.37,28.741,4.5e-05,100.000596,95.139319,3073
CUSTOMER_0597,1,323.23,92.4,28.5872,4.5e-05,100.000641,95.170279,3074
CUSTOMER_1744,3,319.75,110.4,34.5276,4.4e-05,100.000685,95.201238,3075
CUSTOMER_0051,9,317.89,50.42,15.8618,4.4e-05,100.000729,95.232198,3076
CUSTOMER_0220,6,314.39,101.44,32.2666,4.3e-05,100.000773,95.263158,3077
CUSTOMER_2246,24,311.18,294.24,94.5575,4.3e-05,100.000815,95.294118,3078
CUSTOMER_2599,5,310.89,87.72,28.2161,4.3e-05,100.000858,95.325077,3079
CUSTOMER_2947,6,310.75,60.21,19.3746,4.3e-05,100.000901,95.356037,3080
CUSTOMER_0484,1,303.44,147.51,48.6134,4.2e-05,100.000943,95.386997,3081
CUSTOMER_1212,1,300.0,29.46,9.8196,4.1e-05,100.000985,95.417957,3082
CUSTOMER_1163,1,295.34,86.29,29.2178,4.1e-05,100.001025,95.448916,3083
CUSTOMER_0571,7,288.51,77.7,26.9331,4e-05,100.001065,95.479876,3084
CUSTOMER_1278,12,281.62,94.1,33.4145,3.9e-05,100.001104,95.510836,3085
CUSTOMER_2601,4,281.08,79.14,28.1557,3.9e-05,100.001143,95.541796,3086
CUSTOMER_2458,10,279.56,68.04,24.3392,3.9e-05,100.001181,95.572755,3087
CUSTOMER_0069,32,276.91,83.6,30.1922,3.8e-05,100.00122,95.603715,3088
CUSTOMER_1571,3,272.86,127.56,46.7505,3.8e-05,100.001257,95.634675,3089
CUSTOMER_2271,2,269.7,56.4,20.9105,3.7e-05,100.001295,95.665635,3090
CUSTOMER_0674,2,269.54,53.81,19.9653,3.7e-05,100.001332,95.696594,3091
CUSTOMER_2589,3,261.09,73.51,28.1553,3.6e-05,100.001368,95.727554,3092
CUSTOMER_2006,1,261.0,66.2,25.3634,3.6e-05,100.001404,95.758514,3093
CUSTOMER_2803,8,260.19,91.05,34.9956,3.6e-05,100.00144,95.789474,3094
CUSTOMER_2815,5,259.41,58.54,22.568,3.6e-05,100.001476,95.820433,3095
CUSTOMER_0824,1,251.9,60.12,23.8663,3.5e-05,100.00151,95.851393,3096
CUSTOMER_1715,4,247.69,97.67,39.4299,3.4e-05,100.001545,95.882353,3097
CUSTOMER_2010,1,246.99,85.37,34.5636,3.4e-05,100.001579,95.913313,3098
CUSTOMER_2339,16,245.13,68.04,27.7578,3.4e-05,100.001612,95.944272,3099
CUSTOMER_2293,7,244.08,-278.89,-114.2605,3.4e-05,100.001646,95.975232,3100
CUSTOMER_2907,1,232.2,67.22,28.95,3.2e-05,100.001678,96.006192,3101
CUSTOMER_2617,3,230.44,51.82,22.4877,3.2e-05,100.00171,96.037152,3102
CUSTOMER_2843,2,229.36,61.42,26.7798,3.2e-05,100.001742,96.068111,3103
CUSTOMER_2500,8,224.89,54.35,24.1683,3.1e-05,100.001773,96.099071,3104
CUSTOMER_0725,1,222.31,70.92,31.9014,3.1e-05,100.001803,96.130031,3105
CUSTOMER_2945,1,214.62,72.51,33.7863,3e-05,100.001833,96.160991,3106
CUSTOMER_1486,5,213.76,94.92,44.4062,3e-05,100.001863,96.19195,3107
CUSTOMER_0016,21,212.64,60.02,28.2269,2.9e-05,100.001892,96.22291,3108
CUSTOMER_2222,1,207.16,51.37,24.7949,2.9e-05,100.001921,96.25387,3109
CUSTOMER_1415,3,202.84,37.28,18.3806,2.8e-05,100.001949,96.28483,3110
CUSTOMER_1059,1,196.56,56.16,28.5726,2.7e-05,100.001976,96.315789,3111
CUSTOMER_0309,1,195.59,48.68,24.8893,2.7e-05,100.002003,96.346749,3112
CUSTOMER_0063,10,191.29,47.43,24.7928,2.6e-05,100.002029,96.377709,3113
CUSTOMER_1382,2,185.4,45.24,24.3994,2.6e-05,100.002055,96.408669,3114
CUSTOMER_1378,1,183.14,65.0,35.4933,2.5e-05,100.00208,96.439628,3115
CUSTOMER_1265,1,181.7,40.08,22.0588,2.5e-05,100.002105,96.470588,3116
CUSTOMER_0403,1,179.86,72.65,40.3942,2.5e-05,100.00213,96.501548,3117
CUSTOMER_2511,9,178.61,42.99,24.0664,2.5e-05,100.002154,96.532508,3118
CUSTOMER_2259,8,175.53,57.69,32.8649,2.4e-05,100.002179,96.563467,3119
CUSTOMER_2119,4,171.02,41.58,24.3105,2.4e-05,100.002202,96.594427,3120
CUSTOMER_0125,1,167.06,23.81,14.25,2.3e-05,100.002225,96.625387,3121
CUSTOMER_1487,2,164.55,43.68,26.5457,2.3e-05,100.002248,96.656347,3122
CUSTOMER_1136,10,161.69,-298.26,-184.4635,2.2e-05,100.00227,96.687307,3123
CUSTOMER_0842,1,161.67,56.44,34.9073,2.2e-05,100.002293,96.718266,3124
CUSTOMER_0082,3,161.07,46.61,28.9362,2.2e-05,100.002315,96.749226,3125
CUSTOMER_0619,3,160.88,28.37,17.633,2.2e-05,100.002337,96.780186,3126
CUSTOMER_0033,9,155.59,40.58,26.0847,2.1e-05,100.002359,96.811146,3127
CUSTOMER_2187,2,153.31,-23.0,-15.0035,2.1e-05,100.00238,96.842105,3128
CUSTOMER_2603,2,151.5,43.51,28.7202,2.1e-05,100.002401,96.873065,3129
CUSTOMER_2902,1,149.44,39.25,26.2636,2.1e-05,100.002421,96.904025,3130
CUSTOMER_0049,1,145.54,40.88,28.0895,2e-05,100.002441,96.934985,3131
CUSTOMER_0062,5,144.53,59.57,41.2199,2e-05,100.002461,96.965944,3132
CUSTOMER_0359,1,143.09,42.89,29.972,2e-05,100.002481,96.996904,3133
CUSTOMER_0032,1,141.95,141.95,100.0,2e-05,100.002501,97.027864,3134
CUSTOMER_0789,2,136.63,41.03,30.0275,1.9e-05,100.00252,97.058824,3135
CUSTOMER_2078,1,134.63,32.42,24.0833,1.9e-05,100.002538,97.089783,3136
CUSTOMER_3067,1,131.97,21.63,16.388,1.8e-05,100.002556,97.120743,3137
CUSTOMER_0054,11,130.91,36.99,28.2567,1.8e-05,100.002574,97.151703,3138
CUSTOMER_3044,1,128.02,53.93,42.1234,1.8e-05,100.002592,97.182663,3139
CUSTOMER_1132,1,124.65,31.8,25.5091,1.7e-05,100.002609,97.213622,3140
CUSTOMER_0076,1,123.8,48.65,39.2958,1.7e-05,100.002626,97.244582,3141
CUSTOMER_1615,1,122.95,29.36,23.8794,1.7e-05,100.002643,97.275542,3142
CUSTOMER_0058,2,117.93,28.96,24.5561,1.6e-05,100.00266,97.306502,3143
CUSTOMER_3091,1,117.89,27.15,23.0303,1.6e-05,100.002676,97.337461,3144
CUSTOMER_2120,1,116.58,50.46,43.2818,1.6e-05,100.002692,97.368421,3145
CUSTOMER_1519,1,115.83,22.31,19.2618,1.6e-05,100.002708,97.399381,3146
CUSTOMER_0041,31,115.36,1.55,1.342,1.6e-05,100.002724,97.430341,3147
CUSTOMER_2477,2,115.19,32.49,28.2036,1.6e-05,100.00274,97.4613,3148
CUSTOMER_0135,2,113.48,40.23,35.4508,1.6e-05,100.002756,97.49226,3149
CUSTOMER_2457,2,112.52,33.84,30.0797,1.6e-05,100.002771,97.52322,3150
CUSTOMER_0864,1,109.64,29.62,27.0186,1.5e-05,100.002786,97.55418,3151
CUSTOMER_0048,18,107.3,30.47,28.3968,1.5e-05,100.002801,97.585139,3152
CUSTOMER_0066,18,100.76,29.0,28.7838,1.4e-05,100.002815,97.616099,3153
CUSTOMER_0059,3,92.58,19.53,21.0987,1.3e-05,100.002828,97.647059,3154
CUSTOMER_1944,5,88.59,23.4,26.4081,1.2e-05,100.00284,97.678019,3155
CUSTOMER_2083,1,87.09,20.29,23.2982,1.2e-05,100.002852,97.708978,3156
CUSTOMER_2172,2,86.84,21.49,24.7471,1.2e-05,100.002864,97.739938,3157
CUSTOMER_0042,5,86.64,22.63,26.1174,1.2e-05,100.002876,97.770898,3158
CUSTOMER_2802,1,83.5,20.04,24.0,1.2e-05,100.002887,97.801858,3159
CUSTOMER_1485,1,82.58,20.9,25.3043,1.1e-05,100.002899,97.832817,3160
CUSTOMER_0045,2,82.45,29.69,36.0095,1.1e-05,100.00291,97.863777,3161
CUSTOMER_2884,2,78.41,-55.19,-70.394,1.1e-05,100.002921,97.894737,3162
CUSTOMER_2541,1,77.4,22.41,28.9499,1.1e-05,100.002932,97.925697,3163
CUSTOMER_0018,3,73.73,20.36,27.6172,1e-05,100.002942,97.956656,3164
CUSTOMER_0067,6,70.93,29.52,41.6182,1e-05,100.002952,97.987616,3165
CUSTOMER_3105,6,68.1,14.85,21.7989,9e-06,100.002961,98.018576,3166
CUSTOMER_2471,1,63.3,10.95,17.2932,9e-06,100.00297,98.049536,3167
CUSTOMER_1845,1,61.58,17.03,27.6545,9e-06,100.002978,98.080495,3168
CUSTOMER_0078,3,60.2,20.07,33.3453,8e-06,100.002987,98.111455,3169
CUSTOMER_0055,11,59.94,19.12,31.8972,8e-06,100.002995,98.142415,3170
CUSTOMER_3208,8,57.36,11.15,19.4443,8e-06,100.003003,98.173375,3171
CUSTOMER_2055,1,56.76,13.43,23.654,8e-06,100.003011,98.204334,3172
CUSTOMER_3207,5,56.69,13.89,24.5023,8e-06,100.003018,98.235294,3173
CUSTOMER_1260,1,54.94,8.18,14.8936,8e-06,100.003026,98.266254,3174
CUSTOMER_3226,5,50.74,15.55,30.6583,7e-06,100.003033,98.297214,3175
CUSTOMER_0050,3,50.65,11.07,21.8528,7e-06,100.00304,98.328173,3176
CUSTOMER_2526,4,42.5,-694.93,-1635.0711,6e-06,100.003046,98.359133,3177
CUSTOMER_1364,3,42.42,12.15,28.633,6e-06,100.003052,98.390093,3178
CUSTOMER_0277,1,39.88,17.5,43.8744,6e-06,100.003057,98.421053,3179
CUSTOMER_0064,5,39.39,11.19,28.403,5e-06,100.003063,98.452012,3180
CUSTOMER_0075,2,35.49,2.47,6.9666,5e-06,100.003068,98.482972,3181
CUSTOMER_0060,6,32.74,9.9,30.2387,5e-06,100.003072,98.513932,3182
CUSTOMER_0028,1,27.96,5.88,21.0358,4e-06,100.003076,98.544892,3183
CUSTOMER_2290,3,19.2,4.4,22.9243,3e-06,100.003079,98.575851,3184
CUSTOMER_0065,1,18.36,4.09,22.267,3e-06,100.003081,98.606811,3185
CUSTOMER_1252,2,15.81,2.39,15.1341,2e-06,100.003083,98.637771,3186
CUSTOMER_0037,1,15.21,5.34,35.1262,2e-06,100.003085,98.668731,3187
CUSTOMER_2103,3,15.21,5.3,34.8573,2e-06,100.003088,98.69969,3188
CUSTOMER_0052,2,11.7,3.35,28.6387,2e-06,100.003089,98.73065,3189
CUSTOMER_0070,2,10.05,1.89,18.766,1e-06,100.003091,98.76161,3190
CUSTOMER_0136,1,8.83,1.42,16.0681,1e-06,100.003092,98.79257,3191
CUSTOMER_0085,1,4.17,1.17,28.0,1e-06,100.003092,98.823529,3192
CUSTOMER_0005,2,0.0,0.0,,0.0,100.003092,98.854489,3193
CUSTOMER_0194,10,0.0,-0.04,,0.0,100.003092,98.885449,3194
CUSTOMER_0639,6,0.0,3.77,,0.0,100.003092,98.916409,3195
CUSTOMER_0643,6,0.0,3.77,,0.0,100.003092,98.947368,3196
CUSTOMER_0644,7,0.0,-238.38,,0.0,100.003092,98.978328,3197
CUSTOMER_0645,7,0.0,-238.38,,0.0,100.003092,99.009288,3198
CUSTOMER_0648,7,0.0,-238.38,,0.0,100.003092,99.040248,3199
CUSTOMER_0649,6,0.0,3.77,,0.0,100.003092,99.071207,3200
CUSTOMER_0650,6,0.0,3.77,,0.0,100.003092,99.102167,3201
CUSTOMER_0651,7,0.0,-238.38,,0.0,100.003092,99.133127,3202
CUSTOMER_0652,6,0.0,3.77,,0.0,100.003092,99.164087,3203
CUSTOMER_0653,7,0.0,-238.38,,0.0,100.003092,99.195046,3204
CUSTOMER_1255,2,0.0,0.0,,0.0,100.003092,99.226006,3205
CUSTOMER_1674,4,0.0,-122.3,,0.0,100.003092,99.256966,3206
CUSTOMER_1701,1,0.0,-28.72,,0.0,100.003092,99.287926,3207
CUSTOMER_1719,223,0.0,-99744.8,,0.0,100.003092,99.318885,3208
CUSTOMER_2806,2,0.0,0.0,,0.0,100.003092,99.349845,3209
CUSTOMER_0566,7,-14.23,152.77,-1073.7089,-2e-06,100.00309,99.380805,3210
CUSTOMER_1986,2,-22.41,-24.06,107.377,-3e-06,100.003087,99.411765,3211
CUSTOMER_2873,8,-30.9,-12.37,40.0159,-4e-06,100.003083,99.442724,3212
CUSTOMER_2065,1,-31.96,-10.29,32.1928,-4e-06,100.003079,99.473684,3213
CUSTOMER_1842,1,-47.24,-47.24,100.0,-7e-06,100.003072,99.504644,3214
CUSTOMER_2989,3,-52.19,-177.71,340.5229,-7e-06,100.003065,99.535604,3215
CUSTOMER_0283,1,-83.5,-83.5,100.0,-1.2e-05,100.003053,99.566563,3216
CUSTOMER_0293,1,-87.31,-13.03,14.9234,-1.2e-05,100.003041,99.597523,3217
CUSTOMER_0958,2,-88.64,-88.64,100.0,-1.2e-05,100.003029,99.628483,3218
CUSTOMER_0261,1,-260.32,-65.06,24.9936,-3.6e-05,100.002993,99.659443,3219
CUSTOMER_0795,2,-275.44,-64.24,23.3233,-3.8e-05,100.002955,99.690402,3220
CUSTOMER_1921,1,-277.75,-277.75,100.0,-3.8e-05,100.002917,99.721362,3221
CUSTOMER_1726,1,-361.08,-36.58,10.1305,-5e-05,100.002867,99.752322,3222
CUSTOMER_2652,1,-650.61,-217.81,33.4773,-9e-05,100.002777,99.783282,3223
CUSTOMER_0558,2,-1131.46,-485.29,42.8904,-0.000156,100.002621,99.814241,3224
CUSTOMER_0096,10,-1506.57,-376.01,24.9581,-0.000208,100.002413,99.845201,3225
CUSTOMER_1869,1,-2116.57,-2116.57,100.0,-0.000292,100.002121,99.876161,3226
CUSTOMER_3166,1,-2137.6,-2137.6,100.0,-0.000295,100.001826,99.907121,3227
CUSTOMER_1642,1,-2169.16,-2169.16,100.0,-0.000299,100.001526,99.93808,3228
CUSTOMER_0139,2,-5412.37,-5412.37,100.0,-0.000747,100.000779,99.96904,3229
CUSTOMER_1160,7,-5644.6,-4559.1,80.7692,-0.000779,100.0,100.0,3230
