customer_number,customer_class,customer_class_description,last_active_period,latest_period,months_since_last_active,churn_risk_bucket,baseline_revenue,revenue_at_risk
CUSTOMER_0167,2,Independent Retail Accounts,2404,2412,8.0,At Risk (7-12 months),312309.39,312309.39
CUSTOMER_2084,2,Independent Retail Accounts,2401,2412,11.0,At Risk (7-12 months),205995.1,205995.1
CUSTOMER_1999,2,Independent Retail Accounts,2404,2412,8.0,At Risk (7-12 months),178003.84,178003.84
CUSTOMER_0657,8,Regional Retail Chain – Tier 2,2404,2412,8.0,At Risk (7-12 months),140697.04,140697.04
CUSTOMER_0084,2,Independent Retail Accounts,2402,2412,10.0,At Risk (7-12 months),116104.7,116104.7
CUSTOMER_2085,2,Independent Retail Accounts,2401,2412,11.0,At Risk (7-12 months),88149.22,88149.22
CUSTOMER_1468,2,Independent Retail Accounts,2405,2412,7.0,At Risk (7-12 months),83047.12,83047.12
CUSTOMER_2518,5,Wholesale Trade Accounts,2405,2412,7.0,At Risk (7-12 months),63131.53,63131.53
CUSTOMER_1982,2,Independent Retail Accounts,2405,2412,7.0,At Risk (7-12 months),59008.97,59008.97
CUSTOMER_3099,5,Wholesale Trade Accounts,2401,2412,11.0,At Risk (7-12 months),56297.78,56297.78
CUSTOMER_1442,2,Independent Retail Accounts,2312,2412,12.0,At Risk (7-12 months),51528.53,51528.53
CUSTOMER_1036,2,Independent Retail Accounts,2402,2412,10.0,At Risk (7-12 months),45237.81,45237.81
CUSTOMER_2409,23,Value-Oriented Retail Chain,2403,2412,9.0,At Risk (7-12 months),43788.56,43788.56
CUSTOMER_0394,2,Independent Retail Accounts,2405,2412,7.0,At Risk (7-12 months),42920.7,42920.7
CUSTOMER_1414,5,Wholesale Trade Accounts,2405,2412,7.0,At Risk (7-12 months),40814.07,40814.07
CUSTOMER_3178,4,Commercial Service Accounts,2405,2412,7.0,At Risk (7-12 months),31876.1,31876.1
CUSTOMER_2123,2,Independent Retail Accounts,2405,2412,7.0,At Risk (7-12 months),31112.67,31112.67
CUSTOMER_0741,2,Independent Retail Accounts,2404,2412,8.0,At Risk (7-12 months),30814.99,30814.99
CUSTOMER_1187,54,Retail Cooperative Network,2401,2412,11.0,At Risk (7-12 months),30543.37,30543.37
CUSTOMER_1556,3,National Retail Chains,2401,2412,11.0,At Risk (7-12 months),28592.45,28592.45
CUSTOMER_2064,2,Independent Retail Accounts,2312,2412,12.0,At Risk (7-12 months),28206.5,28206.5
CUSTOMER_1159,2,Independent Retail Accounts,2402,2412,10.0,At Risk (7-12 months),25811.4,25811.4
CUSTOMER_2990,4,Commercial Service Accounts,2404,2412,8.0,At Risk (7-12 months),25083.62,25083.62
CUSTOMER_1652,2,Independent Retail Accounts,2404,2412,8.0,At Risk (7-12 months),24251.33,24251.33
CUSTOMER_1965,2,Independent Retail Accounts,2402,2412,10.0,At Risk (7-12 months),24128.94,24128.94
CUSTOMER_1989,2,Independent Retail Accounts,2404,2412,8.0,At Risk (7-12 months),24114.37,24114.37
CUSTOMER_3122,5,Wholesale Trade Accounts,2401,2412,11.0,At Risk (7-12 months),23852.63,23852.63
CUSTOMER_0727,2,Independent Retail Accounts,2403,2412,9.0,At Risk (7-12 months),22968.67,22968.67
CUSTOMER_2525,5,Wholesale Trade Accounts,2312,2412,12.0,At Risk (7-12 months),22872.31,22872.31
CUSTOMER_0149,5,Wholesale Trade Accounts,2402,2412,10.0,At Risk (7-12 months),21557.22,21557.22
CUSTOMER_1969,2,Independent Retail Accounts,2403,2412,9.0,At Risk (7-12 months),21477.18,21477.18
CUSTOMER_2785,4,Commercial Service Accounts,2402,2412,10.0,At Risk (7-12 months),20909.01,20909.01
CUSTOMER_1574,2,Independent Retail Accounts,2403,2412,9.0,At Risk (7-12 months),20853.97,20853.97
CUSTOMER_1957,2,Independent Retail Accounts,2402,2412,10.0,At Risk (7-12 months),20130.37,20130.37
CUSTOMER_3149,5,Wholesale Trade Accounts,2405,2412,7.0,At Risk (7-12 months),18881.85,18881.85
CUSTOMER_2105,2,Independent Retail Accounts,2404,2412,8.0,At Risk (7-12 months),17635.2,17635.2
CUSTOMER_2459,4,Commercial Service Accounts,2404,2412,8.0,At Risk (7-12 months),17559.59,17559.59
CUSTOMER_2767,4,Commercial Service Accounts,2402,2412,10.0,At Risk (7-12 months),16857.28,16857.28
CUSTOMER_1305,54,Retail Cooperative Network,2402,2412,10.0,At Risk (7-12 months),15407.31,15407.31
CUSTOMER_1578,2,Independent Retail Accounts,2312,2412,12.0,At Risk (7-12 months),14405.78,14405.78
CUSTOMER_0748,4,Commercial Service Accounts,2312,2412,12.0,At Risk (7-12 months),14061.89,14061.89
CUSTOMER_3037,24,Metropolitan Retail Group,2403,2412,9.0,At Risk (7-12 months),13418.78,13418.78
CUSTOMER_1167,2,Independent Retail Accounts,2403,2412,9.0,At Risk (7-12 months),13131.86,13131.86
CUSTOMER_0737,4,Commercial Service Accounts,2402,2412,10.0,At Risk (7-12 months),12973.9,12973.9
CUSTOMER_0609,5,Wholesale Trade Accounts,2403,2412,9.0,At Risk (7-12 months),12183.25,12183.25
CUSTOMER_0298,4,Commercial Service Accounts,2312,2412,12.0,At Risk (7-12 months),11377.51,11377.51
CUSTOMER_2536,4,Commercial Service Accounts,2312,2412,12.0,At Risk (7-12 months),10762.16,10762.16
CUSTOMER_1087,2,Independent Retail Accounts,2402,2412,10.0,At Risk (7-12 months),10608.74,10608.74
CUSTOMER_1735,2,Independent Retail Accounts,2403,2412,9.0,At Risk (7-12 months),10333.44,10333.44
CUSTOMER_1483,2,Independent Retail Accounts,2403,2412,9.0,At Risk (7-12 months),9318.4,9318.4
CUSTOMER_1407,4,Commercial Service Accounts,2401,2412,11.0,At Risk (7-12 months),9041.24,9041.24
CUSTOMER_1097,2,Independent Retail Accounts,2401,2412,11.0,At Risk (7-12 months),8956.83,8956.83
CUSTOMER_2996,54,Retail Cooperative Network,2402,2412,10.0,At Risk (7-12 months),8920.92,8920.92
CUSTOMER_1619,2,Independent Retail Accounts,2405,2412,7.0,At Risk (7-12 months),8612.02,8612.02
CUSTOMER_2737,4,Commercial Service Accounts,2405,2412,7.0,At Risk (7-12 months),8417.69,8417.69
CUSTOMER_2467,2,Independent Retail Accounts,2403,2412,9.0,At Risk (7-12 months),8336.33,8336.33
CUSTOMER_1096,2,Independent Retail Accounts,2401,2412,11.0,At Risk (7-12 months),8305.96,8305.96
CUSTOMER_2977,4,Commercial Service Accounts,2403,2412,9.0,At Risk (7-12 months),8099.13,8099.13
CUSTOMER_1093,2,Independent Retail Accounts,2402,2412,10.0,At Risk (7-12 months),8004.36,8004.36
CUSTOMER_0712,2,Independent Retail Accounts,2405,2412,7.0,At Risk (7-12 months),7987.78,7987.78
CUSTOMER_1094,2,Independent Retail Accounts,2401,2412,11.0,At Risk (7-12 months),7949.12,7949.12
CUSTOMER_1573,5,Wholesale Trade Accounts,2312,2412,12.0,At Risk (7-12 months),7762.93,7762.93
CUSTOMER_2522,2,Independent Retail Accounts,2405,2412,7.0,At Risk (7-12 months),7337.84,7337.84
CUSTOMER_2660,4,Commercial Service Accounts,2312,2412,12.0,At Risk (7-12 months),7299.3,7299.3
CUSTOMER_0267,2,Independent Retail Accounts,2405,2412,7.0,At Risk (7-12 months),7134.24,7134.24
CUSTOMER_1402,2,Independent Retail Accounts,2401,2412,11.0,At Risk (7-12 months),7048.74,7048.74
CUSTOMER_3187,3,National Retail Chains,2403,2412,9.0,At Risk (7-12 months),7016.24,7016.24
CUSTOMER_2900,14,Specialty Retail – Small Format,2402,2412,10.0,At Risk (7-12 months),6867.46,6867.46
CUSTOMER_1095,2,Independent Retail Accounts,2401,2412,11.0,At Risk (7-12 months),6863.27,6863.27
CUSTOMER_1536,2,Independent Retail Accounts,2404,2412,8.0,At Risk (7-12 months),6768.18,6768.18
CUSTOMER_1074,2,Independent Retail Accounts,2312,2412,12.0,At Risk (7-12 months),6731.99,6731.99
CUSTOMER_1092,2,Independent Retail Accounts,2312,2412,12.0,At Risk (7-12 months),6670.48,6670.48
CUSTOMER_0216,2,Independent Retail Accounts,2405,2412,7.0,At Risk (7-12 months),6087.29,6087.29
CUSTOMER_3006,54,Retail Cooperative Network,2312,2412,12.0,At Risk (7-12 months),6053.9,6053.9
CUSTOMER_1130,2,Independent Retail Accounts,2402,2412,10.0,At Risk (7-12 months),5715.42,5715.42
CUSTOMER_2484,2,Independent Retail Accounts,2402,2412,10.0,At Risk (7-12 months),5540.11,5540.11
CUSTOMER_3061,3,National Retail Chains,2312,2412,12.0,At Risk (7-12 months),5349.69,5349.69
CUSTOMER_0151,4,Commercial Service Accounts,2312,2412,12.0,At Risk (7-12 months),4861.7,4861.7
CUSTOMER_1315,54,Retail Cooperative Network,2405,2412,7.0,At Risk (7-12 months),4843.21,4843.21
CUSTOMER_2535,4,Commercial Service Accounts,2403,2412,9.0,At Risk (7-12 months),4692.03,4692.03
CUSTOMER_0117,2,Independent Retail Accounts,2312,2412,12.0,At Risk (7-12 months),4620.61,4620.61
CUSTOMER_3058,3,National Retail Chains,2312,2412,12.0,At Risk (7-12 months),4552.02,4552.02
CUSTOMER_1168,2,Independent Retail Accounts,2401,2412,11.0,At Risk (7-12 months),4536.44,4536.44
CUSTOMER_0507,2,Independent Retail Accounts,2403,2412,9.0,At Risk (7-12 months),4342.67,4342.67
CUSTOMER_3041,24,Metropolitan Retail Group,2403,2412,9.0,At Risk (7-12 months),4239.74,4239.74
CUSTOMER_3132,5,Wholesale Trade Accounts,2403,2412,9.0,At Risk (7-12 months),4220.12,4220.12
CUSTOMER_3159,11,Manufacturing Partners,2403,2412,9.0,At Risk (7-12 months),3959.57,3959.57
CUSTOMER_1331,2,Independent Retail Accounts,2403,2412,9.0,At Risk (7-12 months),3815.28,3815.28
CUSTOMER_2102,2,Independent Retail Accounts,2404,2412,8.0,At Risk (7-12 months),3778.58,3778.58
CUSTOMER_1618,2,Independent Retail Accounts,2405,2412,7.0,At Risk (7-12 months),3737.37,3737.37
CUSTOMER_1627,2,Independent Retail Accounts,2405,2412,7.0,At Risk (7-12 months),3634.39,3634.39
CUSTOMER_3081,5,Wholesale Trade Accounts,2403,2412,9.0,At Risk (7-12 months),3495.67,3495.67
CUSTOMER_3069,3,National Retail Chains,2312,2412,12.0,At Risk (7-12 months),3418.34,3418.34
CUSTOMER_1312,5,Wholesale Trade Accounts,2401,2412,11.0,At Risk (7-12 months),3376.07,3376.07
CUSTOMER_1718,2,Independent Retail Accounts,2404,2412,8.0,At Risk (7-12 months),3349.5,3349.5
CUSTOMER_3007,54,Retail Cooperative Network,2402,2412,10.0,At Risk (7-12 months),3340.48,3340.48
CUSTOMER_2132,2,Independent Retail Accounts,2312,2412,12.0,At Risk (7-12 months),3335.39,3335.39
CUSTOMER_2744,6,Commercial Supply Partners,2403,2412,9.0,At Risk (7-12 months),3233.41,3233.41
CUSTOMER_0240,54,Retail Cooperative Network,2403,2412,9.0,At Risk (7-12 months),3164.21,3164.21
CUSTOMER_1289,2,Independent Retail Accounts,2402,2412,10.0,At Risk (7-12 months),3059.6,3059.6
CUSTOMER_2488,3,National Retail Chains,2404,2412,8.0,At Risk (7-12 months),2965.32,2965.32
CUSTOMER_3184,5,Wholesale Trade Accounts,2405,2412,7.0,At Risk (7-12 months),2848.1,2848.1
CUSTOMER_0238,2,Independent Retail Accounts,2312,2412,12.0,At Risk (7-12 months),2842.57,2842.57
CUSTOMER_0837,2,Independent Retail Accounts,2312,2412,12.0,At Risk (7-12 months),2774.91,2774.91
CUSTOMER_2510,3,National Retail Chains,2312,2412,12.0,At Risk (7-12 months),2447.13,2447.13
CUSTOMER_0762,2,Independent Retail Accounts,2312,2412,12.0,At Risk (7-12 months),2427.36,2427.36
CUSTOMER_1047,2,Independent Retail Accounts,2404,2412,8.0,At Risk (7-12 months),2421.83,2421.83
CUSTOMER_0399,2,Independent Retail Accounts,2312,2412,12.0,At Risk (7-12 months),2391.24,2391.24
CUSTOMER_1972,2,Independent Retail Accounts,2402,2412,10.0,At Risk (7-12 months),2330.67,2330.67
CUSTOMER_2180,5,Wholesale Trade Accounts,2402,2412,10.0,At Risk (7-12 months),2264.78,2264.78
CUSTOMER_2857,4,Commercial Service Accounts,2312,2412,12.0,At Risk (7-12 months),2238.85,2238.85
CUSTOMER_2004,2,Independent Retail Accounts,2401,2412,11.0,At Risk (7-12 months),2192.71,2192.71
CUSTOMER_2432,4,Commercial Service Accounts,2403,2412,9.0,At Risk (7-12 months),2087.5,2087.5
CUSTOMER_2684,4,Commercial Service Accounts,2402,2412,10.0,At Risk (7-12 months),2038.83,2038.83
CUSTOMER_1831,2,Independent Retail Accounts,2401,2412,11.0,At Risk (7-12 months),2038.45,2038.45
CUSTOMER_2345,2,Independent Retail Accounts,2312,2412,12.0,At Risk (7-12 months),2030.11,2030.11
CUSTOMER_0704,2,Independent Retail Accounts,2403,2412,9.0,At Risk (7-12 months),1838.37,1838.37
CUSTOMER_1486,11,Manufacturing Partners,2403,2412,9.0,At Risk (7-12 months),1709.5,1709.5
CUSTOMER_1966,2,Independent Retail Accounts,2402,2412,10.0,At Risk (7-12 months),1599.9,1599.9
CUSTOMER_2983,4,Commercial Service Accounts,2405,2412,7.0,At Risk (7-12 months),1595.96,1595.96
CUSTOMER_0548,2,Independent Retail Accounts,2405,2412,7.0,At Risk (7-12 months),1405.49,1405.49
CUSTOMER_0790,2,Independent Retail Accounts,2405,2412,7.0,At Risk (7-12 months),1377.33,1377.33
CUSTOMER_2671,4,Commercial Service Accounts,2404,2412,8.0,At Risk (7-12 months),1324.75,1324.75
CUSTOMER_2658,4,Commercial Service Accounts,2312,2412,12.0,At Risk (7-12 months),1283.13,1283.13
CUSTOMER_1389,31,Premium Specialty Operator,2404,2412,8.0,At Risk (7-12 months),1272.67,1272.67
CUSTOMER_2620,4,Commercial Service Accounts,2404,2412,8.0,At Risk (7-12 months),1255.64,1255.64
CUSTOMER_3047,3,National Retail Chains,2402,2412,10.0,At Risk (7-12 months),1242.48,1242.48
CUSTOMER_1755,2,Independent Retail Accounts,2402,2412,10.0,At Risk (7-12 months),1221.49,1221.49
CUSTOMER_2053,2,Independent Retail Accounts,2312,2412,12.0,At Risk (7-12 months),1158.8,1158.8
CUSTOMER_2724,4,Commercial Service Accounts,2404,2412,8.0,At Risk (7-12 months),1123.63,1123.63
CUSTOMER_2987,4,Commercial Service Accounts,2405,2412,7.0,At Risk (7-12 months),1102.2,1102.2
CUSTOMER_0461,2,Independent Retail Accounts,2403,2412,9.0,At Risk (7-12 months),1084.36,1084.36
CUSTOMER_2572,4,Commercial Service Accounts,2401,2412,11.0,At Risk (7-12 months),1026.38,1026.38
CUSTOMER_2749,2,Independent Retail Accounts,2402,2412,10.0,At Risk (7-12 months),1007.53,1007.53
CUSTOMER_1361,2,Independent Retail Accounts,2403,2412,9.0,At Risk (7-12 months),933.58,933.58
CUSTOMER_2516,3,National Retail Chains,2405,2412,7.0,At Risk (7-12 months),927.53,927.53
CUSTOMER_0073,5,Wholesale Trade Accounts,2404,2412,8.0,At Risk (7-12 months),914.22,914.22
CUSTOMER_1438,4,Commercial Service Accounts,2404,2412,8.0,At Risk (7-12 months),909.75,909.75
CUSTOMER_0500,2,Independent Retail Accounts,2401,2412,11.0,At Risk (7-12 months),894.41,894.41
CUSTOMER_2253,2,Independent Retail Accounts,2312,2412,12.0,At Risk (7-12 months),877.27,877.27
CUSTOMER_2621,4,Commercial Service Accounts,2404,2412,8.0,At Risk (7-12 months),865.03,865.03
CUSTOMER_2615,2,Independent Retail Accounts,2401,2412,11.0,At Risk (7-12 months),861.75,861.75
CUSTOMER_2682,4,Commercial Service Accounts,2402,2412,10.0,At Risk (7-12 months),850.83,850.83
CUSTOMER_2508,4,Commercial Service Accounts,2403,2412,9.0,At Risk (7-12 months),842.9,842.9
CUSTOMER_0056,5,Wholesale Trade Accounts,2402,2412,10.0,At Risk (7-12 months),835.62,835.62
CUSTOMER_0179,2,Independent Retail Accounts,2405,2412,7.0,At Risk (7-12 months),830.07,830.07
CUSTOMER_2442,5,Wholesale Trade Accounts,2404,2412,8.0,At Risk (7-12 months),826.0,826.0
CUSTOMER_0433,54,Retail Cooperative Network,2401,2412,11.0,At Risk (7-12 months),804.91,804.91
CUSTOMER_2778,4,Commercial Service Accounts,2402,2412,10.0,At Risk (7-12 months),791.91,791.91
CUSTOMER_3001,54,Retail Cooperative Network,2401,2412,11.0,At Risk (7-12 months),777.7,777.7
CUSTOMER_1714,2,Independent Retail Accounts,2405,2412,7.0,At Risk (7-12 months),725.15,725.15
CUSTOMER_2794,4,Commercial Service Accounts,2403,2412,9.0,At Risk (7-12 months),650.92,650.92
CUSTOMER_2254,2,Independent Retail Accounts,2403,2412,9.0,At Risk (7-12 months),611.92,611.92
CUSTOMER_3063,3,National Retail Chains,2312,2412,12.0,At Risk (7-12 months),608.19,608.19
CUSTOMER_0835,8,Regional Retail Chain – Tier 2,2401,2412,11.0,At Risk (7-12 months),577.64,577.64
CUSTOMER_0061,5,Wholesale Trade Accounts,2405,2412,7.0,At Risk (7-12 months),547.75,547.75
CUSTOMER_2419,23,Value-Oriented Retail Chain,2403,2412,9.0,At Risk (7-12 months),501.77,501.77
CUSTOMER_1245,2,Independent Retail Accounts,2404,2412,8.0,At Risk (7-12 months),416.75,416.75
CUSTOMER_0569,2,Independent Retail Accounts,2401,2412,11.0,At Risk (7-12 months),378.44,378.44
CUSTOMER_3228,5,Wholesale Trade Accounts,2405,2412,7.0,At Risk (7-12 months),311.43,311.43
CUSTOMER_0605,5,Wholesale Trade Accounts,2403,2412,9.0,At Risk (7-12 months),305.17,305.17
CUSTOMER_0791,5,Wholesale Trade Accounts,2402,2412,10.0,At Risk (7-12 months),222.64,222.64
CUSTOMER_1382,2,Independent Retail Accounts,2312,2412,12.0,At Risk (7-12 months),185.4,185.4
CUSTOMER_0082,5,Wholesale Trade Accounts,2401,2412,11.0,At Risk (7-12 months),130.31,130.31
CUSTOMER_1380,5,Wholesale Trade Accounts,2403,2412,9.0,At Risk (7-12 months),0.0,0.0
CUSTOMER_2877,4,Commercial Service Accounts,2408,2412,4.0,Watch (4-6 months),202381.17,202381.17
CUSTOMER_2009,6,Commercial Supply Partners,2408,2412,4.0,Watch (4-6 months),66229.29,66229.29
CUSTOMER_1703,3,National Retail Chains,2407,2412,5.0,Watch (4-6 months),65928.34,65928.34
CUSTOMER_1035,2,Independent Retail Accounts,2407,2412,5.0,Watch (4-6 months),61117.35,61117.35
CUSTOMER_1242,2,Independent Retail Accounts,2406,2412,6.0,Watch (4-6 months),58248.55,58248.55
CUSTOMER_2887,5,Wholesale Trade Accounts,2407,2412,5.0,Watch (4-6 months),58244.14,58244.14
CUSTOMER_0428,2,Independent Retail Accounts,2408,2412,4.0,Watch (4-6 months),53300.11,53300.11
CUSTOMER_2384,3,National Retail Chains,2407,2412,5.0,Watch (4-6 months),45828.17,45828.17
CUSTOMER_3163,5,Wholesale Trade Accounts,2407,2412,5.0,Watch (4-6 months),45173.5,45173.5
CUSTOMER_2154,54,Retail Cooperative Network,2407,2412,5.0,Watch (4-6 months),38524.63,38524.63
CUSTOMER_0463,4,Commercial Service Accounts,2408,2412,4.0,Watch (4-6 months),36835.16,36835.16
CUSTOMER_1366,2,Independent Retail Accounts,2408,2412,4.0,Watch (4-6 months),34070.87,34070.87
CUSTOMER_2579,2,Independent Retail Accounts,2406,2412,6.0,Watch (4-6 months),33331.1,33331.1
CUSTOMER_1863,5,Wholesale Trade Accounts,2407,2412,5.0,Watch (4-6 months),31206.69,31206.69
CUSTOMER_0547,2,Independent Retail Accounts,2407,2412,5.0,Watch (4-6 months),30314.22,30314.22
CUSTOMER_0086,2,Independent Retail Accounts,2408,2412,4.0,Watch (4-6 months),29043.58,29043.58
CUSTOMER_2587,4,Commercial Service Accounts,2407,2412,5.0,Watch (4-6 months),26262.2,26262.2
CUSTOMER_1754,11,Manufacturing Partners,2408,2412,4.0,Watch (4-6 months),25959.73,25959.73
CUSTOMER_0246,3,National Retail Chains,2407,2412,5.0,Watch (4-6 months),24529.52,24529.52
CUSTOMER_1479,58,Specialty Distribution Partner,2407,2412,5.0,Watch (4-6 months),24462.91,24462.91
CUSTOMER_2622,4,Commercial Service Accounts,2408,2412,4.0,Watch (4-6 months),20592.16,20592.16
CUSTOMER_2520,3,National Retail Chains,2408,2412,4.0,Watch (4-6 months),19934.74,19934.74
CUSTOMER_2332,2,Independent Retail Accounts,2407,2412,5.0,Watch (4-6 months),19156.58,19156.58
CUSTOMER_0095,2,Independent Retail Accounts,2407,2412,5.0,Watch (4-6 months),18793.35,18793.35
CUSTOMER_2379,2,Independent Retail Accounts,2408,2412,4.0,Watch (4-6 months),17070.13,17070.13
CUSTOMER_2202,2,Independent Retail Accounts,2408,2412,4.0,Watch (4-6 months),16880.04,16880.04
CUSTOMER_2991,3,National Retail Chains,2408,2412,4.0,Watch (4-6 months),16705.65,16705.65
CUSTOMER_2561,4,Commercial Service Accounts,2407,2412,5.0,Watch (4-6 months),16256.74,16256.74
CUSTOMER_2755,4,Commercial Service Accounts,2408,2412,4.0,Watch (4-6 months),15450.42,15450.42
CUSTOMER_0196,2,Independent Retail Accounts,2406,2412,6.0,Watch (4-6 months),14106.53,14106.53
CUSTOMER_0786,2,Independent Retail Accounts,2408,2412,4.0,Watch (4-6 months),13302.53,13302.53
CUSTOMER_0633,2,Independent Retail Accounts,2407,2412,5.0,Watch (4-6 months),12762.36,12762.36
CUSTOMER_2281,5,Wholesale Trade Accounts,2406,2412,6.0,Watch (4-6 months),11743.91,11743.91
CUSTOMER_3096,5,Wholesale Trade Accounts,2407,2412,5.0,Watch (4-6 months),11672.1,11672.1
CUSTOMER_2062,2,Independent Retail Accounts,2406,2412,6.0,Watch (4-6 months),11456.89,11456.89
CUSTOMER_3103,5,Wholesale Trade Accounts,2406,2412,6.0,Watch (4-6 months),10087.48,10087.48
CUSTOMER_1848,54,Retail Cooperative Network,2407,2412,5.0,Watch (4-6 months),9999.65,9999.65
CUSTOMER_2082,14,Specialty Retail – Small Format,2408,2412,4.0,Watch (4-6 months),9370.07,9370.07
CUSTOMER_0943,21,Discount Retail Chain,2408,2412,4.0,Watch (4-6 months),9331.49,9331.49
CUSTOMER_0165,2,Independent Retail Accounts,2407,2412,5.0,Watch (4-6 months),9086.9,9086.9
CUSTOMER_0892,3,National Retail Chains,2406,2412,6.0,Watch (4-6 months),8795.92,8795.92
CUSTOMER_0427,2,Independent Retail Accounts,2408,2412,4.0,Watch (4-6 months),8423.62,8423.62
CUSTOMER_3009,54,Retail Cooperative Network,2406,2412,6.0,Watch (4-6 months),8308.76,8308.76
CUSTOMER_2988,4,Commercial Service Accounts,2408,2412,4.0,Watch (4-6 months),7888.16,7888.16
CUSTOMER_2462,2,Independent Retail Accounts,2408,2412,4.0,Watch (4-6 months),7677.07,7677.07
CUSTOMER_2742,4,Commercial Service Accounts,2406,2412,6.0,Watch (4-6 months),7162.3,7162.3
CUSTOMER_2207,2,Independent Retail Accounts,2407,2412,5.0,Watch (4-6 months),7111.28,7111.28
CUSTOMER_0490,2,Independent Retail Accounts,2408,2412,4.0,Watch (4-6 months),6590.27,6590.27
CUSTOMER_2537,2,Independent Retail Accounts,2406,2412,6.0,Watch (4-6 months),6548.67,6548.67
CUSTOMER_2460,4,Commercial Service Accounts,2407,2412,5.0,Watch (4-6 months),6502.52,6502.52
CUSTOMER_3059,3,National Retail Chains,2408,2412,4.0,Watch (4-6 months),6390.4,6390.4
CUSTOMER_2299,2,Independent Retail Accounts,2407,2412,5.0,Watch (4-6 months),6059.98,6059.98
CUSTOMER_2965,4,Commercial Service Accounts,2407,2412,5.0,Watch (4-6 months),6030.83,6030.83
CUSTOMER_0158,2,Independent Retail Accounts,2408,2412,4.0,Watch (4-6 months),5863.39,5863.39
CUSTOMER_2823,5,Wholesale Trade Accounts,2406,2412,6.0,Watch (4-6 months),5810.6,5810.6
CUSTOMER_2368,4,Commercial Service Accounts,2407,2412,5.0,Watch (4-6 months),5783.22,5783.22
CUSTOMER_2470,2,Independent Retail Accounts,2406,2412,6.0,Watch (4-6 months),5448.8,5448.8
CUSTOMER_2035,14,Specialty Retail – Small Format,2408,2412,4.0,Watch (4-6 months),5121.87,5121.87
CUSTOMER_0959,2,Independent Retail Accounts,2407,2412,5.0,Watch (4-6 months),4946.73,4946.73
CUSTOMER_0148,2,Independent Retail Accounts,2408,2412,4.0,Watch (4-6 months),4722.54,4722.54
CUSTOMER_1346,11,Manufacturing Partners,2406,2412,6.0,Watch (4-6 months),4586.37,4586.37
CUSTOMER_3223,5,Wholesale Trade Accounts,2408,2412,4.0,Watch (4-6 months),4579.98,4579.98
CUSTOMER_1179,2,Independent Retail Accounts,2407,2412,5.0,Watch (4-6 months),4367.17,4367.17
CUSTOMER_2964,4,Commercial Service Accounts,2406,2412,6.0,Watch (4-6 months),4262.82,4262.82
CUSTOMER_2720,4,Commercial Service Accounts,2406,2412,6.0,Watch (4-6 months),4135.25,4135.25
CUSTOMER_0206,5,Wholesale Trade Accounts,2408,2412,4.0,Watch (4-6 months),3987.75,3987.75
CUSTOMER_0590,2,Independent Retail Accounts,2406,2412,6.0,Watch (4-6 months),3882.23,3882.23
CUSTOMER_3186,3,National Retail Chains,2406,2412,6.0,Watch (4-6 months),3480.25,3480.25
CUSTOMER_1482,2,Independent Retail Accounts,2408,2412,4.0,Watch (4-6 months),3286.86,3286.86
CUSTOMER_2635,4,Commercial Service Accounts,2407,2412,5.0,Watch (4-6 months),3266.08,3266.08
CUSTOMER_2689,4,Commercial Service Accounts,2407,2412,5.0,Watch (4-6 months),3144.87,3144.87
CUSTOMER_1580,2,Independent Retail Accounts,2407,2412,5.0,Watch (4-6 months),3078.61,3078.61
CUSTOMER_1748,2,Independent Retail Accounts,2406,2412,6.0,Watch (4-6 months),2886.19,2886.19
CUSTOMER_2337,4,Commercial Service Accounts,2408,2412,4.0,Watch (4-6 months),2764.86,2764.86
CUSTOMER_0559,5,Wholesale Trade Accounts,2406,2412,6.0,Watch (4-6 months),2736.13,2736.13
CUSTOMER_1397,2,Independent Retail Accounts,2407,2412,5.0,Watch (4-6 months),2631.05,2631.05
CUSTOMER_2359,2,Independent Retail Accounts,2408,2412,4.0,Watch (4-6 months),2450.08,2450.08
CUSTOMER_1693,41,Village Retail Operator,2408,2412,4.0,Watch (4-6 months),2436.86,2436.86
CUSTOMER_2826,4,Commercial Service Accounts,2406,2412,6.0,Watch (4-6 months),2171.5,2171.5
CUSTOMER_0636,2,Independent Retail Accounts,2406,2412,6.0,Watch (4-6 months),2095.67,2095.67
CUSTOMER_2719,4,Commercial Service Accounts,2407,2412,5.0,Watch (4-6 months),1884.01,1884.01
CUSTOMER_2910,4,Commercial Service Accounts,2406,2412,6.0,Watch (4-6 months),1841.75,1841.75
CUSTOMER_2147,3,National Retail Chains,2406,2412,6.0,Watch (4-6 months),1718.47,1718.47
CUSTOMER_2094,5,Wholesale Trade Accounts,2406,2412,6.0,Watch (4-6 months),1573.97,1573.97
CUSTOMER_3005,54,Retail Cooperative Network,2406,2412,6.0,Watch (4-6 months),1462.26,1462.26
CUSTOMER_1914,14,Specialty Retail – Small Format,2406,2412,6.0,Watch (4-6 months),1376.33,1376.33
CUSTOMER_1651,2,Independent Retail Accounts,2407,2412,5.0,Watch (4-6 months),1118.53,1118.53
CUSTOMER_2605,4,Commercial Service Accounts,2408,2412,4.0,Watch (4-6 months),1023.52,1023.52
CUSTOMER_0074,2,Independent Retail Accounts,2407,2412,5.0,Watch (4-6 months),908.93,908.93
CUSTOMER_2560,4,Commercial Service Accounts,2407,2412,5.0,Watch (4-6 months),856.29,856.29
CUSTOMER_1594,14,Specialty Retail – Small Format,2406,2412,6.0,Watch (4-6 months),696.72,696.72
CUSTOMER_2726,4,Commercial Service Accounts,2408,2412,4.0,Watch (4-6 months),668.34,668.34
CUSTOMER_2696,4,Commercial Service Accounts,2406,2412,6.0,Watch (4-6 months),650.47,650.47
CUSTOMER_1658,2,Independent Retail Accounts,2406,2412,6.0,Watch (4-6 months),648.52,648.52
CUSTOMER_2868,4,Commercial Service Accounts,2408,2412,4.0,Watch (4-6 months),620.15,620.15
CUSTOMER_1860,2,Independent Retail Accounts,2408,2412,4.0,Watch (4-6 months),538.36,538.36
CUSTOMER_3214,2,Independent Retail Accounts,2406,2412,6.0,Watch (4-6 months),494.62,494.62
CUSTOMER_2456,2,Independent Retail Accounts,2408,2412,4.0,Watch (4-6 months),407.31,407.31
CUSTOMER_3124,5,Wholesale Trade Accounts,2009,2412,51.0,Dormant (13+ months),648154.76,648154.76
CUSTOMER_2014,2,Independent Retail Accounts,2109,2412,39.0,Dormant (13+ months),576684.86,576684.86
CUSTOMER_1879,17,Mid-Size Retail Chain,2003,2412,57.0,Dormant (13+ months),449408.96,449408.96
CUSTOMER_3056,7,Regional Retail Chain – Tier 1,2005,2412,55.0,Dormant (13+ months),417821.82,417821.82
CUSTOMER_3141,6,Commercial Supply Partners,2205,2412,31.0,Dormant (13+ months),306936.53,306936.53
CUSTOMER_3014,25,Premium Specialty Retailer,2104,2412,44.0,Dormant (13+ months),278544.09,278544.09
CUSTOMER_2275,9,Regional Retail Chain – Tier 3,2301,2412,23.0,Dormant (13+ months),226694.2,226694.2
CUSTOMER_2237,2,Independent Retail Accounts,1910,2412,62.0,Dormant (13+ months),205422.52,205422.52
CUSTOMER_1948,39,International Specialty Retailer,2308,2412,16.0,Dormant (13+ months),204026.69,204026.69
CUSTOMER_0834,3,National Retail Chains,2112,2412,36.0,Dormant (13+ months),202033.28,202033.28
CUSTOMER_1458,2,Independent Retail Accounts,1912,2412,60.0,Dormant (13+ months),163414.23,163414.23
CUSTOMER_2878,4,Commercial Service Accounts,2008,2412,52.0,Dormant (13+ months),156234.57,156234.57
CUSTOMER_2278,9,Regional Retail Chain – Tier 3,2208,2412,28.0,Dormant (13+ months),146796.3,146796.3
CUSTOMER_1121,6,Commercial Supply Partners,2003,2412,57.0,Dormant (13+ months),146510.77,146510.77
CUSTOMER_1850,2,Independent Retail Accounts,2003,2412,57.0,Dormant (13+ months),143922.2,143922.2
CUSTOMER_0620,2,Independent Retail Accounts,1902,2412,70.0,Dormant (13+ months),131240.27,131240.27
CUSTOMER_2025,5,Wholesale Trade Accounts,2004,2412,56.0,Dormant (13+ months),130594.1,130594.1
CUSTOMER_2554,4,Commercial Service Accounts,1810,2412,74.0,Dormant (13+ months),129960.9,129960.9
CUSTOMER_0705,2,Independent Retail Accounts,1906,2412,66.0,Dormant (13+ months),129227.64,129227.64
CUSTOMER_0014,6,Commercial Supply Partners,2107,2412,41.0,Dormant (13+ months),126917.04,126917.04
CUSTOMER_1672,2,Independent Retail Accounts,2311,2412,13.0,Dormant (13+ months),117402.85,117402.85
CUSTOMER_3108,39,International Specialty Retailer,2008,2412,52.0,Dormant (13+ months),115345.4,115345.4
CUSTOMER_0665,8,Regional Retail Chain – Tier 2,2302,2412,22.0,Dormant (13+ months),112207.5,112207.5
CUSTOMER_1569,2,Independent Retail Accounts,2210,2412,26.0,Dormant (13+ months),110654.17,110654.17
CUSTOMER_0886,21,Discount Retail Chain,2301,2412,23.0,Dormant (13+ months),107220.68,107220.68
CUSTOMER_2833,4,Commercial Service Accounts,2003,2412,57.0,Dormant (13+ months),106885.36,106885.36
CUSTOMER_2782,4,Commercial Service Accounts,2207,2412,29.0,Dormant (13+ months),104460.22,104460.22
CUSTOMER_1007,5,Wholesale Trade Accounts,2203,2412,33.0,Dormant (13+ months),104003.58,104003.58
CUSTOMER_0970,2,Independent Retail Accounts,1904,2412,68.0,Dormant (13+ months),98365.66,98365.66
CUSTOMER_3126,5,Wholesale Trade Accounts,2003,2412,57.0,Dormant (13+ months),98289.8,98289.8
CUSTOMER_2258,2,Independent Retail Accounts,1812,2412,72.0,Dormant (13+ months),94978.64,94978.64
CUSTOMER_1643,2,Independent Retail Accounts,1908,2412,64.0,Dormant (13+ months),94856.9,94856.9
CUSTOMER_2551,4,Commercial Service Accounts,1810,2412,74.0,Dormant (13+ months),93306.78,93306.78
CUSTOMER_1231,5,Wholesale Trade Accounts,2210,2412,26.0,Dormant (13+ months),92676.74,92676.74
CUSTOMER_2177,5,Wholesale Trade Accounts,2006,2412,54.0,Dormant (13+ months),92436.14,92436.14
CUSTOMER_2769,4,Commercial Service Accounts,1810,2412,74.0,Dormant (13+ months),91233.56,91233.56
CUSTOMER_0404,2,Independent Retail Accounts,1911,2412,61.0,Dormant (13+ months),90377.13,90377.13
CUSTOMER_2553,4,Commercial Service Accounts,1810,2412,74.0,Dormant (13+ months),89192.15,89192.15
CUSTOMER_0562,3,National Retail Chains,2204,2412,32.0,Dormant (13+ months),89008.84,89008.84
CUSTOMER_0664,8,Regional Retail Chain – Tier 2,1808,2412,76.0,Dormant (13+ months),88659.16,88659.16
CUSTOMER_2234,5,Wholesale Trade Accounts,2111,2412,37.0,Dormant (13+ months),88571.14,88571.14
CUSTOMER_0803,7,Regional Retail Chain – Tier 1,2005,2412,55.0,Dormant (13+ months),86702.46,86702.46
CUSTOMER_1126,34,Urban Boutique Retailer,1910,2412,62.0,Dormant (13+ months),83130.63,83130.63
CUSTOMER_2107,2,Independent Retail Accounts,2210,2412,26.0,Dormant (13+ months),82940.49,82940.49
CUSTOMER_2204,2,Independent Retail Accounts,1912,2412,60.0,Dormant (13+ months),79818.72,79818.72
CUSTOMER_0160,2,Independent Retail Accounts,2210,2412,26.0,Dormant (13+ months),79368.07,79368.07
CUSTOMER_2584,4,Commercial Service Accounts,1902,2412,70.0,Dormant (13+ months),78446.52,78446.52
CUSTOMER_0169,2,Independent Retail Accounts,2302,2412,22.0,Dormant (13+ months),76893.16,76893.16
CUSTOMER_0157,2,Independent Retail Accounts,2210,2412,26.0,Dormant (13+ months),75794.55,75794.55
CUSTOMER_1034,2,Independent Retail Accounts,2007,2412,53.0,Dormant (13+ months),75273.79,75273.79
CUSTOMER_1780,2,Independent Retail Accounts,2111,2412,37.0,Dormant (13+ months),73463.18,73463.18
CUSTOMER_0797,7,Regional Retail Chain – Tier 1,2008,2412,52.0,Dormant (13+ months),72948.63,72948.63
CUSTOMER_1324,54,Retail Cooperative Network,2307,2412,17.0,Dormant (13+ months),70539.68,70539.68
CUSTOMER_2557,4,Commercial Service Accounts,1810,2412,74.0,Dormant (13+ months),69487.81,69487.81
CUSTOMER_0263,2,Independent Retail Accounts,2202,2412,34.0,Dormant (13+ months),66743.72,66743.72
CUSTOMER_0540,5,Wholesale Trade Accounts,2211,2412,25.0,Dormant (13+ months),66224.28,66224.28
CUSTOMER_1370,2,Independent Retail Accounts,2212,2412,24.0,Dormant (13+ months),66144.71,66144.71
CUSTOMER_2730,2,Independent Retail Accounts,1809,2412,75.0,Dormant (13+ months),66007.57,66007.57
CUSTOMER_2209,2,Independent Retail Accounts,2109,2412,39.0,Dormant (13+ months),65880.04,65880.04
CUSTOMER_2580,4,Commercial Service Accounts,2304,2412,20.0,Dormant (13+ months),65242.52,65242.52
CUSTOMER_1117,5,Wholesale Trade Accounts,2111,2412,37.0,Dormant (13+ months),64729.23,64729.23
CUSTOMER_2564,4,Commercial Service Accounts,1906,2412,66.0,Dormant (13+ months),64406.6,64406.6
CUSTOMER_2645,6,Commercial Supply Partners,2202,2412,34.0,Dormant (13+ months),64336.93,64336.93
CUSTOMER_0976,2,Independent Retail Accounts,1912,2412,60.0,Dormant (13+ months),62199.94,62199.94
CUSTOMER_2192,2,Independent Retail Accounts,2305,2412,19.0,Dormant (13+ months),61489.63,61489.63
CUSTOMER_1127,34,Urban Boutique Retailer,1910,2412,62.0,Dormant (13+ months),61228.1,61228.1
CUSTOMER_0766,2,Independent Retail Accounts,2007,2412,53.0,Dormant (13+ months),61034.22,61034.22
CUSTOMER_1902,17,Mid-Size Retail Chain,2010,2412,50.0,Dormant (13+ months),60980.89,60980.89
CUSTOMER_1403,2,Independent Retail Accounts,2208,2412,28.0,Dormant (13+ months),60071.72,60071.72
CUSTOMER_1454,2,Independent Retail Accounts,1911,2412,61.0,Dormant (13+ months),59607.95,59607.95
CUSTOMER_1889,17,Mid-Size Retail Chain,1809,2412,75.0,Dormant (13+ months),59551.71,59551.71
CUSTOMER_2261,2,Independent Retail Accounts,1911,2412,61.0,Dormant (13+ months),58394.21,58394.21
CUSTOMER_2549,4,Commercial Service Accounts,1810,2412,74.0,Dormant (13+ months),56575.94,56575.94
CUSTOMER_1123,34,Urban Boutique Retailer,1910,2412,62.0,Dormant (13+ months),56493.23,56493.23
CUSTOMER_0231,2,Independent Retail Accounts,2112,2412,36.0,Dormant (13+ months),56012.55,56012.55
CUSTOMER_1899,17,Mid-Size Retail Chain,2009,2412,51.0,Dormant (13+ months),54551.84,54551.84
CUSTOMER_2683,5,Wholesale Trade Accounts,2002,2412,58.0,Dormant (13+ months),54550.46,54550.46
CUSTOMER_2839,4,Commercial Service Accounts,1812,2412,72.0,Dormant (13+ months),53041.72,53041.72
CUSTOMER_2688,4,Commercial Service Accounts,2007,2412,53.0,Dormant (13+ months),52926.95,52926.95
CUSTOMER_3109,5,Wholesale Trade Accounts,2102,2412,46.0,Dormant (13+ months),52544.34,52544.34
CUSTOMER_2558,4,Commercial Service Accounts,1810,2412,74.0,Dormant (13+ months),52174.06,52174.06
CUSTOMER_2627,4,Commercial Service Accounts,1902,2412,70.0,Dormant (13+ months),51650.51,51650.51
CUSTOMER_0802,7,Regional Retail Chain – Tier 1,2008,2412,52.0,Dormant (13+ months),51470.71,51470.71
CUSTOMER_0909,2,Independent Retail Accounts,2301,2412,23.0,Dormant (13+ months),51397.9,51397.9
CUSTOMER_1898,17,Mid-Size Retail Chain,2101,2412,47.0,Dormant (13+ months),50912.35,50912.35
CUSTOMER_2604,4,Commercial Service Accounts,2003,2412,57.0,Dormant (13+ months),50420.13,50420.13
CUSTOMER_0804,7,Regional Retail Chain – Tier 1,2008,2412,52.0,Dormant (13+ months),50389.39,50389.39
CUSTOMER_1597,2,Independent Retail Accounts,2112,2412,36.0,Dormant (13+ months),49251.22,49251.22
CUSTOMER_1949,2,Independent Retail Accounts,1810,2412,74.0,Dormant (13+ months),48611.64,48611.64
CUSTOMER_0284,2,Independent Retail Accounts,2104,2412,44.0,Dormant (13+ months),48333.03,48333.03
CUSTOMER_1900,17,Mid-Size Retail Chain,2101,2412,47.0,Dormant (13+ months),47876.88,47876.88
CUSTOMER_2643,4,Commercial Service Accounts,1810,2412,74.0,Dormant (13+ months),47604.76,47604.76
CUSTOMER_1993,2,Independent Retail Accounts,2003,2412,57.0,Dormant (13+ months),47496.49,47496.49
CUSTOMER_2702,4,Commercial Service Accounts,1907,2412,65.0,Dormant (13+ months),46139.02,46139.02
CUSTOMER_2501,2,Independent Retail Accounts,2304,2412,20.0,Dormant (13+ months),45917.25,45917.25
CUSTOMER_1112,2,Independent Retail Accounts,2305,2412,19.0,Dormant (13+ months),45758.24,45758.24
CUSTOMER_1882,17,Mid-Size Retail Chain,2002,2412,58.0,Dormant (13+ months),45492.9,45492.9
CUSTOMER_2430,23,Value-Oriented Retail Chain,2001,2412,59.0,Dormant (13+ months),45447.48,45447.48
CUSTOMER_2698,4,Commercial Service Accounts,1911,2412,61.0,Dormant (13+ months),45439.41,45439.41
CUSTOMER_1892,17,Mid-Size Retail Chain,2101,2412,47.0,Dormant (13+ months),45343.9,45343.9
CUSTOMER_0920,2,Independent Retail Accounts,2201,2412,35.0,Dormant (13+ months),44610.1,44610.1
CUSTOMER_0259,5,Wholesale Trade Accounts,2107,2412,41.0,Dormant (13+ months),44113.98,44113.98
CUSTOMER_2681,4,Commercial Service Accounts,1910,2412,62.0,Dormant (13+ months),43463.84,43463.84
CUSTOMER_2322,2,Independent Retail Accounts,2206,2412,30.0,Dormant (13+ months),43155.4,43155.4
CUSTOMER_3029,3,National Retail Chains,2111,2412,37.0,Dormant (13+ months),43029.06,43029.06
CUSTOMER_1377,2,Independent Retail Accounts,1906,2412,66.0,Dormant (13+ months),42969.17,42969.17
CUSTOMER_0806,7,Regional Retail Chain – Tier 1,2008,2412,52.0,Dormant (13+ months),42041.25,42041.25
CUSTOMER_0798,7,Regional Retail Chain – Tier 1,2004,2412,56.0,Dormant (13+ months),41559.18,41559.18
CUSTOMER_3077,3,National Retail Chains,2105,2412,43.0,Dormant (13+ months),40508.35,40508.35
CUSTOMER_0156,2,Independent Retail Accounts,2211,2412,25.0,Dormant (13+ months),40476.86,40476.86
CUSTOMER_1877,17,Mid-Size Retail Chain,2007,2412,53.0,Dormant (13+ months),40069.48,40069.48
CUSTOMER_1830,2,Independent Retail Accounts,2201,2412,35.0,Dormant (13+ months),39995.04,39995.04
CUSTOMER_2624,4,Commercial Service Accounts,1807,2412,77.0,Dormant (13+ months),39938.36,39938.36
CUSTOMER_3157,5,Wholesale Trade Accounts,2107,2412,41.0,Dormant (13+ months),39912.16,39912.16
CUSTOMER_1193,2,Independent Retail Accounts,2309,2412,15.0,Dormant (13+ months),39817.0,39817.0
CUSTOMER_2365,2,Independent Retail Accounts,1909,2412,63.0,Dormant (13+ months),39781.3,39781.3
CUSTOMER_1895,17,Mid-Size Retail Chain,2012,2412,48.0,Dormant (13+ months),39776.4,39776.4
CUSTOMER_1884,17,Mid-Size Retail Chain,2003,2412,57.0,Dormant (13+ months),39697.02,39697.02
CUSTOMER_2649,5,Wholesale Trade Accounts,1812,2412,72.0,Dormant (13+ months),39686.92,39686.92
CUSTOMER_1995,4,Commercial Service Accounts,2305,2412,19.0,Dormant (13+ months),39577.06,39577.06
CUSTOMER_3030,3,National Retail Chains,1901,2412,71.0,Dormant (13+ months),39569.82,39569.82
CUSTOMER_0801,7,Regional Retail Chain – Tier 1,2008,2412,52.0,Dormant (13+ months),39011.44,39011.44
CUSTOMER_2556,4,Commercial Service Accounts,1809,2412,75.0,Dormant (13+ months),38951.66,38951.66
CUSTOMER_0981,47,Direct-to-Consumer Channel,2203,2412,33.0,Dormant (13+ months),38849.41,38849.41
CUSTOMER_0625,2,Independent Retail Accounts,2304,2412,20.0,Dormant (13+ months),38659.6,38659.6
CUSTOMER_1875,17,Mid-Size Retail Chain,2007,2412,53.0,Dormant (13+ months),38583.87,38583.87
CUSTOMER_1881,17,Mid-Size Retail Chain,2101,2412,47.0,Dormant (13+ months),38138.99,38138.99
CUSTOMER_2913,2,Independent Retail Accounts,2302,2412,22.0,Dormant (13+ months),37934.74,37934.74
CUSTOMER_2565,4,Commercial Service Accounts,2003,2412,57.0,Dormant (13+ months),36848.26,36848.26
CUSTOMER_2206,3,National Retail Chains,1908,2412,64.0,Dormant (13+ months),36519.58,36519.58
CUSTOMER_0721,59,Import Marketplace Partner,2309,2412,15.0,Dormant (13+ months),36463.48,36463.48
CUSTOMER_1037,5,Wholesale Trade Accounts,1904,2412,68.0,Dormant (13+ months),36208.15,36208.15
CUSTOMER_0967,2,Independent Retail Accounts,2202,2412,34.0,Dormant (13+ months),35913.19,35913.19
CUSTOMER_0855,2,Independent Retail Accounts,2208,2412,28.0,Dormant (13+ months),35832.13,35832.13
CUSTOMER_1894,17,Mid-Size Retail Chain,2101,2412,47.0,Dormant (13+ months),35713.82,35713.82
CUSTOMER_1903,17,Mid-Size Retail Chain,2002,2412,58.0,Dormant (13+ months),35301.34,35301.34
CUSTOMER_0372,2,Independent Retail Accounts,2207,2412,29.0,Dormant (13+ months),35014.53,35014.53
CUSTOMER_0600,2,Independent Retail Accounts,2006,2412,54.0,Dormant (13+ months),34860.41,34860.41
CUSTOMER_1279,2,Independent Retail Accounts,1808,2412,76.0,Dormant (13+ months),34646.94,34646.94
CUSTOMER_1872,17,Mid-Size Retail Chain,2101,2412,47.0,Dormant (13+ months),34455.66,34455.66
CUSTOMER_1101,42,Independent Distribution Partner,2003,2412,57.0,Dormant (13+ months),34379.29,34379.29
CUSTOMER_2301,2,Independent Retail Accounts,2206,2412,30.0,Dormant (13+ months),34241.55,34241.55
CUSTOMER_2559,4,Commercial Service Accounts,1810,2412,74.0,Dormant (13+ months),34054.02,34054.02
CUSTOMER_2962,4,Commercial Service Accounts,1910,2412,62.0,Dormant (13+ months),33900.27,33900.27
CUSTOMER_0386,2,Independent Retail Accounts,1811,2412,73.0,Dormant (13+ months),33871.94,33871.94
CUSTOMER_0807,7,Regional Retail Chain – Tier 1,2005,2412,55.0,Dormant (13+ months),33812.14,33812.14
CUSTOMER_1002,47,Direct-to-Consumer Channel,2111,2412,37.0,Dormant (13+ months),33794.99,33794.99
CUSTOMER_1897,17,Mid-Size Retail Chain,2009,2412,51.0,Dormant (13+ months),33558.74,33558.74
CUSTOMER_0702,2,Independent Retail Accounts,2308,2412,16.0,Dormant (13+ months),33538.24,33538.24
CUSTOMER_0315,2,Independent Retail Accounts,2009,2412,51.0,Dormant (13+ months),33397.43,33397.43
CUSTOMER_1149,17,Mid-Size Retail Chain,2009,2412,51.0,Dormant (13+ months),33307.51,33307.51
CUSTOMER_1968,2,Independent Retail Accounts,2212,2412,24.0,Dormant (13+ months),33097.2,33097.2
CUSTOMER_1878,17,Mid-Size Retail Chain,2101,2412,47.0,Dormant (13+ months),33053.79,33053.79
CUSTOMER_2550,4,Commercial Service Accounts,1810,2412,74.0,Dormant (13+ months),32702.26,32702.26
CUSTOMER_1273,2,Independent Retail Accounts,2010,2412,50.0,Dormant (13+ months),32681.6,32681.6
CUSTOMER_2860,4,Commercial Service Accounts,2303,2412,21.0,Dormant (13+ months),32535.03,32535.03
CUSTOMER_2956,4,Commercial Service Accounts,2304,2412,20.0,Dormant (13+ months),32528.24,32528.24
CUSTOMER_1901,17,Mid-Size Retail Chain,2008,2412,52.0,Dormant (13+ months),32146.55,32146.55
CUSTOMER_1790,99,Inactive / Closed Accounts,2306,2412,18.0,Dormant (13+ months),32060.93,32060.93
CUSTOMER_0699,2,Independent Retail Accounts,2305,2412,19.0,Dormant (13+ months),31707.16,31707.16
CUSTOMER_0627,2,Independent Retail Accounts,2303,2412,21.0,Dormant (13+ months),31606.59,31606.59
CUSTOMER_0799,7,Regional Retail Chain – Tier 1,2004,2412,56.0,Dormant (13+ months),31553.84,31553.84
CUSTOMER_0796,7,Regional Retail Chain – Tier 1,2006,2412,54.0,Dormant (13+ months),31476.68,31476.68
CUSTOMER_0576,2,Independent Retail Accounts,1902,2412,70.0,Dormant (13+ months),31280.87,31280.87
CUSTOMER_1125,34,Urban Boutique Retailer,1810,2412,74.0,Dormant (13+ months),31235.81,31235.81
CUSTOMER_1433,2,Independent Retail Accounts,2001,2412,59.0,Dormant (13+ months),31170.79,31170.79
CUSTOMER_1891,17,Mid-Size Retail Chain,1912,2412,60.0,Dormant (13+ months),30202.26,30202.26
CUSTOMER_1817,33,Regional Specialty Market,2011,2412,49.0,Dormant (13+ months),29970.18,29970.18
CUSTOMER_0680,2,Independent Retail Accounts,2012,2412,48.0,Dormant (13+ months),29961.9,29961.9
CUSTOMER_3120,2,Independent Retail Accounts,2012,2412,48.0,Dormant (13+ months),29854.78,29854.78
CUSTOMER_3135,5,Wholesale Trade Accounts,2107,2412,41.0,Dormant (13+ months),29225.0,29225.0
CUSTOMER_1742,2,Independent Retail Accounts,2103,2412,45.0,Dormant (13+ months),28827.76,28827.76
CUSTOMER_2469,2,Independent Retail Accounts,2210,2412,26.0,Dormant (13+ months),28732.2,28732.2
CUSTOMER_0612,2,Independent Retail Accounts,2304,2412,20.0,Dormant (13+ months),28709.14,28709.14
CUSTOMER_2340,2,Independent Retail Accounts,2108,2412,40.0,Dormant (13+ months),28401.97,28401.97
CUSTOMER_1723,2,Independent Retail Accounts,2011,2412,49.0,Dormant (13+ months),28369.55,28369.55
CUSTOMER_1676,2,Independent Retail Accounts,2003,2412,57.0,Dormant (13+ months),28360.99,28360.99
CUSTOMER_0286,2,Independent Retail Accounts,2305,2412,19.0,Dormant (13+ months),28276.13,28276.13
CUSTOMER_1358,2,Independent Retail Accounts,2108,2412,40.0,Dormant (13+ months),28270.15,28270.15
CUSTOMER_1887,17,Mid-Size Retail Chain,2001,2412,59.0,Dormant (13+ months),28264.63,28264.63
CUSTOMER_3139,5,Wholesale Trade Accounts,2104,2412,44.0,Dormant (13+ months),27900.82,27900.82
CUSTOMER_0510,2,Independent Retail Accounts,2212,2412,24.0,Dormant (13+ months),27404.08,27404.08
CUSTOMER_1456,2,Independent Retail Accounts,1904,2412,68.0,Dormant (13+ months),27142.66,27142.66
CUSTOMER_2707,4,Commercial Service Accounts,2003,2412,57.0,Dormant (13+ months),27009.61,27009.61
CUSTOMER_1874,17,Mid-Size Retail Chain,2007,2412,53.0,Dormant (13+ months),26935.09,26935.09
CUSTOMER_1124,34,Urban Boutique Retailer,1810,2412,74.0,Dormant (13+ months),26714.01,26714.01
CUSTOMER_1530,2,Independent Retail Accounts,2304,2412,20.0,Dormant (13+ months),26490.73,26490.73
CUSTOMER_2708,4,Commercial Service Accounts,2010,2412,50.0,Dormant (13+ months),25981.03,25981.03
CUSTOMER_0134,4,Commercial Service Accounts,2301,2412,23.0,Dormant (13+ months),25839.81,25839.81
CUSTOMER_1873,17,Mid-Size Retail Chain,2002,2412,58.0,Dormant (13+ months),25592.26,25592.26
CUSTOMER_2028,12,High-Volume Distribution Partner,2109,2412,39.0,Dormant (13+ months),25341.88,25341.88
CUSTOMER_1904,17,Mid-Size Retail Chain,2009,2412,51.0,Dormant (13+ months),25309.26,25309.26
CUSTOMER_1888,17,Mid-Size Retail Chain,1907,2412,65.0,Dormant (13+ months),25294.99,25294.99
CUSTOMER_0506,2,Independent Retail Accounts,2304,2412,20.0,Dormant (13+ months),24902.51,24902.51
CUSTOMER_2049,2,Independent Retail Accounts,2107,2412,41.0,Dormant (13+ months),24795.54,24795.54
CUSTOMER_2371,2,Independent Retail Accounts,2104,2412,44.0,Dormant (13+ months),24641.08,24641.08
CUSTOMER_1971,2,Independent Retail Accounts,2311,2412,13.0,Dormant (13+ months),24488.25,24488.25
CUSTOMER_0988,47,Direct-to-Consumer Channel,2203,2412,33.0,Dormant (13+ months),24457.58,24457.58
CUSTOMER_2891,5,Wholesale Trade Accounts,2306,2412,18.0,Dormant (13+ months),24444.31,24444.31
CUSTOMER_1871,17,Mid-Size Retail Chain,2102,2412,46.0,Dormant (13+ months),24367.57,24367.57
CUSTOMER_2382,3,National Retail Chains,1806,2412,78.0,Dormant (13+ months),24066.04,24066.04
CUSTOMER_0805,7,Regional Retail Chain – Tier 1,2004,2412,56.0,Dormant (13+ months),23918.99,23918.99
CUSTOMER_1208,2,Independent Retail Accounts,2307,2412,17.0,Dormant (13+ months),23644.85,23644.85
CUSTOMER_1197,2,Independent Retail Accounts,1812,2412,72.0,Dormant (13+ months),23578.85,23578.85
CUSTOMER_1153,2,Independent Retail Accounts,2212,2412,24.0,Dormant (13+ months),23444.73,23444.73
CUSTOMER_0369,2,Independent Retail Accounts,2301,2412,23.0,Dormant (13+ months),23324.34,23324.34
CUSTOMER_1641,2,Independent Retail Accounts,2211,2412,25.0,Dormant (13+ months),23270.66,23270.66
CUSTOMER_2861,4,Commercial Service Accounts,2108,2412,40.0,Dormant (13+ months),23115.94,23115.94
CUSTOMER_2852,4,Commercial Service Accounts,2207,2412,29.0,Dormant (13+ months),23027.02,23027.02
CUSTOMER_1880,17,Mid-Size Retail Chain,1907,2412,65.0,Dormant (13+ months),22840.22,22840.22
CUSTOMER_1712,2,Independent Retail Accounts,2302,2412,22.0,Dormant (13+ months),22644.08,22644.08
CUSTOMER_2231,2,Independent Retail Accounts,2004,2412,56.0,Dormant (13+ months),22517.49,22517.49
CUSTOMER_0800,7,Regional Retail Chain – Tier 1,2006,2412,54.0,Dormant (13+ months),22365.44,22365.44
CUSTOMER_2354,2,Independent Retail Accounts,1911,2412,61.0,Dormant (13+ months),22260.74,22260.74
CUSTOMER_3176,5,Wholesale Trade Accounts,2303,2412,21.0,Dormant (13+ months),22095.55,22095.55
CUSTOMER_2875,4,Commercial Service Accounts,2301,2412,23.0,Dormant (13+ months),21904.61,21904.61
CUSTOMER_2863,2,Independent Retail Accounts,2104,2412,44.0,Dormant (13+ months),21825.23,21825.23
CUSTOMER_0982,47,Direct-to-Consumer Channel,2202,2412,34.0,Dormant (13+ months),21688.49,21688.49
CUSTOMER_1225,5,Wholesale Trade Accounts,1810,2412,74.0,Dormant (13+ months),21551.22,21551.22
CUSTOMER_1139,2,Independent Retail Accounts,2009,2412,51.0,Dormant (13+ months),21406.33,21406.33
CUSTOMER_0402,2,Independent Retail Accounts,2303,2412,21.0,Dormant (13+ months),21348.7,21348.7
CUSTOMER_0320,2,Independent Retail Accounts,2303,2412,21.0,Dormant (13+ months),21311.58,21311.58
CUSTOMER_0883,20,Cooperative Member Account,2308,2412,16.0,Dormant (13+ months),21301.83,21301.83
CUSTOMER_2928,4,Commercial Service Accounts,1903,2412,69.0,Dormant (13+ months),20992.34,20992.34
CUSTOMER_2853,4,Commercial Service Accounts,1909,2412,63.0,Dormant (13+ months),20866.29,20866.29
CUSTOMER_2194,2,Independent Retail Accounts,2111,2412,37.0,Dormant (13+ months),20734.7,20734.7
CUSTOMER_0579,2,Independent Retail Accounts,2212,2412,24.0,Dormant (13+ months),20551.17,20551.17
CUSTOMER_0396,2,Independent Retail Accounts,2306,2412,18.0,Dormant (13+ months),20500.03,20500.03
CUSTOMER_0331,2,Independent Retail Accounts,2106,2412,42.0,Dormant (13+ months),20484.96,20484.96
CUSTOMER_0420,3,National Retail Chains,1903,2412,69.0,Dormant (13+ months),20480.05,20480.05
CUSTOMER_0809,7,Regional Retail Chain – Tier 1,1909,2412,63.0,Dormant (13+ months),20388.06,20388.06
CUSTOMER_2722,4,Commercial Service Accounts,2003,2412,57.0,Dormant (13+ months),20021.26,20021.26
CUSTOMER_2146,2,Independent Retail Accounts,1805,2412,79.0,Dormant (13+ months),19880.84,19880.84
CUSTOMER_0696,2,Independent Retail Accounts,2305,2412,19.0,Dormant (13+ months),19613.06,19613.06
CUSTOMER_2934,5,Wholesale Trade Accounts,1803,2412,81.0,Dormant (13+ months),19600.87,19600.87
CUSTOMER_0592,2,Independent Retail Accounts,2106,2412,42.0,Dormant (13+ months),19438.95,19438.95
CUSTOMER_1610,2,Independent Retail Accounts,1811,2412,73.0,Dormant (13+ months),19408.4,19408.4
CUSTOMER_1311,2,Independent Retail Accounts,2209,2412,27.0,Dormant (13+ months),19320.23,19320.23
CUSTOMER_0613,2,Independent Retail Accounts,2106,2412,42.0,Dormant (13+ months),19292.5,19292.5
CUSTOMER_1625,2,Independent Retail Accounts,2211,2412,25.0,Dormant (13+ months),19108.88,19108.88
CUSTOMER_2903,4,Commercial Service Accounts,2304,2412,20.0,Dormant (13+ months),19055.32,19055.32
CUSTOMER_2257,2,Independent Retail Accounts,2304,2412,20.0,Dormant (13+ months),18795.98,18795.98
CUSTOMER_0227,2,Independent Retail Accounts,2112,2412,36.0,Dormant (13+ months),18770.13,18770.13
CUSTOMER_2784,4,Commercial Service Accounts,2211,2412,25.0,Dormant (13+ months),18741.6,18741.6
CUSTOMER_0422,54,Retail Cooperative Network,2212,2412,24.0,Dormant (13+ months),18673.67,18673.67
CUSTOMER_0313,2,Independent Retail Accounts,1807,2412,77.0,Dormant (13+ months),18664.39,18664.39
CUSTOMER_2167,5,Wholesale Trade Accounts,2112,2412,36.0,Dormant (13+ months),18486.98,18486.98
CUSTOMER_2855,2,Independent Retail Accounts,2002,2412,58.0,Dormant (13+ months),18407.44,18407.44
CUSTOMER_2405,23,Value-Oriented Retail Chain,2011,2412,49.0,Dormant (13+ months),18371.84,18371.84
CUSTOMER_1365,2,Independent Retail Accounts,2103,2412,45.0,Dormant (13+ months),18283.07,18283.07
CUSTOMER_0964,2,Independent Retail Accounts,2107,2412,41.0,Dormant (13+ months),18198.42,18198.42
CUSTOMER_1963,2,Independent Retail Accounts,2004,2412,56.0,Dormant (13+ months),18166.8,18166.8
CUSTOMER_0512,2,Independent Retail Accounts,2207,2412,29.0,Dormant (13+ months),18074.99,18074.99
CUSTOMER_0675,2,Independent Retail Accounts,2303,2412,21.0,Dormant (13+ months),17977.82,17977.82
CUSTOMER_2068,4,Commercial Service Accounts,2305,2412,19.0,Dormant (13+ months),17596.54,17596.54
CUSTOMER_3068,5,Wholesale Trade Accounts,2011,2412,49.0,Dormant (13+ months),17181.13,17181.13
CUSTOMER_2046,2,Independent Retail Accounts,2304,2412,20.0,Dormant (13+ months),17099.56,17099.56
CUSTOMER_0792,2,Independent Retail Accounts,2208,2412,28.0,Dormant (13+ months),17092.17,17092.17
CUSTOMER_1736,2,Independent Retail Accounts,2207,2412,29.0,Dormant (13+ months),17002.02,17002.02
CUSTOMER_0755,2,Independent Retail Accounts,2210,2412,26.0,Dormant (13+ months),16991.29,16991.29
CUSTOMER_0002,5,Wholesale Trade Accounts,1807,2412,77.0,Dormant (13+ months),16903.74,16903.74
CUSTOMER_2967,4,Commercial Service Accounts,1901,2412,71.0,Dormant (13+ months),16840.22,16840.22
CUSTOMER_0397,2,Independent Retail Accounts,2112,2412,36.0,Dormant (13+ months),16826.55,16826.55
CUSTOMER_0810,7,Regional Retail Chain – Tier 1,2006,2412,54.0,Dormant (13+ months),16759.96,16759.96
CUSTOMER_0987,47,Direct-to-Consumer Channel,2203,2412,33.0,Dormant (13+ months),16580.74,16580.74
CUSTOMER_1890,2,Independent Retail Accounts,2101,2412,47.0,Dormant (13+ months),16495.14,16495.14
CUSTOMER_0929,2,Independent Retail Accounts,2003,2412,57.0,Dormant (13+ months),16397.27,16397.27
CUSTOMER_0001,5,Wholesale Trade Accounts,2112,2412,36.0,Dormant (13+ months),16365.18,16365.18
CUSTOMER_3070,3,National Retail Chains,1810,2412,74.0,Dormant (13+ months),16294.62,16294.62
CUSTOMER_3034,3,National Retail Chains,2006,2412,54.0,Dormant (13+ months),16186.08,16186.08
CUSTOMER_0986,47,Direct-to-Consumer Channel,2202,2412,34.0,Dormant (13+ months),16144.7,16144.7
CUSTOMER_1453,2,Independent Retail Accounts,2001,2412,59.0,Dormant (13+ months),15999.52,15999.52
CUSTOMER_0528,2,Independent Retail Accounts,1904,2412,68.0,Dormant (13+ months),15906.91,15906.91
CUSTOMER_3080,4,Commercial Service Accounts,2105,2412,43.0,Dormant (13+ months),15869.33,15869.33
CUSTOMER_0591,2,Independent Retail Accounts,2104,2412,44.0,Dormant (13+ months),15748.26,15748.26
CUSTOMER_2044,2,Independent Retail Accounts,1807,2412,77.0,Dormant (13+ months),15702.87,15702.87
CUSTOMER_2448,2,Independent Retail Accounts,2305,2412,19.0,Dormant (13+ months),15683.12,15683.12
CUSTOMER_3169,5,Wholesale Trade Accounts,2212,2412,24.0,Dormant (13+ months),15664.44,15664.44
CUSTOMER_2654,4,Commercial Service Accounts,1810,2412,74.0,Dormant (13+ months),15623.25,15623.25
CUSTOMER_0120,2,Independent Retail Accounts,2002,2412,58.0,Dormant (13+ months),15582.93,15582.93
CUSTOMER_0175,4,Commercial Service Accounts,2203,2412,33.0,Dormant (13+ months),15548.41,15548.41
CUSTOMER_1942,2,Independent Retail Accounts,2108,2412,40.0,Dormant (13+ months),15523.96,15523.96
CUSTOMER_2915,4,Commercial Service Accounts,2003,2412,57.0,Dormant (13+ months),15413.62,15413.62
CUSTOMER_0607,2,Independent Retail Accounts,1811,2412,73.0,Dormant (13+ months),15270.08,15270.08
CUSTOMER_2889,4,Commercial Service Accounts,2001,2412,59.0,Dormant (13+ months),15262.44,15262.44
CUSTOMER_2640,4,Commercial Service Accounts,2003,2412,57.0,Dormant (13+ months),15177.25,15177.25
CUSTOMER_2820,4,Commercial Service Accounts,2304,2412,20.0,Dormant (13+ months),14996.68,14996.68
CUSTOMER_0191,2,Independent Retail Accounts,2104,2412,44.0,Dormant (13+ months),14994.26,14994.26
CUSTOMER_2625,4,Commercial Service Accounts,1802,2412,82.0,Dormant (13+ months),14764.97,14764.97
CUSTOMER_2954,2,Independent Retail Accounts,1811,2412,73.0,Dormant (13+ months),14747.78,14747.78
CUSTOMER_0170,4,Commercial Service Accounts,2112,2412,36.0,Dormant (13+ months),14743.55,14743.55
CUSTOMER_0335,2,Independent Retail Accounts,2205,2412,31.0,Dormant (13+ months),14710.21,14710.21
CUSTOMER_1353,2,Independent Retail Accounts,2209,2412,27.0,Dormant (13+ months),14607.45,14607.45
CUSTOMER_0672,2,Independent Retail Accounts,2103,2412,45.0,Dormant (13+ months),14521.74,14521.74
CUSTOMER_0983,47,Direct-to-Consumer Channel,2202,2412,34.0,Dormant (13+ months),14519.85,14519.85
CUSTOMER_2872,2,Independent Retail Accounts,2209,2412,27.0,Dormant (13+ months),14391.38,14391.38
CUSTOMER_0717,2,Independent Retail Accounts,2112,2412,36.0,Dormant (13+ months),14275.8,14275.8
CUSTOMER_0745,2,Independent Retail Accounts,2106,2412,42.0,Dormant (13+ months),14242.24,14242.24
CUSTOMER_0426,2,Independent Retail Accounts,2303,2412,21.0,Dormant (13+ months),14217.23,14217.23
CUSTOMER_0517,5,Wholesale Trade Accounts,1805,2412,79.0,Dormant (13+ months),14157.85,14157.85
CUSTOMER_2692,4,Commercial Service Accounts,2301,2412,23.0,Dormant (13+ months),14143.43,14143.43
CUSTOMER_2845,4,Commercial Service Accounts,2003,2412,57.0,Dormant (13+ months),13959.0,13959.0
CUSTOMER_1329,2,Independent Retail Accounts,2203,2412,33.0,Dormant (13+ months),13947.28,13947.28
CUSTOMER_3054,3,National Retail Chains,2103,2412,45.0,Dormant (13+ months),13899.86,13899.86
CUSTOMER_2111,40,Suburban Independent Retailer,2006,2412,54.0,Dormant (13+ months),13759.52,13759.52
CUSTOMER_1032,2,Independent Retail Accounts,2106,2412,42.0,Dormant (13+ months),13685.67,13685.67
CUSTOMER_2563,2,Independent Retail Accounts,2006,2412,54.0,Dormant (13+ months),13678.83,13678.83
CUSTOMER_2319,2,Independent Retail Accounts,2002,2412,58.0,Dormant (13+ months),13623.29,13623.29
CUSTOMER_0994,47,Direct-to-Consumer Channel,2203,2412,33.0,Dormant (13+ months),13501.6,13501.6
CUSTOMER_0765,2,Independent Retail Accounts,2211,2412,25.0,Dormant (13+ months),13344.83,13344.83
CUSTOMER_3021,99,Inactive / Closed Accounts,2111,2412,37.0,Dormant (13+ months),13317.07,13317.07
CUSTOMER_0919,2,Independent Retail Accounts,2201,2412,35.0,Dormant (13+ months),13297.7,13297.7
CUSTOMER_1078,2,Independent Retail Accounts,2302,2412,22.0,Dormant (13+ months),13210.7,13210.7
CUSTOMER_1896,17,Mid-Size Retail Chain,1808,2412,76.0,Dormant (13+ months),13175.89,13175.89
CUSTOMER_2057,2,Independent Retail Accounts,2211,2412,25.0,Dormant (13+ months),13169.09,13169.09
CUSTOMER_2512,2,Independent Retail Accounts,2011,2412,49.0,Dormant (13+ months),13145.62,13145.62
CUSTOMER_2440,2,Independent Retail Accounts,2307,2412,17.0,Dormant (13+ months),13141.06,13141.06
CUSTOMER_3074,99,Inactive / Closed Accounts,2110,2412,38.0,Dormant (13+ months),13136.12,13136.12
CUSTOMER_1115,3,National Retail Chains,1907,2412,65.0,Dormant (13+ months),13098.94,13098.94
CUSTOMER_2104,2,Independent Retail Accounts,2301,2412,23.0,Dormant (13+ months),13047.23,13047.23
CUSTOMER_2263,2,Independent Retail Accounts,1906,2412,66.0,Dormant (13+ months),13031.94,13031.94
CUSTOMER_0990,47,Direct-to-Consumer Channel,2202,2412,34.0,Dormant (13+ months),12977.09,12977.09
CUSTOMER_0333,2,Independent Retail Accounts,2210,2412,26.0,Dormant (13+ months),12821.88,12821.88
CUSTOMER_0530,5,Wholesale Trade Accounts,2103,2412,45.0,Dormant (13+ months),12676.62,12676.62
CUSTOMER_2842,4,Commercial Service Accounts,2002,2412,58.0,Dormant (13+ months),12608.77,12608.77
CUSTOMER_0915,2,Independent Retail Accounts,2310,2412,14.0,Dormant (13+ months),12567.29,12567.29
CUSTOMER_0626,2,Independent Retail Accounts,2212,2412,24.0,Dormant (13+ months),12444.09,12444.09
CUSTOMER_0594,2,Independent Retail Accounts,2105,2412,43.0,Dormant (13+ months),12413.23,12413.23
CUSTOMER_1967,2,Independent Retail Accounts,2201,2412,35.0,Dormant (13+ months),12409.79,12409.79
CUSTOMER_1148,2,Independent Retail Accounts,1809,2412,75.0,Dormant (13+ months),12359.04,12359.04
CUSTOMER_1089,2,Independent Retail Accounts,2303,2412,21.0,Dormant (13+ months),12340.38,12340.38
CUSTOMER_2832,4,Commercial Service Accounts,1912,2412,60.0,Dormant (13+ months),12290.65,12290.65
CUSTOMER_0693,5,Wholesale Trade Accounts,2212,2412,24.0,Dormant (13+ months),12269.71,12269.71
CUSTOMER_2117,2,Independent Retail Accounts,2006,2412,54.0,Dormant (13+ months),12143.7,12143.7
CUSTOMER_2687,4,Commercial Service Accounts,1807,2412,77.0,Dormant (13+ months),12134.88,12134.88
CUSTOMER_0989,47,Direct-to-Consumer Channel,2203,2412,33.0,Dormant (13+ months),12026.39,12026.39
CUSTOMER_0628,14,Specialty Retail – Small Format,2305,2412,19.0,Dormant (13+ months),11988.6,11988.6
CUSTOMER_1876,17,Mid-Size Retail Chain,1909,2412,63.0,Dormant (13+ months),11876.85,11876.85
CUSTOMER_0097,2,Independent Retail Accounts,1810,2412,74.0,Dormant (13+ months),11837.79,11837.79
CUSTOMER_1088,2,Independent Retail Accounts,2302,2412,22.0,Dormant (13+ months),11817.94,11817.94
CUSTOMER_2644,4,Commercial Service Accounts,1810,2412,74.0,Dormant (13+ months),11659.1,11659.1
CUSTOMER_0697,5,Wholesale Trade Accounts,2111,2412,37.0,Dormant (13+ months),11620.13,11620.13
CUSTOMER_2038,5,Wholesale Trade Accounts,2005,2412,55.0,Dormant (13+ months),11478.88,11478.88
CUSTOMER_2930,5,Wholesale Trade Accounts,2210,2412,26.0,Dormant (13+ months),11473.07,11473.07
CUSTOMER_2279,5,Wholesale Trade Accounts,1910,2412,62.0,Dormant (13+ months),11462.1,11462.1
CUSTOMER_1371,2,Independent Retail Accounts,2012,2412,48.0,Dormant (13+ months),11387.67,11387.67
CUSTOMER_3130,5,Wholesale Trade Accounts,1804,2412,80.0,Dormant (13+ months),11382.44,11382.44
CUSTOMER_1620,2,Independent Retail Accounts,2001,2412,59.0,Dormant (13+ months),11378.93,11378.93
CUSTOMER_3085,3,National Retail Chains,2103,2412,45.0,Dormant (13+ months),11260.9,11260.9
CUSTOMER_1177,41,Village Retail Operator,2105,2412,43.0,Dormant (13+ months),11257.75,11257.75
CUSTOMER_1460,2,Independent Retail Accounts,2007,2412,53.0,Dormant (13+ months),11257.25,11257.25
CUSTOMER_1211,2,Independent Retail Accounts,1902,2412,70.0,Dormant (13+ months),11257.01,11257.01
CUSTOMER_2783,4,Commercial Service Accounts,2205,2412,31.0,Dormant (13+ months),11203.1,11203.1
CUSTOMER_0414,2,Independent Retail Accounts,2309,2412,15.0,Dormant (13+ months),11170.27,11170.27
CUSTOMER_0301,5,Wholesale Trade Accounts,2003,2412,57.0,Dormant (13+ months),11143.9,11143.9
CUSTOMER_1363,2,Independent Retail Accounts,1804,2412,80.0,Dormant (13+ months),11138.92,11138.92
CUSTOMER_2756,4,Commercial Service Accounts,2205,2412,31.0,Dormant (13+ months),11121.16,11121.16
CUSTOMER_0575,2,Independent Retail Accounts,2208,2412,28.0,Dormant (13+ months),11109.03,11109.03
CUSTOMER_1452,2,Independent Retail Accounts,2012,2412,48.0,Dormant (13+ months),10835.7,10835.7
CUSTOMER_0808,7,Regional Retail Chain – Tier 1,2101,2412,47.0,Dormant (13+ months),10755.93,10755.93
CUSTOMER_2597,4,Commercial Service Accounts,1909,2412,63.0,Dormant (13+ months),10731.2,10731.2
CUSTOMER_0464,2,Independent Retail Accounts,2310,2412,14.0,Dormant (13+ months),10716.14,10716.14
CUSTOMER_1981,2,Independent Retail Accounts,2308,2412,16.0,Dormant (13+ months),10684.04,10684.04
CUSTOMER_2067,2,Independent Retail Accounts,2209,2412,27.0,Dormant (13+ months),10626.35,10626.35
CUSTOMER_0573,5,Wholesale Trade Accounts,2301,2412,23.0,Dormant (13+ months),10605.17,10605.17
CUSTOMER_0262,2,Independent Retail Accounts,1903,2412,69.0,Dormant (13+ months),10521.0,10521.0
CUSTOMER_2200,2,Independent Retail Accounts,2008,2412,52.0,Dormant (13+ months),10493.46,10493.46
CUSTOMER_2600,4,Commercial Service Accounts,2007,2412,53.0,Dormant (13+ months),10393.5,10393.5
CUSTOMER_0818,28,Corporate Retail Group,2210,2412,26.0,Dormant (13+ months),10358.74,10358.74
CUSTOMER_1085,2,Independent Retail Accounts,2303,2412,21.0,Dormant (13+ months),10270.5,10270.5
CUSTOMER_0992,47,Direct-to-Consumer Channel,2203,2412,33.0,Dormant (13+ months),10211.43,10211.43
CUSTOMER_1081,2,Independent Retail Accounts,2303,2412,21.0,Dormant (13+ months),10175.83,10175.83
CUSTOMER_0190,2,Independent Retail Accounts,2208,2412,28.0,Dormant (13+ months),10109.95,10109.95
CUSTOMER_1209,2,Independent Retail Accounts,2307,2412,17.0,Dormant (13+ months),10003.69,10003.69
CUSTOMER_1432,2,Independent Retail Accounts,2303,2412,21.0,Dormant (13+ months),9972.55,9972.55
CUSTOMER_3026,99,Inactive / Closed Accounts,2011,2412,49.0,Dormant (13+ months),9912.87,9912.87
CUSTOMER_2350,2,Independent Retail Accounts,2011,2412,49.0,Dormant (13+ months),9902.16,9902.16
CUSTOMER_0783,2,Independent Retail Accounts,2212,2412,24.0,Dormant (13+ months),9878.33,9878.33
CUSTOMER_0438,2,Independent Retail Accounts,2202,2412,34.0,Dormant (13+ months),9855.34,9855.34
CUSTOMER_1861,2,Independent Retail Accounts,2309,2412,15.0,Dormant (13+ months),9851.64,9851.64
CUSTOMER_2796,4,Commercial Service Accounts,2104,2412,44.0,Dormant (13+ months),9781.96,9781.96
CUSTOMER_1979,2,Independent Retail Accounts,1906,2412,66.0,Dormant (13+ months),9757.08,9757.08
CUSTOMER_0694,2,Independent Retail Accounts,2305,2412,19.0,Dormant (13+ months),9656.83,9656.83
CUSTOMER_0924,2,Independent Retail Accounts,2303,2412,21.0,Dormant (13+ months),9637.05,9637.05
CUSTOMER_1079,2,Independent Retail Accounts,2302,2412,22.0,Dormant (13+ months),9588.99,9588.99
CUSTOMER_0884,20,Cooperative Member Account,2002,2412,58.0,Dormant (13+ months),9462.22,9462.22
CUSTOMER_3125,6,Commercial Supply Partners,1802,2412,82.0,Dormant (13+ months),9430.15,9430.15
CUSTOMER_2961,4,Commercial Service Accounts,1910,2412,62.0,Dormant (13+ months),9398.26,9398.26
CUSTOMER_2342,2,Independent Retail Accounts,2304,2412,20.0,Dormant (13+ months),9378.69,9378.69
CUSTOMER_1000,47,Direct-to-Consumer Channel,2203,2412,33.0,Dormant (13+ months),9367.31,9367.31
CUSTOMER_2816,4,Commercial Service Accounts,1810,2412,74.0,Dormant (13+ months),9362.8,9362.8
CUSTOMER_1090,2,Independent Retail Accounts,2303,2412,21.0,Dormant (13+ months),9241.13,9241.13
CUSTOMER_2665,4,Commercial Service Accounts,2112,2412,36.0,Dormant (13+ months),9210.05,9210.05
CUSTOMER_0860,3,National Retail Chains,2301,2412,23.0,Dormant (13+ months),9191.47,9191.47
CUSTOMER_0325,2,Independent Retail Accounts,1908,2412,64.0,Dormant (13+ months),9085.83,9085.83
CUSTOMER_0384,2,Independent Retail Accounts,2003,2412,57.0,Dormant (13+ months),9084.22,9084.22
CUSTOMER_1196,4,Commercial Service Accounts,2302,2412,22.0,Dormant (13+ months),9053.39,9053.39
CUSTOMER_0850,54,Retail Cooperative Network,2309,2412,15.0,Dormant (13+ months),9024.65,9024.65
CUSTOMER_2364,2,Independent Retail Accounts,2105,2412,43.0,Dormant (13+ months),8999.84,8999.84
CUSTOMER_2030,2,Independent Retail Accounts,2303,2412,21.0,Dormant (13+ months),8892.95,8892.95
CUSTOMER_3155,5,Wholesale Trade Accounts,1912,2412,60.0,Dormant (13+ months),8836.13,8836.13
CUSTOMER_1161,2,Independent Retail Accounts,2112,2412,36.0,Dormant (13+ months),8835.61,8835.61
CUSTOMER_0412,5,Wholesale Trade Accounts,1806,2412,78.0,Dormant (13+ months),8829.57,8829.57
CUSTOMER_3092,11,Manufacturing Partners,2201,2412,35.0,Dormant (13+ months),8810.53,8810.53
CUSTOMER_2922,4,Commercial Service Accounts,2204,2412,32.0,Dormant (13+ months),8757.95,8757.95
CUSTOMER_2143,14,Specialty Retail – Small Format,2304,2412,20.0,Dormant (13+ months),8755.73,8755.73
CUSTOMER_3052,3,National Retail Chains,2103,2412,45.0,Dormant (13+ months),8735.27,8735.27
CUSTOMER_0508,11,Manufacturing Partners,2207,2412,29.0,Dormant (13+ months),8645.76,8645.76
CUSTOMER_1645,2,Independent Retail Accounts,2109,2412,39.0,Dormant (13+ months),8627.78,8627.78
CUSTOMER_2481,5,Wholesale Trade Accounts,2203,2412,33.0,Dormant (13+ months),8620.94,8620.94
CUSTOMER_1084,2,Independent Retail Accounts,2303,2412,21.0,Dormant (13+ months),8584.23,8584.23
CUSTOMER_2892,4,Commercial Service Accounts,2309,2412,15.0,Dormant (13+ months),8576.55,8576.55
CUSTOMER_3145,5,Wholesale Trade Accounts,2010,2412,50.0,Dormant (13+ months),8559.27,8559.27
CUSTOMER_0371,1,Unassigned,2109,2412,39.0,Dormant (13+ months),8506.96,8506.96
CUSTOMER_2952,4,Commercial Service Accounts,2001,2412,59.0,Dormant (13+ months),8476.18,8476.18
CUSTOMER_3083,6,Commercial Supply Partners,2305,2412,19.0,Dormant (13+ months),8374.08,8374.08
CUSTOMER_2495,2,Independent Retail Accounts,2304,2412,20.0,Dormant (13+ months),8313.93,8313.93
CUSTOMER_2552,5,Wholesale Trade Accounts,2010,2412,50.0,Dormant (13+ months),8310.75,8310.75
CUSTOMER_1671,2,Independent Retail Accounts,2211,2412,25.0,Dormant (13+ months),8297.59,8297.59
CUSTOMER_1313,3,National Retail Chains,1809,2412,75.0,Dormant (13+ months),8212.64,8212.64
CUSTOMER_1598,2,Independent Retail Accounts,2112,2412,36.0,Dormant (13+ months),8172.18,8172.18
CUSTOMER_1599,4,Commercial Service Accounts,1910,2412,62.0,Dormant (13+ months),8158.97,8158.97
CUSTOMER_1221,2,Independent Retail Accounts,2303,2412,21.0,Dormant (13+ months),8110.17,8110.17
CUSTOMER_2166,2,Independent Retail Accounts,2212,2412,24.0,Dormant (13+ months),8105.44,8105.44
CUSTOMER_1012,47,Direct-to-Consumer Channel,2203,2412,33.0,Dormant (13+ months),8019.84,8019.84
CUSTOMER_0852,2,Independent Retail Accounts,1804,2412,80.0,Dormant (13+ months),7987.02,7987.02
CUSTOMER_3012,99,Inactive / Closed Accounts,2305,2412,19.0,Dormant (13+ months),7956.87,7956.87
CUSTOMER_1934,2,Independent Retail Accounts,2010,2412,50.0,Dormant (13+ months),7939.08,7939.08
CUSTOMER_0116,2,Independent Retail Accounts,2303,2412,21.0,Dormant (13+ months),7895.72,7895.72
CUSTOMER_3071,99,Inactive / Closed Accounts,1903,2412,69.0,Dormant (13+ months),7781.79,7781.79
CUSTOMER_0187,2,Independent Retail Accounts,1909,2412,63.0,Dormant (13+ months),7754.14,7754.14
CUSTOMER_2348,2,Independent Retail Accounts,2302,2412,22.0,Dormant (13+ months),7725.09,7725.09
CUSTOMER_0993,47,Direct-to-Consumer Channel,2203,2412,33.0,Dormant (13+ months),7723.77,7723.77
CUSTOMER_2958,4,Commercial Service Accounts,2111,2412,37.0,Dormant (13+ months),7689.59,7689.59
CUSTOMER_2575,5,Wholesale Trade Accounts,2010,2412,50.0,Dormant (13+ months),7675.31,7675.31
CUSTOMER_2489,4,Commercial Service Accounts,2301,2412,23.0,Dormant (13+ months),7631.67,7631.67
CUSTOMER_1082,2,Independent Retail Accounts,2301,2412,23.0,Dormant (13+ months),7505.38,7505.38
CUSTOMER_0550,2,Independent Retail Accounts,2111,2412,37.0,Dormant (13+ months),7458.93,7458.93
CUSTOMER_2670,4,Commercial Service Accounts,2308,2412,16.0,Dormant (13+ months),7422.64,7422.64
CUSTOMER_2916,4,Commercial Service Accounts,1912,2412,60.0,Dormant (13+ months),7399.13,7399.13
CUSTOMER_1451,2,Independent Retail Accounts,2109,2412,39.0,Dormant (13+ months),7398.95,7398.95
CUSTOMER_1083,2,Independent Retail Accounts,2309,2412,15.0,Dormant (13+ months),7327.98,7327.98
CUSTOMER_1605,2,Independent Retail Accounts,2211,2412,25.0,Dormant (13+ months),7238.07,7238.07
CUSTOMER_1086,2,Independent Retail Accounts,2301,2412,23.0,Dormant (13+ months),7222.58,7222.58
CUSTOMER_2780,4,Commercial Service Accounts,1909,2412,63.0,Dormant (13+ months),7203.78,7203.78
CUSTOMER_2408,23,Value-Oriented Retail Chain,2301,2412,23.0,Dormant (13+ months),7158.18,7158.18
CUSTOMER_1592,2,Independent Retail Accounts,1910,2412,62.0,Dormant (13+ months),7106.67,7106.67
CUSTOMER_0815,28,Corporate Retail Group,2209,2412,27.0,Dormant (13+ months),7104.0,7104.0
CUSTOMER_0252,2,Independent Retail Accounts,2208,2412,28.0,Dormant (13+ months),7092.35,7092.35
CUSTOMER_0265,2,Independent Retail Accounts,1901,2412,71.0,Dormant (13+ months),7082.89,7082.89
CUSTOMER_2745,4,Commercial Service Accounts,2202,2412,34.0,Dormant (13+ months),7038.74,7038.74
CUSTOMER_1404,2,Independent Retail Accounts,1911,2412,61.0,Dormant (13+ months),7033.06,7033.06
CUSTOMER_1434,4,Commercial Service Accounts,1804,2412,80.0,Dormant (13+ months),6916.59,6916.59
CUSTOMER_2714,2,Independent Retail Accounts,2104,2412,44.0,Dormant (13+ months),6831.32,6831.32
CUSTOMER_2676,4,Commercial Service Accounts,2002,2412,58.0,Dormant (13+ months),6789.7,6789.7
CUSTOMER_0525,2,Independent Retail Accounts,1812,2412,72.0,Dormant (13+ months),6713.41,6713.41
CUSTOMER_3136,5,Wholesale Trade Accounts,2204,2412,32.0,Dormant (13+ months),6709.03,6709.03
CUSTOMER_2090,2,Independent Retail Accounts,2311,2412,13.0,Dormant (13+ months),6695.56,6695.56
CUSTOMER_1612,2,Independent Retail Accounts,2007,2412,53.0,Dormant (13+ months),6669.85,6669.85
CUSTOMER_0172,2,Independent Retail Accounts,1909,2412,63.0,Dormant (13+ months),6644.21,6644.21
CUSTOMER_2610,4,Commercial Service Accounts,2310,2412,14.0,Dormant (13+ months),6635.62,6635.62
CUSTOMER_1013,47,Direct-to-Consumer Channel,2203,2412,33.0,Dormant (13+ months),6574.81,6574.81
CUSTOMER_1128,2,Independent Retail Accounts,2001,2412,59.0,Dormant (13+ months),6526.84,6526.84
CUSTOMER_0214,2,Independent Retail Accounts,2212,2412,24.0,Dormant (13+ months),6508.37,6508.37
CUSTOMER_1369,2,Independent Retail Accounts,2103,2412,45.0,Dormant (13+ months),6500.6,6500.6
CUSTOMER_0931,4,Commercial Service Accounts,1807,2412,77.0,Dormant (13+ months),6471.25,6471.25
CUSTOMER_1145,2,Independent Retail Accounts,1911,2412,61.0,Dormant (13+ months),6406.35,6406.35
CUSTOMER_2966,4,Commercial Service Accounts,2108,2412,40.0,Dormant (13+ months),6387.11,6387.11
CUSTOMER_0603,2,Independent Retail Accounts,2112,2412,36.0,Dormant (13+ months),6337.7,6337.7
CUSTOMER_2642,4,Commercial Service Accounts,1808,2412,76.0,Dormant (13+ months),6331.6,6331.6
CUSTOMER_0534,28,Corporate Retail Group,2209,2412,27.0,Dormant (13+ months),6324.17,6324.17
CUSTOMER_2746,2,Independent Retail Accounts,1809,2412,75.0,Dormant (13+ months),6319.38,6319.38
CUSTOMER_0817,28,Corporate Retail Group,2204,2412,32.0,Dormant (13+ months),6319.28,6319.28
CUSTOMER_1178,41,Village Retail Operator,2005,2412,55.0,Dormant (13+ months),6289.86,6289.86
CUSTOMER_1247,2,Independent Retail Accounts,2303,2412,21.0,Dormant (13+ months),6284.31,6284.31
CUSTOMER_3172,5,Wholesale Trade Accounts,2002,2412,58.0,Dormant (13+ months),6242.39,6242.39
CUSTOMER_3152,5,Wholesale Trade Accounts,2104,2412,44.0,Dormant (13+ months),6200.18,6200.18
CUSTOMER_0907,21,Discount Retail Chain,2209,2412,27.0,Dormant (13+ months),6186.01,6186.01
CUSTOMER_2461,2,Independent Retail Accounts,2311,2412,13.0,Dormant (13+ months),6173.94,6173.94
CUSTOMER_2490,2,Independent Retail Accounts,2310,2412,14.0,Dormant (13+ months),6157.85,6157.85
CUSTOMER_2151,2,Independent Retail Accounts,2211,2412,25.0,Dormant (13+ months),6141.65,6141.65
CUSTOMER_1991,4,Commercial Service Accounts,1904,2412,68.0,Dormant (13+ months),6121.79,6121.79
CUSTOMER_1014,47,Direct-to-Consumer Channel,2201,2412,35.0,Dormant (13+ months),6078.68,6078.68
CUSTOMER_1646,2,Independent Retail Accounts,1805,2412,79.0,Dormant (13+ months),6070.41,6070.41
CUSTOMER_1049,2,Independent Retail Accounts,1908,2412,64.0,Dormant (13+ months),5975.58,5975.58
CUSTOMER_1706,2,Independent Retail Accounts,2208,2412,28.0,Dormant (13+ months),5950.02,5950.02
CUSTOMER_2072,2,Independent Retail Accounts,1809,2412,75.0,Dormant (13+ months),5935.3,5935.3
CUSTOMER_0039,5,Wholesale Trade Accounts,2212,2412,24.0,Dormant (13+ months),5885.36,5885.36
CUSTOMER_0310,54,Retail Cooperative Network,2311,2412,13.0,Dormant (13+ months),5863.25,5863.25
CUSTOMER_1747,2,Independent Retail Accounts,2110,2412,38.0,Dormant (13+ months),5862.41,5862.41
CUSTOMER_1439,2,Independent Retail Accounts,2008,2412,52.0,Dormant (13+ months),5844.77,5844.77
CUSTOMER_0695,5,Wholesale Trade Accounts,2207,2412,29.0,Dormant (13+ months),5838.09,5838.09
CUSTOMER_1428,5,Wholesale Trade Accounts,2008,2412,52.0,Dormant (13+ months),5822.52,5822.52
CUSTOMER_0268,2,Independent Retail Accounts,2304,2412,20.0,Dormant (13+ months),5799.57,5799.57
CUSTOMER_1609,2,Independent Retail Accounts,1804,2412,80.0,Dormant (13+ months),5790.87,5790.87
CUSTOMER_1318,99,Inactive / Closed Accounts,1911,2412,61.0,Dormant (13+ months),5755.74,5755.74
CUSTOMER_0472,2,Independent Retail Accounts,2111,2412,37.0,Dormant (13+ months),5729.47,5729.47
CUSTOMER_2593,4,Commercial Service Accounts,1807,2412,77.0,Dormant (13+ months),5728.15,5728.15
CUSTOMER_0295,2,Independent Retail Accounts,1901,2412,71.0,Dormant (13+ months),5725.9,5725.9
CUSTOMER_3102,5,Wholesale Trade Accounts,1904,2412,68.0,Dormant (13+ months),5721.82,5721.82
CUSTOMER_0966,3,National Retail Chains,1812,2412,72.0,Dormant (13+ months),5711.59,5711.59
CUSTOMER_0241,4,Commercial Service Accounts,1902,2412,70.0,Dormant (13+ months),5683.21,5683.21
CUSTOMER_2871,4,Commercial Service Accounts,1805,2412,79.0,Dormant (13+ months),5676.04,5676.04
CUSTOMER_1478,2,Independent Retail Accounts,2012,2412,48.0,Dormant (13+ months),5660.87,5660.87
CUSTOMER_2360,2,Independent Retail Accounts,2302,2412,22.0,Dormant (13+ months),5636.74,5636.74
CUSTOMER_0963,2,Independent Retail Accounts,2004,2412,56.0,Dormant (13+ months),5631.94,5631.94
CUSTOMER_2338,4,Commercial Service Accounts,2304,2412,20.0,Dormant (13+ months),5615.62,5615.62
CUSTOMER_2482,11,Manufacturing Partners,2202,2412,34.0,Dormant (13+ months),5606.19,5606.19
CUSTOMER_0980,2,Independent Retail Accounts,2105,2412,43.0,Dormant (13+ months),5584.23,5584.23
CUSTOMER_0327,2,Independent Retail Accounts,2207,2412,29.0,Dormant (13+ months),5519.14,5519.14
CUSTOMER_0984,2,Independent Retail Accounts,2108,2412,40.0,Dormant (13+ months),5517.67,5517.67
CUSTOMER_2793,2,Independent Retail Accounts,1810,2412,74.0,Dormant (13+ months),5509.31,5509.31
CUSTOMER_2632,2,Independent Retail Accounts,2003,2412,57.0,Dormant (13+ months),5475.59,5475.59
CUSTOMER_2856,4,Commercial Service Accounts,2301,2412,23.0,Dormant (13+ months),5454.14,5454.14
CUSTOMER_1653,2,Independent Retail Accounts,2112,2412,36.0,Dormant (13+ months),5440.73,5440.73
CUSTOMER_2811,2,Independent Retail Accounts,1903,2412,69.0,Dormant (13+ months),5430.92,5430.92
CUSTOMER_0239,3,National Retail Chains,1911,2412,61.0,Dormant (13+ months),5392.28,5392.28
CUSTOMER_0937,21,Discount Retail Chain,2208,2412,28.0,Dormant (13+ months),5382.92,5382.92
CUSTOMER_1055,2,Independent Retail Accounts,2108,2412,40.0,Dormant (13+ months),5375.48,5375.48
CUSTOMER_1990,2,Independent Retail Accounts,1806,2412,78.0,Dormant (13+ months),5364.79,5364.79
CUSTOMER_0479,2,Independent Retail Accounts,2302,2412,22.0,Dormant (13+ months),5333.49,5333.49
CUSTOMER_0370,2,Independent Retail Accounts,2212,2412,24.0,Dormant (13+ months),5318.84,5318.84
CUSTOMER_2773,4,Commercial Service Accounts,2012,2412,48.0,Dormant (13+ months),5274.19,5274.19
CUSTOMER_1943,2,Independent Retail Accounts,1905,2412,67.0,Dormant (13+ months),5267.34,5267.34
CUSTOMER_0477,2,Independent Retail Accounts,2012,2412,48.0,Dormant (13+ months),5238.68,5238.68
CUSTOMER_2363,2,Independent Retail Accounts,1810,2412,74.0,Dormant (13+ months),5222.28,5222.28
CUSTOMER_2443,3,National Retail Chains,1912,2412,60.0,Dormant (13+ months),5215.47,5215.47
CUSTOMER_0324,2,Independent Retail Accounts,1806,2412,78.0,Dormant (13+ months),5209.69,5209.69
CUSTOMER_1015,47,Direct-to-Consumer Channel,2112,2412,36.0,Dormant (13+ months),5180.14,5180.14
CUSTOMER_0249,2,Independent Retail Accounts,2209,2412,27.0,Dormant (13+ months),5160.82,5160.82
CUSTOMER_1622,2,Independent Retail Accounts,1903,2412,69.0,Dormant (13+ months),5154.4,5154.4
CUSTOMER_2646,2,Independent Retail Accounts,2003,2412,57.0,Dormant (13+ months),5097.02,5097.02
CUSTOMER_3025,3,National Retail Chains,2003,2412,57.0,Dormant (13+ months),5096.71,5096.71
CUSTOMER_0200,2,Independent Retail Accounts,1901,2412,71.0,Dormant (13+ months),5092.85,5092.85
CUSTOMER_0177,2,Independent Retail Accounts,1812,2412,72.0,Dormant (13+ months),5089.57,5089.57
CUSTOMER_0816,28,Corporate Retail Group,2209,2412,27.0,Dormant (13+ months),5086.47,5086.47
CUSTOMER_0991,47,Direct-to-Consumer Channel,2203,2412,33.0,Dormant (13+ months),5058.95,5058.95
CUSTOMER_3170,5,Wholesale Trade Accounts,1810,2412,74.0,Dormant (13+ months),5057.4,5057.4
CUSTOMER_2763,4,Commercial Service Accounts,1810,2412,74.0,Dormant (13+ months),5050.68,5050.68
CUSTOMER_2924,4,Commercial Service Accounts,1803,2412,81.0,Dormant (13+ months),5044.22,5044.22
CUSTOMER_2885,4,Commercial Service Accounts,2011,2412,49.0,Dormant (13+ months),5039.12,5039.12
CUSTOMER_1295,54,Retail Cooperative Network,2310,2412,14.0,Dormant (13+ months),5030.08,5030.08
CUSTOMER_0744,3,National Retail Chains,2002,2412,58.0,Dormant (13+ months),5023.07,5023.07
CUSTOMER_0814,28,Corporate Retail Group,2209,2412,27.0,Dormant (13+ months),5014.26,5014.26
CUSTOMER_2173,2,Independent Retail Accounts,2003,2412,57.0,Dormant (13+ months),5005.6,5005.6
CUSTOMER_2185,2,Independent Retail Accounts,2311,2412,13.0,Dormant (13+ months),4998.72,4998.72
CUSTOMER_0997,47,Direct-to-Consumer Channel,2201,2412,35.0,Dormant (13+ months),4996.64,4996.64
CUSTOMER_1190,2,Independent Retail Accounts,2105,2412,43.0,Dormant (13+ months),4991.71,4991.71
CUSTOMER_0176,2,Independent Retail Accounts,1810,2412,74.0,Dormant (13+ months),4986.31,4986.31
CUSTOMER_1711,2,Independent Retail Accounts,2202,2412,34.0,Dormant (13+ months),4958.89,4958.89
CUSTOMER_0971,2,Independent Retail Accounts,1808,2412,76.0,Dormant (13+ months),4915.07,4915.07
CUSTOMER_0535,28,Corporate Retail Group,2111,2412,37.0,Dormant (13+ months),4910.5,4910.5
CUSTOMER_1215,2,Independent Retail Accounts,2308,2412,16.0,Dormant (13+ months),4874.73,4874.73
CUSTOMER_1009,47,Direct-to-Consumer Channel,2201,2412,35.0,Dormant (13+ months),4860.2,4860.2
CUSTOMER_0999,47,Direct-to-Consumer Channel,2202,2412,34.0,Dormant (13+ months),4816.16,4816.16
CUSTOMER_0448,2,Independent Retail Accounts,2104,2412,44.0,Dormant (13+ months),4796.44,4796.44
CUSTOMER_2388,2,Independent Retail Accounts,1812,2412,72.0,Dormant (13+ months),4754.1,4754.1
CUSTOMER_1008,47,Direct-to-Consumer Channel,2111,2412,37.0,Dormant (13+ months),4739.36,4739.36
CUSTOMER_2163,2,Independent Retail Accounts,2211,2412,25.0,Dormant (13+ months),4723.61,4723.61
CUSTOMER_0930,2,Independent Retail Accounts,2001,2412,59.0,Dormant (13+ months),4718.74,4718.74
CUSTOMER_0719,2,Independent Retail Accounts,2210,2412,26.0,Dormant (13+ months),4688.42,4688.42
CUSTOMER_0848,2,Independent Retail Accounts,2203,2412,33.0,Dormant (13+ months),4636.36,4636.36
CUSTOMER_2995,2,Independent Retail Accounts,2303,2412,21.0,Dormant (13+ months),4619.93,4619.93
CUSTOMER_0360,2,Independent Retail Accounts,1911,2412,61.0,Dormant (13+ months),4619.92,4619.92
CUSTOMER_2733,4,Commercial Service Accounts,2207,2412,29.0,Dormant (13+ months),4618.66,4618.66
CUSTOMER_2304,2,Independent Retail Accounts,1909,2412,63.0,Dormant (13+ months),4609.34,4609.34
CUSTOMER_2352,2,Independent Retail Accounts,1911,2412,61.0,Dormant (13+ months),4577.4,4577.4
CUSTOMER_0285,2,Independent Retail Accounts,2210,2412,26.0,Dormant (13+ months),4561.48,4561.48
CUSTOMER_1010,47,Direct-to-Consumer Channel,2201,2412,35.0,Dormant (13+ months),4555.19,4555.19
CUSTOMER_0916,2,Independent Retail Accounts,2210,2412,26.0,Dormant (13+ months),4548.2,4548.2
CUSTOMER_0254,2,Independent Retail Accounts,1911,2412,61.0,Dormant (13+ months),4527.89,4527.89
CUSTOMER_0439,4,Commercial Service Accounts,1911,2412,61.0,Dormant (13+ months),4511.77,4511.77
CUSTOMER_2358,2,Independent Retail Accounts,2006,2412,54.0,Dormant (13+ months),4480.27,4480.27
CUSTOMER_1216,4,Commercial Service Accounts,2010,2412,50.0,Dormant (13+ months),4471.71,4471.71
CUSTOMER_0524,5,Wholesale Trade Accounts,2011,2412,49.0,Dormant (13+ months),4454.41,4454.41
CUSTOMER_0274,2,Independent Retail Accounts,2306,2412,18.0,Dormant (13+ months),4441.38,4441.38
CUSTOMER_0720,2,Independent Retail Accounts,2006,2412,54.0,Dormant (13+ months),4436.78,4436.78
CUSTOMER_0996,47,Direct-to-Consumer Channel,2201,2412,35.0,Dormant (13+ months),4422.71,4422.71
CUSTOMER_2841,4,Commercial Service Accounts,1812,2412,72.0,Dormant (13+ months),4407.83,4407.83
CUSTOMER_0836,2,Independent Retail Accounts,2206,2412,30.0,Dormant (13+ months),4383.14,4383.14
CUSTOMER_1235,2,Independent Retail Accounts,2002,2412,58.0,Dormant (13+ months),4363.56,4363.56
CUSTOMER_2031,2,Independent Retail Accounts,1805,2412,79.0,Dormant (13+ months),4305.73,4305.73
CUSTOMER_0820,28,Corporate Retail Group,2210,2412,26.0,Dormant (13+ months),4301.49,4301.49
CUSTOMER_0972,2,Independent Retail Accounts,2311,2412,13.0,Dormant (13+ months),4273.23,4273.23
CUSTOMER_1795,3,National Retail Chains,1904,2412,68.0,Dormant (13+ months),4263.97,4263.97
CUSTOMER_2949,5,Wholesale Trade Accounts,2001,2412,59.0,Dormant (13+ months),4259.17,4259.17
CUSTOMER_2893,4,Commercial Service Accounts,2202,2412,34.0,Dormant (13+ months),4248.2,4248.2
CUSTOMER_1205,2,Independent Retail Accounts,1910,2412,62.0,Dormant (13+ months),4217.88,4217.88
CUSTOMER_0911,3,National Retail Chains,1812,2412,72.0,Dormant (13+ months),4212.46,4212.46
CUSTOMER_1446,2,Independent Retail Accounts,2207,2412,29.0,Dormant (13+ months),4196.83,4196.83
CUSTOMER_2588,4,Commercial Service Accounts,2011,2412,49.0,Dormant (13+ months),4175.04,4175.04
CUSTOMER_2881,4,Commercial Service Accounts,1810,2412,74.0,Dormant (13+ months),4168.69,4168.69
CUSTOMER_0423,54,Retail Cooperative Network,2208,2412,28.0,Dormant (13+ months),4161.87,4161.87
CUSTOMER_1322,2,Independent Retail Accounts,2212,2412,24.0,Dormant (13+ months),4133.26,4133.26
CUSTOMER_2099,2,Independent Retail Accounts,2207,2412,29.0,Dormant (13+ months),4113.48,4113.48
CUSTOMER_2205,2,Independent Retail Accounts,2207,2412,29.0,Dormant (13+ months),4105.65,4105.65
CUSTOMER_2636,2,Independent Retail Accounts,2310,2412,14.0,Dormant (13+ months),4102.24,4102.24
CUSTOMER_1204,2,Independent Retail Accounts,2003,2412,57.0,Dormant (13+ months),4100.35,4100.35
CUSTOMER_2248,2,Independent Retail Accounts,2205,2412,31.0,Dormant (13+ months),4071.48,4071.48
CUSTOMER_1011,47,Direct-to-Consumer Channel,2201,2412,35.0,Dormant (13+ months),4049.25,4049.25
CUSTOMER_2920,4,Commercial Service Accounts,2002,2412,58.0,Dormant (13+ months),4047.16,4047.16
CUSTOMER_1001,47,Direct-to-Consumer Channel,2201,2412,35.0,Dormant (13+ months),4036.79,4036.79
CUSTOMER_0998,47,Direct-to-Consumer Channel,2202,2412,34.0,Dormant (13+ months),4025.25,4025.25
CUSTOMER_2935,4,Commercial Service Accounts,1806,2412,78.0,Dormant (13+ months),4019.59,4019.59
CUSTOMER_0564,54,Retail Cooperative Network,2201,2412,35.0,Dormant (13+ months),4009.76,4009.76
CUSTOMER_2574,4,Commercial Service Accounts,1909,2412,63.0,Dormant (13+ months),3991.01,3991.01
CUSTOMER_3137,5,Wholesale Trade Accounts,2310,2412,14.0,Dormant (13+ months),3976.7,3976.7
CUSTOMER_1673,2,Independent Retail Accounts,2011,2412,49.0,Dormant (13+ months),3940.25,3940.25
CUSTOMER_1847,3,National Retail Chains,2308,2412,16.0,Dormant (13+ months),3890.91,3890.91
CUSTOMER_2779,4,Commercial Service Accounts,2011,2412,49.0,Dormant (13+ months),3883.68,3883.68
CUSTOMER_1383,2,Independent Retail Accounts,2105,2412,43.0,Dormant (13+ months),3877.25,3877.25
CUSTOMER_0536,28,Corporate Retail Group,2201,2412,35.0,Dormant (13+ months),3862.73,3862.73
CUSTOMER_0366,2,Independent Retail Accounts,1909,2412,63.0,Dormant (13+ months),3838.46,3838.46
CUSTOMER_1292,2,Independent Retail Accounts,2003,2412,57.0,Dormant (13+ months),3833.06,3833.06
CUSTOMER_0771,2,Independent Retail Accounts,2011,2412,49.0,Dormant (13+ months),3824.03,3824.03
CUSTOMER_0390,2,Independent Retail Accounts,1901,2412,71.0,Dormant (13+ months),3820.65,3820.65
CUSTOMER_1541,2,Independent Retail Accounts,1812,2412,72.0,Dormant (13+ months),3816.2,3816.2
CUSTOMER_2333,2,Independent Retail Accounts,1807,2412,77.0,Dormant (13+ months),3801.1,3801.1
CUSTOMER_2923,4,Commercial Service Accounts,1901,2412,71.0,Dormant (13+ months),3799.28,3799.28
CUSTOMER_1687,2,Independent Retail Accounts,2310,2412,14.0,Dormant (13+ months),3798.92,3798.92
CUSTOMER_2734,4,Commercial Service Accounts,2206,2412,30.0,Dormant (13+ months),3794.2,3794.2
CUSTOMER_2795,4,Commercial Service Accounts,2109,2412,39.0,Dormant (13+ months),3790.86,3790.86
CUSTOMER_2221,2,Independent Retail Accounts,2108,2412,40.0,Dormant (13+ months),3783.35,3783.35
CUSTOMER_1749,2,Independent Retail Accounts,1911,2412,61.0,Dormant (13+ months),3781.7,3781.7
CUSTOMER_1905,2,Independent Retail Accounts,1812,2412,72.0,Dormant (13+ months),3781.34,3781.34
CUSTOMER_2585,4,Commercial Service Accounts,2108,2412,40.0,Dormant (13+ months),3781.25,3781.25
CUSTOMER_1650,2,Independent Retail Accounts,1903,2412,69.0,Dormant (13+ months),3779.14,3779.14
CUSTOMER_0440,2,Independent Retail Accounts,2111,2412,37.0,Dormant (13+ months),3756.69,3756.69
CUSTOMER_1326,2,Independent Retail Accounts,2003,2412,57.0,Dormant (13+ months),3748.3,3748.3
CUSTOMER_3148,5,Wholesale Trade Accounts,2103,2412,45.0,Dormant (13+ months),3734.39,3734.39
CUSTOMER_2761,4,Commercial Service Accounts,2205,2412,31.0,Dormant (13+ months),3731.78,3731.78
CUSTOMER_3193,2,Independent Retail Accounts,2005,2412,55.0,Dormant (13+ months),3706.64,3706.64
CUSTOMER_0701,2,Independent Retail Accounts,2111,2412,37.0,Dormant (13+ months),3706.15,3706.15
CUSTOMER_1046,2,Independent Retail Accounts,2310,2412,14.0,Dormant (13+ months),3681.17,3681.17
CUSTOMER_1835,2,Independent Retail Accounts,2012,2412,48.0,Dormant (13+ months),3678.71,3678.71
CUSTOMER_2255,2,Independent Retail Accounts,1806,2412,78.0,Dormant (13+ months),3675.11,3675.11
CUSTOMER_2568,4,Commercial Service Accounts,2311,2412,13.0,Dormant (13+ months),3660.29,3660.29
CUSTOMER_2705,4,Commercial Service Accounts,1812,2412,72.0,Dormant (13+ months),3656.73,3656.73
CUSTOMER_2787,4,Commercial Service Accounts,1901,2412,71.0,Dormant (13+ months),3620.69,3620.69
CUSTOMER_1077,2,Independent Retail Accounts,2208,2412,28.0,Dormant (13+ months),3616.64,3616.64
CUSTOMER_2869,4,Commercial Service Accounts,2007,2412,53.0,Dormant (13+ months),3614.51,3614.51
CUSTOMER_2233,2,Independent Retail Accounts,2109,2412,39.0,Dormant (13+ months),3601.25,3601.25
CUSTOMER_0921,2,Independent Retail Accounts,1906,2412,66.0,Dormant (13+ months),3580.56,3580.56
CUSTOMER_2091,2,Independent Retail Accounts,2205,2412,31.0,Dormant (13+ months),3552.41,3552.41
CUSTOMER_0154,2,Independent Retail Accounts,2105,2412,43.0,Dormant (13+ months),3542.17,3542.17
CUSTOMER_2834,5,Wholesale Trade Accounts,2202,2412,34.0,Dormant (13+ months),3522.3,3522.3
CUSTOMER_0896,21,Discount Retail Chain,2111,2412,37.0,Dormant (13+ months),3507.3,3507.3
CUSTOMER_2022,54,Retail Cooperative Network,2202,2412,34.0,Dormant (13+ months),3499.82,3499.82
CUSTOMER_1367,2,Independent Retail Accounts,2108,2412,40.0,Dormant (13+ months),3475.82,3475.82
CUSTOMER_1356,4,Commercial Service Accounts,2301,2412,23.0,Dormant (13+ months),3448.24,3448.24
CUSTOMER_2831,4,Commercial Service Accounts,2302,2412,22.0,Dormant (13+ months),3439.85,3439.85
CUSTOMER_0337,4,Commercial Service Accounts,1804,2412,80.0,Dormant (13+ months),3435.11,3435.11
CUSTOMER_1586,2,Independent Retail Accounts,2112,2412,36.0,Dormant (13+ months),3431.32,3431.32
CUSTOMER_0577,2,Independent Retail Accounts,2011,2412,49.0,Dormant (13+ months),3390.15,3390.15
CUSTOMER_2890,4,Commercial Service Accounts,2211,2412,25.0,Dormant (13+ months),3346.79,3346.79
CUSTOMER_0948,3,National Retail Chains,1911,2412,61.0,Dormant (13+ months),3305.19,3305.19
CUSTOMER_2581,4,Commercial Service Accounts,2003,2412,57.0,Dormant (13+ months),3289.93,3289.93
CUSTOMER_0514,2,Independent Retail Accounts,2306,2412,18.0,Dormant (13+ months),3270.79,3270.79
CUSTOMER_1052,5,Wholesale Trade Accounts,2009,2412,51.0,Dormant (13+ months),3252.74,3252.74
CUSTOMER_1570,4,Commercial Service Accounts,1807,2412,77.0,Dormant (13+ months),3247.98,3247.98
CUSTOMER_0108,2,Independent Retail Accounts,2206,2412,30.0,Dormant (13+ months),3245.14,3245.14
CUSTOMER_1166,2,Independent Retail Accounts,1807,2412,77.0,Dormant (13+ months),3242.42,3242.42
CUSTOMER_2538,4,Commercial Service Accounts,2101,2412,47.0,Dormant (13+ months),3231.85,3231.85
CUSTOMER_0432,2,Independent Retail Accounts,2307,2412,17.0,Dormant (13+ months),3225.12,3225.12
CUSTOMER_2159,2,Independent Retail Accounts,2206,2412,30.0,Dormant (13+ months),3223.29,3223.29
CUSTOMER_2386,2,Independent Retail Accounts,2105,2412,43.0,Dormant (13+ months),3222.06,3222.06
CUSTOMER_0823,28,Corporate Retail Group,2202,2412,34.0,Dormant (13+ months),3219.88,3219.88
CUSTOMER_0602,2,Independent Retail Accounts,2305,2412,19.0,Dormant (13+ months),3214.78,3214.78
CUSTOMER_2634,4,Commercial Service Accounts,2305,2412,19.0,Dormant (13+ months),3203.69,3203.69
CUSTOMER_2594,4,Commercial Service Accounts,1811,2412,73.0,Dormant (13+ months),3201.3,3201.3
CUSTOMER_0743,2,Independent Retail Accounts,1907,2412,65.0,Dormant (13+ months),3194.57,3194.57
CUSTOMER_0606,2,Independent Retail Accounts,1811,2412,73.0,Dormant (13+ months),3186.09,3186.09
CUSTOMER_0938,21,Discount Retail Chain,2302,2412,22.0,Dormant (13+ months),3134.16,3134.16
CUSTOMER_2325,4,Commercial Service Accounts,2103,2412,45.0,Dormant (13+ months),3117.25,3117.25
CUSTOMER_0164,2,Independent Retail Accounts,2212,2412,24.0,Dormant (13+ months),3076.47,3076.47
CUSTOMER_1080,2,Independent Retail Accounts,2208,2412,28.0,Dormant (13+ months),3073.57,3073.57
CUSTOMER_2152,2,Independent Retail Accounts,2002,2412,58.0,Dormant (13+ months),3066.53,3066.53
CUSTOMER_2036,2,Independent Retail Accounts,2112,2412,36.0,Dormant (13+ months),3060.0,3060.0
CUSTOMER_2677,4,Commercial Service Accounts,1910,2412,62.0,Dormant (13+ months),3058.67,3058.67
CUSTOMER_2256,2,Independent Retail Accounts,1808,2412,76.0,Dormant (13+ months),3042.07,3042.07
CUSTOMER_2463,2,Independent Retail Accounts,1805,2412,79.0,Dormant (13+ months),3030.97,3030.97
CUSTOMER_1480,2,Independent Retail Accounts,2303,2412,21.0,Dormant (13+ months),3022.02,3022.02
CUSTOMER_2331,2,Independent Retail Accounts,2111,2412,37.0,Dormant (13+ months),3020.71,3020.71
CUSTOMER_2882,5,Wholesale Trade Accounts,2211,2412,25.0,Dormant (13+ months),2996.31,2996.31
CUSTOMER_0968,2,Independent Retail Accounts,2001,2412,59.0,Dormant (13+ months),2995.21,2995.21
CUSTOMER_1716,2,Independent Retail Accounts,1902,2412,70.0,Dormant (13+ months),2993.47,2993.47
CUSTOMER_2772,5,Wholesale Trade Accounts,1904,2412,68.0,Dormant (13+ months),2993.36,2993.36
CUSTOMER_2751,4,Commercial Service Accounts,2203,2412,33.0,Dormant (13+ months),2991.08,2991.08
CUSTOMER_0406,2,Independent Retail Accounts,1801,2412,83.0,Dormant (13+ months),2989.8,2989.8
CUSTOMER_0830,28,Corporate Retail Group,1907,2412,65.0,Dormant (13+ months),2982.22,2982.22
CUSTOMER_2817,4,Commercial Service Accounts,2208,2412,28.0,Dormant (13+ months),2973.89,2973.89
CUSTOMER_1765,2,Independent Retail Accounts,2211,2412,25.0,Dormant (13+ months),2972.65,2972.65
CUSTOMER_1721,2,Independent Retail Accounts,2011,2412,49.0,Dormant (13+ months),2961.05,2961.05
CUSTOMER_1063,2,Independent Retail Accounts,1911,2412,61.0,Dormant (13+ months),2951.73,2951.73
CUSTOMER_2423,23,Value-Oriented Retail Chain,2104,2412,44.0,Dormant (13+ months),2950.82,2950.82
CUSTOMER_0250,14,Specialty Retail – Small Format,2205,2412,31.0,Dormant (13+ months),2934.75,2934.75
CUSTOMER_1164,2,Independent Retail Accounts,2111,2412,37.0,Dormant (13+ months),2907.92,2907.92
CUSTOMER_2422,23,Value-Oriented Retail Chain,2104,2412,44.0,Dormant (13+ months),2899.16,2899.16
CUSTOMER_0273,4,Commercial Service Accounts,1806,2412,78.0,Dormant (13+ months),2890.47,2890.47
CUSTOMER_0949,2,Independent Retail Accounts,2002,2412,58.0,Dormant (13+ months),2872.07,2872.07
CUSTOMER_1300,54,Retail Cooperative Network,2311,2412,13.0,Dormant (13+ months),2846.76,2846.76
CUSTOMER_0342,2,Independent Retail Accounts,1809,2412,75.0,Dormant (13+ months),2844.94,2844.94
CUSTOMER_2647,4,Commercial Service Accounts,2002,2412,58.0,Dormant (13+ months),2818.71,2818.71
CUSTOMER_1259,2,Independent Retail Accounts,1806,2412,78.0,Dormant (13+ months),2795.85,2795.85
CUSTOMER_1263,2,Independent Retail Accounts,2007,2412,53.0,Dormant (13+ months),2795.27,2795.27
CUSTOMER_2925,4,Commercial Service Accounts,1910,2412,62.0,Dormant (13+ months),2779.64,2779.64
CUSTOMER_2985,5,Wholesale Trade Accounts,2105,2412,43.0,Dormant (13+ months),2756.34,2756.34
CUSTOMER_2979,4,Commercial Service Accounts,1810,2412,74.0,Dormant (13+ months),2750.57,2750.57
CUSTOMER_1638,11,Manufacturing Partners,1806,2412,78.0,Dormant (13+ months),2742.22,2742.22
CUSTOMER_3075,62,Convenience Retail Group,2310,2412,14.0,Dormant (13+ months),2734.81,2734.81
CUSTOMER_1444,5,Wholesale Trade Accounts,1811,2412,73.0,Dormant (13+ months),2685.77,2685.77
CUSTOMER_0431,14,Specialty Retail – Small Format,2002,2412,58.0,Dormant (13+ months),2661.96,2661.96
CUSTOMER_2483,2,Independent Retail Accounts,2311,2412,13.0,Dormant (13+ months),2637.83,2637.83
CUSTOMER_2888,4,Commercial Service Accounts,2106,2412,42.0,Dormant (13+ months),2614.55,2614.55
CUSTOMER_0831,28,Corporate Retail Group,2111,2412,37.0,Dormant (13+ months),2602.64,2602.64
CUSTOMER_1413,2,Independent Retail Accounts,2302,2412,22.0,Dormant (13+ months),2586.17,2586.17
CUSTOMER_2307,2,Independent Retail Accounts,2002,2412,58.0,Dormant (13+ months),2570.33,2570.33
CUSTOMER_2473,2,Independent Retail Accounts,2110,2412,38.0,Dormant (13+ months),2545.08,2545.08
CUSTOMER_1912,2,Independent Retail Accounts,2203,2412,33.0,Dormant (13+ months),2531.05,2531.05
CUSTOMER_0215,2,Independent Retail Accounts,2207,2412,29.0,Dormant (13+ months),2520.23,2520.23
CUSTOMER_0827,28,Corporate Retail Group,1807,2412,77.0,Dormant (13+ months),2513.35,2513.35
CUSTOMER_0722,2,Independent Retail Accounts,2210,2412,26.0,Dormant (13+ months),2504.05,2504.05
CUSTOMER_3065,3,National Retail Chains,2204,2412,32.0,Dormant (13+ months),2496.63,2496.63
CUSTOMER_0638,2,Independent Retail Accounts,1906,2412,66.0,Dormant (13+ months),2491.84,2491.84
CUSTOMER_0345,2,Independent Retail Accounts,2110,2412,38.0,Dormant (13+ months),2486.06,2486.06
CUSTOMER_2583,4,Commercial Service Accounts,1902,2412,70.0,Dormant (13+ months),2473.03,2473.03
CUSTOMER_2895,4,Commercial Service Accounts,2309,2412,15.0,Dormant (13+ months),2469.53,2469.53
CUSTOMER_2974,4,Commercial Service Accounts,2106,2412,42.0,Dormant (13+ months),2465.88,2465.88
CUSTOMER_0533,28,Corporate Retail Group,2111,2412,37.0,Dormant (13+ months),2452.55,2452.55
CUSTOMER_1933,2,Independent Retail Accounts,1804,2412,80.0,Dormant (13+ months),2449.39,2449.39
CUSTOMER_2547,5,Wholesale Trade Accounts,2009,2412,51.0,Dormant (13+ months),2445.87,2445.87
CUSTOMER_1294,3,National Retail Chains,2105,2412,43.0,Dormant (13+ months),2433.23,2433.23
CUSTOMER_1752,2,Independent Retail Accounts,2212,2412,24.0,Dormant (13+ months),2431.21,2431.21
CUSTOMER_2148,2,Independent Retail Accounts,1906,2412,66.0,Dormant (13+ months),2430.1,2430.1
CUSTOMER_2657,4,Commercial Service Accounts,1809,2412,75.0,Dormant (13+ months),2402.09,2402.09
CUSTOMER_2633,4,Commercial Service Accounts,1911,2412,61.0,Dormant (13+ months),2382.77,2382.77
CUSTOMER_2835,4,Commercial Service Accounts,2002,2412,58.0,Dormant (13+ months),2380.93,2380.93
CUSTOMER_3066,3,National Retail Chains,1903,2412,69.0,Dormant (13+ months),2360.8,2360.8
CUSTOMER_1424,2,Independent Retail Accounts,1808,2412,76.0,Dormant (13+ months),2353.28,2353.28
CUSTOMER_0446,2,Independent Retail Accounts,2112,2412,36.0,Dormant (13+ months),2346.09,2346.09
CUSTOMER_1563,2,Independent Retail Accounts,1910,2412,62.0,Dormant (13+ months),2344.83,2344.83
CUSTOMER_1581,3,National Retail Chains,2212,2412,24.0,Dormant (13+ months),2333.64,2333.64
CUSTOMER_2403,11,Manufacturing Partners,1909,2412,63.0,Dormant (13+ months),2319.71,2319.71
CUSTOMER_1006,2,Independent Retail Accounts,2107,2412,41.0,Dormant (13+ months),2315.71,2315.71
CUSTOMER_0210,2,Independent Retail Accounts,2104,2412,44.0,Dormant (13+ months),2315.45,2315.45
CUSTOMER_2238,2,Independent Retail Accounts,1905,2412,67.0,Dormant (13+ months),2310.61,2310.61
CUSTOMER_2465,2,Independent Retail Accounts,2209,2412,27.0,Dormant (13+ months),2299.99,2299.99
CUSTOMER_0541,14,Specialty Retail – Small Format,1904,2412,68.0,Dormant (13+ months),2276.88,2276.88
CUSTOMER_2189,4,Commercial Service Accounts,1911,2412,61.0,Dormant (13+ months),2268.7,2268.7
CUSTOMER_2718,4,Commercial Service Accounts,1901,2412,71.0,Dormant (13+ months),2257.11,2257.11
CUSTOMER_2938,5,Wholesale Trade Accounts,1806,2412,78.0,Dormant (13+ months),2256.09,2256.09
CUSTOMER_0763,2,Independent Retail Accounts,1910,2412,62.0,Dormant (13+ months),2238.27,2238.27
CUSTOMER_1929,35,Regional Multi-Unit Operator,2310,2412,14.0,Dormant (13+ months),2221.35,2221.35
CUSTOMER_0828,28,Corporate Retail Group,2110,2412,38.0,Dormant (13+ months),2195.25,2195.25
CUSTOMER_3158,5,Wholesale Trade Accounts,2010,2412,50.0,Dormant (13+ months),2174.06,2174.06
CUSTOMER_1962,4,Commercial Service Accounts,2103,2412,45.0,Dormant (13+ months),2171.24,2171.24
CUSTOMER_0793,2,Independent Retail Accounts,2205,2412,31.0,Dormant (13+ months),2170.3,2170.3
CUSTOMER_1109,2,Independent Retail Accounts,2307,2412,17.0,Dormant (13+ months),2162.58,2162.58
CUSTOMER_1027,2,Independent Retail Accounts,2106,2412,42.0,Dormant (13+ months),2151.29,2151.29
CUSTOMER_1445,4,Commercial Service Accounts,2109,2412,39.0,Dormant (13+ months),2140.49,2140.49
CUSTOMER_2844,4,Commercial Service Accounts,1812,2412,72.0,Dormant (13+ months),2137.87,2137.87
CUSTOMER_1064,5,Wholesale Trade Accounts,1907,2412,65.0,Dormant (13+ months),2127.05,2127.05
CUSTOMER_1633,2,Independent Retail Accounts,2310,2412,14.0,Dormant (13+ months),2104.2,2104.2
CUSTOMER_0349,2,Independent Retail Accounts,2209,2412,27.0,Dormant (13+ months),2082.84,2082.84
CUSTOMER_0356,2,Independent Retail Accounts,2309,2412,15.0,Dormant (13+ months),2071.17,2071.17
CUSTOMER_0425,2,Independent Retail Accounts,2208,2412,28.0,Dormant (13+ months),2061.63,2061.63
CUSTOMER_0106,2,Independent Retail Accounts,2306,2412,18.0,Dormant (13+ months),2057.52,2057.52
CUSTOMER_2586,2,Independent Retail Accounts,1809,2412,75.0,Dormant (13+ months),2055.96,2055.96
CUSTOMER_0832,28,Corporate Retail Group,2209,2412,27.0,Dormant (13+ months),2045.75,2045.75
CUSTOMER_2544,4,Commercial Service Accounts,2302,2412,22.0,Dormant (13+ months),2031.76,2031.76
CUSTOMER_1802,2,Independent Retail Accounts,1902,2412,70.0,Dormant (13+ months),2017.32,2017.32
CUSTOMER_0467,2,Independent Retail Accounts,1904,2412,68.0,Dormant (13+ months),2009.45,2009.45
CUSTOMER_1274,2,Independent Retail Accounts,1904,2412,68.0,Dormant (13+ months),2003.92,2003.92
CUSTOMER_2781,4,Commercial Service Accounts,2010,2412,50.0,Dormant (13+ months),1995.62,1995.62
CUSTOMER_0593,2,Independent Retail Accounts,2103,2412,45.0,Dormant (13+ months),1989.84,1989.84
CUSTOMER_1120,14,Specialty Retail – Small Format,2106,2412,42.0,Dormant (13+ months),1977.7,1977.7
CUSTOMER_2828,4,Commercial Service Accounts,2109,2412,39.0,Dormant (13+ months),1967.46,1967.46
CUSTOMER_0784,2,Independent Retail Accounts,1810,2412,74.0,Dormant (13+ months),1958.03,1958.03
CUSTOMER_0275,1,Unassigned,2310,2412,14.0,Dormant (13+ months),1933.81,1933.81
CUSTOMER_1258,2,Independent Retail Accounts,1803,2412,81.0,Dormant (13+ months),1930.5,1930.5
CUSTOMER_2336,2,Independent Retail Accounts,2009,2412,51.0,Dormant (13+ months),1923.35,1923.35
CUSTOMER_2246,2,Independent Retail Accounts,2007,2412,53.0,Dormant (13+ months),1906.46,1906.46
CUSTOMER_1184,2,Independent Retail Accounts,2208,2412,28.0,Dormant (13+ months),1902.1,1902.1
CUSTOMER_1256,3,National Retail Chains,1805,2412,79.0,Dormant (13+ months),1901.44,1901.44
CUSTOMER_0232,5,Wholesale Trade Accounts,1903,2412,69.0,Dormant (13+ months),1890.63,1890.63
CUSTOMER_2011,2,Independent Retail Accounts,1802,2412,82.0,Dormant (13+ months),1873.82,1873.82
CUSTOMER_1195,2,Independent Retail Accounts,2005,2412,55.0,Dormant (13+ months),1860.43,1860.43
CUSTOMER_1862,2,Independent Retail Accounts,2002,2412,58.0,Dormant (13+ months),1858.69,1858.69
CUSTOMER_1595,4,Commercial Service Accounts,2001,2412,59.0,Dormant (13+ months),1852.73,1852.73
CUSTOMER_1579,2,Independent Retail Accounts,2211,2412,25.0,Dormant (13+ months),1844.71,1844.71
CUSTOMER_0979,47,Direct-to-Consumer Channel,2203,2412,33.0,Dormant (13+ months),1841.19,1841.19
CUSTOMER_2809,2,Independent Retail Accounts,2106,2412,42.0,Dormant (13+ months),1830.72,1830.72
CUSTOMER_0131,2,Independent Retail Accounts,2110,2412,38.0,Dormant (13+ months),1829.3,1829.3
CUSTOMER_2709,4,Commercial Service Accounts,2202,2412,34.0,Dormant (13+ months),1803.6,1803.6
CUSTOMER_2896,4,Commercial Service Accounts,1911,2412,61.0,Dormant (13+ months),1792.85,1792.85
CUSTOMER_0859,3,National Retail Chains,2301,2412,23.0,Dormant (13+ months),1783.48,1783.48
CUSTOMER_1250,2,Independent Retail Accounts,2303,2412,21.0,Dormant (13+ months),1774.69,1774.69
CUSTOMER_0732,2,Independent Retail Accounts,2306,2412,18.0,Dormant (13+ months),1772.37,1772.37
CUSTOMER_0323,2,Independent Retail Accounts,1812,2412,72.0,Dormant (13+ months),1770.62,1770.62
CUSTOMER_0312,2,Independent Retail Accounts,1805,2412,79.0,Dormant (13+ months),1768.0,1768.0
CUSTOMER_0253,5,Wholesale Trade Accounts,2207,2412,29.0,Dormant (13+ months),1767.31,1767.31
CUSTOMER_3004,54,Retail Cooperative Network,2306,2412,18.0,Dormant (13+ months),1758.01,1758.01
CUSTOMER_2897,4,Commercial Service Accounts,1903,2412,69.0,Dormant (13+ months),1756.41,1756.41
CUSTOMER_1707,2,Independent Retail Accounts,2112,2412,36.0,Dormant (13+ months),1748.97,1748.97
CUSTOMER_0244,2,Independent Retail Accounts,2203,2412,33.0,Dormant (13+ months),1748.34,1748.34
CUSTOMER_2573,2,Independent Retail Accounts,2006,2412,54.0,Dormant (13+ months),1740.92,1740.92
CUSTOMER_0660,2,Independent Retail Accounts,2208,2412,28.0,Dormant (13+ months),1740.62,1740.62
CUSTOMER_1243,2,Independent Retail Accounts,2212,2412,24.0,Dormant (13+ months),1725.87,1725.87
CUSTOMER_0582,2,Independent Retail Accounts,1907,2412,65.0,Dormant (13+ months),1712.39,1712.39
CUSTOMER_0260,2,Independent Retail Accounts,1912,2412,60.0,Dormant (13+ months),1700.71,1700.71
CUSTOMER_0245,2,Independent Retail Accounts,2311,2412,13.0,Dormant (13+ months),1700.41,1700.41
CUSTOMER_1867,2,Independent Retail Accounts,1802,2412,82.0,Dormant (13+ months),1694.29,1694.29
CUSTOMER_2208,2,Independent Retail Accounts,1903,2412,69.0,Dormant (13+ months),1681.35,1681.35
CUSTOMER_1591,2,Independent Retail Accounts,2009,2412,51.0,Dormant (13+ months),1674.76,1674.76
CUSTOMER_2576,4,Commercial Service Accounts,1806,2412,78.0,Dormant (13+ months),1671.62,1671.62
CUSTOMER_0543,4,Commercial Service Accounts,1911,2412,61.0,Dormant (13+ months),1638.2,1638.2
CUSTOMER_1257,3,National Retail Chains,1803,2412,81.0,Dormant (13+ months),1636.9,1636.9
CUSTOMER_3086,5,Wholesale Trade Accounts,1805,2412,79.0,Dormant (13+ months),1631.93,1631.93
CUSTOMER_2598,4,Commercial Service Accounts,1908,2412,64.0,Dormant (13+ months),1628.88,1628.88
CUSTOMER_0398,2,Independent Retail Accounts,2107,2412,41.0,Dormant (13+ months),1628.51,1628.51
CUSTOMER_2160,2,Independent Retail Accounts,1811,2412,73.0,Dormant (13+ months),1626.45,1626.45
CUSTOMER_2880,4,Commercial Service Accounts,1909,2412,63.0,Dormant (13+ months),1604.33,1604.33
CUSTOMER_1849,2,Independent Retail Accounts,2102,2412,46.0,Dormant (13+ months),1598.19,1598.19
CUSTOMER_2936,4,Commercial Service Accounts,1806,2412,78.0,Dormant (13+ months),1596.77,1596.77
CUSTOMER_0565,4,Commercial Service Accounts,2112,2412,36.0,Dormant (13+ months),1593.06,1593.06
CUSTOMER_0163,2,Independent Retail Accounts,2211,2412,25.0,Dormant (13+ months),1589.94,1589.94
CUSTOMER_0556,2,Independent Retail Accounts,2011,2412,49.0,Dormant (13+ months),1580.92,1580.92
CUSTOMER_3150,5,Wholesale Trade Accounts,2305,2412,19.0,Dormant (13+ months),1578.9,1578.9
CUSTOMER_2879,4,Commercial Service Accounts,2311,2412,13.0,Dormant (13+ months),1576.86,1576.86
CUSTOMER_2673,4,Commercial Service Accounts,1808,2412,76.0,Dormant (13+ months),1574.94,1574.94
CUSTOMER_1913,2,Independent Retail Accounts,2105,2412,43.0,Dormant (13+ months),1569.16,1569.16
CUSTOMER_1996,2,Independent Retail Accounts,1909,2412,63.0,Dormant (13+ months),1568.1,1568.1
CUSTOMER_1852,2,Independent Retail Accounts,2004,2412,56.0,Dormant (13+ months),1566.87,1566.87
CUSTOMER_0355,2,Independent Retail Accounts,1912,2412,60.0,Dormant (13+ months),1560.63,1560.63
CUSTOMER_0904,21,Discount Retail Chain,2111,2412,37.0,Dormant (13+ months),1560.11,1560.11
CUSTOMER_1792,2,Independent Retail Accounts,2108,2412,40.0,Dormant (13+ months),1546.57,1546.57
CUSTOMER_1834,4,Commercial Service Accounts,2112,2412,36.0,Dormant (13+ months),1542.34,1542.34
CUSTOMER_2566,4,Commercial Service Accounts,2205,2412,31.0,Dormant (13+ months),1538.07,1538.07
CUSTOMER_1039,2,Independent Retail Accounts,1903,2412,69.0,Dormant (13+ months),1532.3,1532.3
CUSTOMER_2013,5,Wholesale Trade Accounts,2001,2412,59.0,Dormant (13+ months),1530.24,1530.24
CUSTOMER_2631,4,Commercial Service Accounts,1904,2412,68.0,Dormant (13+ months),1527.3,1527.3
CUSTOMER_1349,2,Independent Retail Accounts,2202,2412,34.0,Dormant (13+ months),1525.48,1525.48
CUSTOMER_2096,4,Commercial Service Accounts,1907,2412,65.0,Dormant (13+ months),1516.39,1516.39
CUSTOMER_2112,3,National Retail Chains,2207,2412,29.0,Dormant (13+ months),1514.49,1514.49
CUSTOMER_0441,2,Independent Retail Accounts,2209,2412,27.0,Dormant (13+ months),1511.52,1511.52
CUSTOMER_1422,2,Independent Retail Accounts,2008,2412,52.0,Dormant (13+ months),1503.57,1503.57
CUSTOMER_1227,2,Independent Retail Accounts,1804,2412,80.0,Dormant (13+ months),1500.55,1500.55
CUSTOMER_0822,28,Corporate Retail Group,2202,2412,34.0,Dormant (13+ months),1498.81,1498.81
CUSTOMER_2650,5,Wholesale Trade Accounts,1812,2412,72.0,Dormant (13+ months),1497.15,1497.15
CUSTOMER_0678,2,Independent Retail Accounts,1802,2412,82.0,Dormant (13+ months),1494.56,1494.56
CUSTOMER_3175,4,Commercial Service Accounts,2212,2412,24.0,Dormant (13+ months),1488.12,1488.12
CUSTOMER_2381,2,Independent Retail Accounts,2107,2412,41.0,Dormant (13+ months),1484.96,1484.96
CUSTOMER_0392,3,National Retail Chains,2105,2412,43.0,Dormant (13+ months),1472.21,1472.21
CUSTOMER_2630,4,Commercial Service Accounts,2303,2412,21.0,Dormant (13+ months),1457.6,1457.6
CUSTOMER_1058,5,Wholesale Trade Accounts,2206,2412,30.0,Dormant (13+ months),1445.9,1445.9
CUSTOMER_3204,2,Independent Retail Accounts,2304,2412,20.0,Dormant (13+ months),1443.18,1443.18
CUSTOMER_0519,2,Independent Retail Accounts,1805,2412,79.0,Dormant (13+ months),1440.88,1440.88
CUSTOMER_2661,4,Commercial Service Accounts,1903,2412,69.0,Dormant (13+ months),1438.81,1438.81
CUSTOMER_1864,2,Independent Retail Accounts,1803,2412,81.0,Dormant (13+ months),1434.52,1434.52
CUSTOMER_2846,4,Commercial Service Accounts,1803,2412,81.0,Dormant (13+ months),1425.55,1425.55
CUSTOMER_3202,5,Wholesale Trade Accounts,2206,2412,30.0,Dormant (13+ months),1425.3,1425.3
CUSTOMER_0537,28,Corporate Retail Group,2111,2412,37.0,Dormant (13+ months),1413.49,1413.49
CUSTOMER_2883,4,Commercial Service Accounts,1910,2412,62.0,Dormant (13+ months),1404.47,1404.47
CUSTOMER_0527,2,Independent Retail Accounts,2006,2412,54.0,Dormant (13+ months),1400.56,1400.56
CUSTOMER_2007,2,Independent Retail Accounts,2309,2412,15.0,Dormant (13+ months),1392.51,1392.51
CUSTOMER_1814,2,Independent Retail Accounts,1802,2412,82.0,Dormant (13+ months),1381.83,1381.83
CUSTOMER_2150,54,Retail Cooperative Network,2309,2412,15.0,Dormant (13+ months),1374.29,1374.29
CUSTOMER_0234,99,Inactive / Closed Accounts,2201,2412,35.0,Dormant (13+ months),1371.39,1371.39
CUSTOMER_0618,2,Independent Retail Accounts,2208,2412,28.0,Dormant (13+ months),1367.81,1367.81
CUSTOMER_1170,2,Independent Retail Accounts,2201,2412,35.0,Dormant (13+ months),1364.5,1364.5
CUSTOMER_0321,2,Independent Retail Accounts,2012,2412,48.0,Dormant (13+ months),1353.12,1353.12
CUSTOMER_2939,4,Commercial Service Accounts,1804,2412,80.0,Dormant (13+ months),1341.93,1341.93
CUSTOMER_2867,4,Commercial Service Accounts,2310,2412,14.0,Dormant (13+ months),1339.09,1339.09
CUSTOMER_1600,99,Inactive / Closed Accounts,1810,2412,74.0,Dormant (13+ months),1335.44,1335.44
CUSTOMER_2980,4,Commercial Service Accounts,2303,2412,21.0,Dormant (13+ months),1333.14,1333.14
CUSTOMER_1537,2,Independent Retail Accounts,2202,2412,34.0,Dormant (13+ months),1331.99,1331.99
CUSTOMER_2806,4,Commercial Service Accounts,2303,2412,21.0,Dormant (13+ months),1330.46,1330.46
CUSTOMER_2807,4,Commercial Service Accounts,2304,2412,20.0,Dormant (13+ months),1330.46,1330.46
CUSTOMER_1474,2,Independent Retail Accounts,2308,2412,16.0,Dormant (13+ months),1329.93,1329.93
CUSTOMER_2398,2,Independent Retail Accounts,2106,2412,42.0,Dormant (13+ months),1328.13,1328.13
CUSTOMER_3227,11,Manufacturing Partners,2108,2412,40.0,Dormant (13+ months),1327.98,1327.98
CUSTOMER_1974,2,Independent Retail Accounts,1812,2412,72.0,Dormant (13+ months),1322.64,1322.64
CUSTOMER_0761,2,Independent Retail Accounts,2311,2412,13.0,Dormant (13+ months),1322.46,1322.46
CUSTOMER_1398,2,Independent Retail Accounts,2005,2412,55.0,Dormant (13+ months),1313.32,1313.32
CUSTOMER_2378,5,Wholesale Trade Accounts,1904,2412,68.0,Dormant (13+ months),1313.01,1313.01
CUSTOMER_1266,2,Independent Retail Accounts,1908,2412,64.0,Dormant (13+ months),1303.11,1303.11
CUSTOMER_2008,2,Independent Retail Accounts,2309,2412,15.0,Dormant (13+ months),1298.96,1298.96
CUSTOMER_2369,2,Independent Retail Accounts,2107,2412,41.0,Dormant (13+ months),1296.1,1296.1
CUSTOMER_2534,4,Commercial Service Accounts,2308,2412,16.0,Dormant (13+ months),1291.56,1291.56
CUSTOMER_1309,3,National Retail Chains,2002,2412,58.0,Dormant (13+ months),1271.27,1271.27
CUSTOMER_0027,2,Independent Retail Accounts,2102,2412,46.0,Dormant (13+ months),1260.81,1260.81
CUSTOMER_0746,2,Independent Retail Accounts,2111,2412,37.0,Dormant (13+ months),1259.13,1259.13
CUSTOMER_2227,2,Independent Retail Accounts,1912,2412,60.0,Dormant (13+ months),1253.13,1253.13
CUSTOMER_2353,2,Independent Retail Accounts,2112,2412,36.0,Dormant (13+ months),1247.16,1247.16
CUSTOMER_2267,9,Regional Retail Chain – Tier 3,1906,2412,66.0,Dormant (13+ months),1243.18,1243.18
CUSTOMER_2095,2,Independent Retail Accounts,2001,2412,59.0,Dormant (13+ months),1241.54,1241.54
CUSTOMER_0391,2,Independent Retail Accounts,1912,2412,60.0,Dormant (13+ months),1231.49,1231.49
CUSTOMER_1626,2,Independent Retail Accounts,2201,2412,35.0,Dormant (13+ months),1228.84,1228.84
CUSTOMER_0614,2,Independent Retail Accounts,1906,2412,66.0,Dormant (13+ months),1226.23,1226.23
CUSTOMER_2414,2,Independent Retail Accounts,1807,2412,77.0,Dormant (13+ months),1221.93,1221.93
CUSTOMER_3095,5,Wholesale Trade Accounts,2307,2412,17.0,Dormant (13+ months),1218.41,1218.41
CUSTOMER_0505,2,Independent Retail Accounts,1901,2412,71.0,Dormant (13+ months),1213.72,1213.72
CUSTOMER_1218,28,Corporate Retail Group,2210,2412,26.0,Dormant (13+ months),1203.64,1203.64
CUSTOMER_2451,2,Independent Retail Accounts,2007,2412,53.0,Dormant (13+ months),1185.47,1185.47
CUSTOMER_1572,2,Independent Retail Accounts,2206,2412,30.0,Dormant (13+ months),1184.78,1184.78
CUSTOMER_1108,2,Independent Retail Accounts,2104,2412,44.0,Dormant (13+ months),1179.24,1179.24
CUSTOMER_0256,2,Independent Retail Accounts,2103,2412,45.0,Dormant (13+ months),1169.74,1169.74
CUSTOMER_0684,2,Independent Retail Accounts,2209,2412,27.0,Dormant (13+ months),1169.0,1169.0
CUSTOMER_1050,14,Specialty Retail – Small Format,2106,2412,42.0,Dormant (13+ months),1156.43,1156.43
CUSTOMER_2736,4,Commercial Service Accounts,2109,2412,39.0,Dormant (13+ months),1154.89,1154.89
CUSTOMER_2864,4,Commercial Service Accounts,1904,2412,68.0,Dormant (13+ months),1146.36,1146.36
CUSTOMER_2344,4,Commercial Service Accounts,2001,2412,59.0,Dormant (13+ months),1145.94,1145.94
CUSTOMER_2455,2,Independent Retail Accounts,2008,2412,52.0,Dormant (13+ months),1145.2,1145.2
CUSTOMER_0754,2,Independent Retail Accounts,1906,2412,66.0,Dormant (13+ months),1141.29,1141.29
CUSTOMER_1169,2,Independent Retail Accounts,1803,2412,81.0,Dormant (13+ months),1135.87,1135.87
CUSTOMER_2865,4,Commercial Service Accounts,1808,2412,76.0,Dormant (13+ months),1132.41,1132.41
CUSTOMER_1801,2,Independent Retail Accounts,2003,2412,57.0,Dormant (13+ months),1121.42,1121.42
CUSTOMER_0046,5,Wholesale Trade Accounts,1905,2412,67.0,Dormant (13+ months),1119.83,1119.83
CUSTOMER_3209,2,Independent Retail Accounts,2311,2412,13.0,Dormant (13+ months),1108.28,1108.28
CUSTOMER_1608,2,Independent Retail Accounts,1808,2412,76.0,Dormant (13+ months),1098.6,1098.6
CUSTOMER_1708,2,Independent Retail Accounts,2212,2412,24.0,Dormant (13+ months),1094.96,1094.96
CUSTOMER_3107,5,Wholesale Trade Accounts,2003,2412,57.0,Dormant (13+ months),1086.92,1086.92
CUSTOMER_2614,4,Commercial Service Accounts,2310,2412,14.0,Dormant (13+ months),1082.31,1082.31
CUSTOMER_2678,4,Commercial Service Accounts,2111,2412,37.0,Dormant (13+ months),1073.06,1073.06
CUSTOMER_0902,21,Discount Retail Chain,2111,2412,37.0,Dormant (13+ months),1054.61,1054.61
CUSTOMER_0906,21,Discount Retail Chain,2111,2412,37.0,Dormant (13+ months),1052.2,1052.2
CUSTOMER_0936,21,Discount Retail Chain,2111,2412,37.0,Dormant (13+ months),1052.2,1052.2
CUSTOMER_2932,2,Independent Retail Accounts,2109,2412,39.0,Dormant (13+ months),1046.08,1046.08
CUSTOMER_0923,2,Independent Retail Accounts,2301,2412,23.0,Dormant (13+ months),1042.67,1042.67
CUSTOMER_1350,2,Independent Retail Accounts,2101,2412,47.0,Dormant (13+ months),1041.28,1041.28
CUSTOMER_2748,4,Commercial Service Accounts,2111,2412,37.0,Dormant (13+ months),1041.11,1041.11
CUSTOMER_0532,28,Corporate Retail Group,2111,2412,37.0,Dormant (13+ months),1040.39,1040.39
CUSTOMER_2851,2,Independent Retail Accounts,1803,2412,81.0,Dormant (13+ months),1036.67,1036.67
CUSTOMER_2946,5,Wholesale Trade Accounts,1807,2412,77.0,Dormant (13+ months),1034.07,1034.07
CUSTOMER_0035,5,Wholesale Trade Accounts,2209,2412,27.0,Dormant (13+ months),1034.03,1034.03
CUSTOMER_2591,4,Commercial Service Accounts,1905,2412,67.0,Dormant (13+ months),1031.69,1031.69
CUSTOMER_0819,28,Corporate Retail Group,2111,2412,37.0,Dormant (13+ months),1021.99,1021.99
CUSTOMER_1234,2,Independent Retail Accounts,2302,2412,22.0,Dormant (13+ months),1018.83,1018.83
CUSTOMER_1700,2,Independent Retail Accounts,2301,2412,23.0,Dormant (13+ months),1018.37,1018.37
CUSTOMER_1114,3,National Retail Chains,2001,2412,59.0,Dormant (13+ months),1016.28,1016.28
CUSTOMER_2725,5,Wholesale Trade Accounts,1802,2412,82.0,Dormant (13+ months),1015.36,1015.36
CUSTOMER_2184,2,Independent Retail Accounts,1912,2412,60.0,Dormant (13+ months),1014.52,1014.52
CUSTOMER_2596,4,Commercial Service Accounts,1902,2412,70.0,Dormant (13+ months),1005.29,1005.29
CUSTOMER_2523,2,Independent Retail Accounts,2308,2412,16.0,Dormant (13+ months),1004.07,1004.07
CUSTOMER_2798,4,Commercial Service Accounts,1903,2412,69.0,Dormant (13+ months),997.98,997.98
CUSTOMER_1390,31,Premium Specialty Operator,2205,2412,31.0,Dormant (13+ months),990.12,990.12
CUSTOMER_2619,4,Commercial Service Accounts,1807,2412,77.0,Dormant (13+ months),973.14,973.14
CUSTOMER_1180,2,Independent Retail Accounts,2101,2412,47.0,Dormant (13+ months),961.32,961.32
CUSTOMER_0572,2,Independent Retail Accounts,2205,2412,31.0,Dormant (13+ months),959.65,959.65
CUSTOMER_2236,2,Independent Retail Accounts,2212,2412,24.0,Dormant (13+ months),954.02,954.02
CUSTOMER_1659,2,Independent Retail Accounts,1906,2412,66.0,Dormant (13+ months),950.5,950.5
CUSTOMER_2717,4,Commercial Service Accounts,1810,2412,74.0,Dormant (13+ months),950.16,950.16
CUSTOMER_0005,2,Independent Retail Accounts,2011,2412,49.0,Dormant (13+ months),948.41,948.41
CUSTOMER_1376,2,Independent Retail Accounts,2110,2412,38.0,Dormant (13+ months),943.74,943.74
CUSTOMER_0053,5,Wholesale Trade Accounts,2004,2412,56.0,Dormant (13+ months),943.3,943.3
CUSTOMER_0821,28,Corporate Retail Group,2212,2412,24.0,Dormant (13+ months),940.88,940.88
CUSTOMER_1601,2,Independent Retail Accounts,2010,2412,50.0,Dormant (13+ months),922.94,922.94
CUSTOMER_2372,2,Independent Retail Accounts,2210,2412,26.0,Dormant (13+ months),921.86,921.86
CUSTOMER_1843,2,Independent Retail Accounts,2209,2412,27.0,Dormant (13+ months),920.84,920.84
CUSTOMER_1154,2,Independent Retail Accounts,2204,2412,32.0,Dormant (13+ months),911.44,911.44
CUSTOMER_0812,2,Independent Retail Accounts,1811,2412,73.0,Dormant (13+ months),909.88,909.88
CUSTOMER_2862,4,Commercial Service Accounts,1905,2412,67.0,Dormant (13+ months),904.73,904.73
CUSTOMER_1219,28,Corporate Retail Group,2112,2412,36.0,Dormant (13+ months),900.1,900.1
CUSTOMER_0531,28,Corporate Retail Group,2012,2412,48.0,Dormant (13+ months),898.46,898.46
CUSTOMER_0208,2,Independent Retail Accounts,1806,2412,78.0,Dormant (13+ months),897.39,897.39
CUSTOMER_0630,2,Independent Retail Accounts,2204,2412,32.0,Dormant (13+ months),895.48,895.48
CUSTOMER_1423,2,Independent Retail Accounts,1807,2412,77.0,Dormant (13+ months),889.3,889.3
CUSTOMER_3033,3,National Retail Chains,1804,2412,80.0,Dormant (13+ months),888.44,888.44
CUSTOMER_1449,2,Independent Retail Accounts,1803,2412,81.0,Dormant (13+ months),888.15,888.15
CUSTOMER_1741,2,Independent Retail Accounts,2102,2412,46.0,Dormant (13+ months),885.6,885.6
CUSTOMER_1535,2,Independent Retail Accounts,2009,2412,51.0,Dormant (13+ months),884.13,884.13
CUSTOMER_0688,4,Commercial Service Accounts,1909,2412,63.0,Dormant (13+ months),883.88,883.88
CUSTOMER_1617,4,Commercial Service Accounts,2310,2412,14.0,Dormant (13+ months),880.59,880.59
CUSTOMER_0365,2,Independent Retail Accounts,1804,2412,80.0,Dormant (13+ months),878.09,878.09
CUSTOMER_0129,2,Independent Retail Accounts,2006,2412,54.0,Dormant (13+ months),870.3,870.3
CUSTOMER_2626,4,Commercial Service Accounts,1901,2412,71.0,Dormant (13+ months),861.36,861.36
CUSTOMER_2435,2,Independent Retail Accounts,1906,2412,66.0,Dormant (13+ months),860.32,860.32
CUSTOMER_1960,2,Independent Retail Accounts,2012,2412,48.0,Dormant (13+ months),853.1,853.1
CUSTOMER_1649,2,Independent Retail Accounts,2310,2412,14.0,Dormant (13+ months),850.3,850.3
CUSTOMER_2704,4,Commercial Service Accounts,2112,2412,36.0,Dormant (13+ months),849.71,849.71
CUSTOMER_3199,2,Independent Retail Accounts,2207,2412,29.0,Dormant (13+ months),847.55,847.55
CUSTOMER_0197,2,Independent Retail Accounts,1806,2412,78.0,Dormant (13+ months),846.26,846.26
CUSTOMER_0209,2,Independent Retail Accounts,1806,2412,78.0,Dormant (13+ months),846.26,846.26
CUSTOMER_2812,4,Commercial Service Accounts,2305,2412,19.0,Dormant (13+ months),844.48,844.48
CUSTOMER_0925,2,Independent Retail Accounts,1811,2412,73.0,Dormant (13+ months),841.86,841.86
CUSTOMER_0022,2,Independent Retail Accounts,2303,2412,21.0,Dormant (13+ months),840.93,840.93
CUSTOMER_1091,2,Independent Retail Accounts,2302,2412,22.0,Dormant (13+ months),840.18,840.18
CUSTOMER_2801,4,Commercial Service Accounts,2012,2412,48.0,Dormant (13+ months),839.81,839.81
CUSTOMER_1157,2,Independent Retail Accounts,2102,2412,46.0,Dormant (13+ months),836.64,836.64
CUSTOMER_2978,4,Commercial Service Accounts,2109,2412,39.0,Dormant (13+ months),835.5,835.5
CUSTOMER_0493,2,Independent Retail Accounts,2009,2412,51.0,Dormant (13+ months),835.0,835.0
CUSTOMER_2874,4,Commercial Service Accounts,2009,2412,51.0,Dormant (13+ months),832.75,832.75
CUSTOMER_1272,2,Independent Retail Accounts,2308,2412,16.0,Dormant (13+ months),830.91,830.91
CUSTOMER_2437,2,Independent Retail Accounts,2203,2412,33.0,Dormant (13+ months),817.3,817.3
CUSTOMER_2157,2,Independent Retail Accounts,1911,2412,61.0,Dormant (13+ months),816.65,816.65
CUSTOMER_3104,5,Wholesale Trade Accounts,1804,2412,80.0,Dormant (13+ months),815.21,815.21
CUSTOMER_2919,4,Commercial Service Accounts,1905,2412,67.0,Dormant (13+ months),812.79,812.79
CUSTOMER_0891,21,Discount Retail Chain,2111,2412,37.0,Dormant (13+ months),810.12,810.12
CUSTOMER_0895,21,Discount Retail Chain,2111,2412,37.0,Dormant (13+ months),810.12,810.12
CUSTOMER_0898,21,Discount Retail Chain,2111,2412,37.0,Dormant (13+ months),810.12,810.12
CUSTOMER_0899,21,Discount Retail Chain,2111,2412,37.0,Dormant (13+ months),810.12,810.12
CUSTOMER_0900,21,Discount Retail Chain,2111,2412,37.0,Dormant (13+ months),810.12,810.12
CUSTOMER_0901,21,Discount Retail Chain,2111,2412,37.0,Dormant (13+ months),810.12,810.12
CUSTOMER_0939,21,Discount Retail Chain,2111,2412,37.0,Dormant (13+ months),810.12,810.12
CUSTOMER_0940,21,Discount Retail Chain,2111,2412,37.0,Dormant (13+ months),810.12,810.12
CUSTOMER_0941,21,Discount Retail Chain,2111,2412,37.0,Dormant (13+ months),810.12,810.12
CUSTOMER_0868,2,Independent Retail Accounts,1811,2412,73.0,Dormant (13+ months),804.16,804.16
CUSTOMER_1956,2,Independent Retail Accounts,1808,2412,76.0,Dormant (13+ months),801.6,801.6
CUSTOMER_2906,4,Commercial Service Accounts,1801,2412,83.0,Dormant (13+ months),797.93,797.93
CUSTOMER_2762,4,Commercial Service Accounts,1901,2412,71.0,Dormant (13+ months),794.51,794.51
CUSTOMER_1023,2,Independent Retail Accounts,2211,2412,25.0,Dormant (13+ months),781.29,781.29
CUSTOMER_0251,2,Independent Retail Accounts,2107,2412,41.0,Dormant (13+ months),775.21,775.21
CUSTOMER_0538,28,Corporate Retail Group,2111,2412,37.0,Dormant (13+ months),775.11,775.11
CUSTOMER_2790,4,Commercial Service Accounts,1801,2412,83.0,Dormant (13+ months),774.95,774.95
CUSTOMER_0826,28,Corporate Retail Group,2203,2412,33.0,Dormant (13+ months),774.61,774.61
CUSTOMER_3112,2,Independent Retail Accounts,2212,2412,24.0,Dormant (13+ months),765.06,765.06
CUSTOMER_2452,2,Independent Retail Accounts,2206,2412,30.0,Dormant (13+ months),761.65,761.65
CUSTOMER_3134,5,Wholesale Trade Accounts,1804,2412,80.0,Dormant (13+ months),754.67,754.67
CUSTOMER_0608,2,Independent Retail Accounts,2203,2412,33.0,Dormant (13+ months),741.26,741.26
CUSTOMER_1587,2,Independent Retail Accounts,2009,2412,51.0,Dormant (13+ months),739.35,739.35
CUSTOMER_2618,4,Commercial Service Accounts,2003,2412,57.0,Dormant (13+ months),736.47,736.47
CUSTOMER_2940,4,Commercial Service Accounts,2307,2412,17.0,Dormant (13+ months),734.8,734.8
CUSTOMER_2758,2,Independent Retail Accounts,2110,2412,38.0,Dormant (13+ months),726.78,726.78
CUSTOMER_0604,2,Independent Retail Accounts,1908,2412,64.0,Dormant (13+ months),725.73,725.73
CUSTOMER_1360,4,Commercial Service Accounts,1810,2412,74.0,Dormant (13+ months),721.26,721.26
CUSTOMER_3039,24,Metropolitan Retail Group,2003,2412,57.0,Dormant (13+ months),716.39,716.39
CUSTOMER_2648,4,Commercial Service Accounts,1804,2412,80.0,Dormant (13+ months),713.33,713.33
CUSTOMER_2827,5,Wholesale Trade Accounts,2303,2412,21.0,Dormant (13+ months),712.82,712.82
CUSTOMER_1857,14,Specialty Retail – Small Format,2105,2412,43.0,Dormant (13+ months),708.41,708.41
CUSTOMER_0825,28,Corporate Retail Group,1801,2412,83.0,Dormant (13+ months),707.19,707.19
CUSTOMER_2315,2,Independent Retail Accounts,1803,2412,81.0,Dormant (13+ months),698.81,698.81
CUSTOMER_2727,4,Commercial Service Accounts,2110,2412,38.0,Dormant (13+ months),698.44,698.44
CUSTOMER_1310,2,Independent Retail Accounts,2302,2412,22.0,Dormant (13+ months),695.82,695.82
CUSTOMER_2959,4,Commercial Service Accounts,1804,2412,80.0,Dormant (13+ months),689.69,689.69
CUSTOMER_3064,3,National Retail Chains,1903,2412,69.0,Dormant (13+ months),689.46,689.46
CUSTOMER_0977,47,Direct-to-Consumer Channel,2201,2412,35.0,Dormant (13+ months),685.0,685.0
CUSTOMER_1477,2,Independent Retail Accounts,2206,2412,30.0,Dormant (13+ months),684.72,684.72
CUSTOMER_0017,5,Wholesale Trade Accounts,2012,2412,48.0,Dormant (13+ months),683.63,683.63
CUSTOMER_0985,3,National Retail Chains,1903,2412,69.0,Dormant (13+ months),678.7,678.7
CUSTOMER_0730,2,Independent Retail Accounts,1811,2412,73.0,Dormant (13+ months),677.17,677.17
CUSTOMER_0377,2,Independent Retail Accounts,1905,2412,67.0,Dormant (13+ months),672.81,672.81
CUSTOMER_2706,2,Independent Retail Accounts,2005,2412,55.0,Dormant (13+ months),666.0,666.0
CUSTOMER_0308,2,Independent Retail Accounts,1910,2412,62.0,Dormant (13+ months),662.82,662.82
CUSTOMER_1481,2,Independent Retail Accounts,2212,2412,24.0,Dormant (13+ months),661.72,661.72
CUSTOMER_1870,2,Independent Retail Accounts,1901,2412,71.0,Dormant (13+ months),661.07,661.07
CUSTOMER_1639,2,Independent Retail Accounts,2206,2412,30.0,Dormant (13+ months),658.26,658.26
CUSTOMER_3197,2,Independent Retail Accounts,2002,2412,58.0,Dormant (13+ months),656.4,656.4
CUSTOMER_2728,4,Commercial Service Accounts,1906,2412,66.0,Dormant (13+ months),651.82,651.82
CUSTOMER_1611,2,Independent Retail Accounts,1810,2412,74.0,Dormant (13+ months),651.26,651.26
CUSTOMER_2656,4,Commercial Service Accounts,2009,2412,51.0,Dormant (13+ months),648.11,648.11
CUSTOMER_0978,47,Direct-to-Consumer Channel,2201,2412,35.0,Dormant (13+ months),642.93,642.93
CUSTOMER_0408,2,Independent Retail Accounts,2106,2412,42.0,Dormant (13+ months),640.06,640.06
CUSTOMER_1307,3,National Retail Chains,1804,2412,80.0,Dormant (13+ months),630.33,630.33
CUSTOMER_2569,4,Commercial Service Accounts,1807,2412,77.0,Dormant (13+ months),628.67,628.67
CUSTOMER_0334,2,Independent Retail Accounts,2106,2412,42.0,Dormant (13+ months),625.48,625.48
CUSTOMER_0586,2,Independent Retail Accounts,1803,2412,81.0,Dormant (13+ months),625.28,625.28
CUSTOMER_0079,5,Wholesale Trade Accounts,2112,2412,36.0,Dormant (13+ months),624.87,624.87
CUSTOMER_0225,2,Independent Retail Accounts,2201,2412,35.0,Dormant (13+ months),617.97,617.97
CUSTOMER_0905,21,Discount Retail Chain,2112,2412,36.0,Dormant (13+ months),608.15,608.15
CUSTOMER_0140,2,Independent Retail Accounts,1908,2412,64.0,Dormant (13+ months),607.88,607.88
CUSTOMER_1319,2,Independent Retail Accounts,1805,2412,79.0,Dormant (13+ months),606.91,606.91
CUSTOMER_1459,2,Independent Retail Accounts,1911,2412,61.0,Dormant (13+ months),600.15,600.15
CUSTOMER_1461,2,Independent Retail Accounts,1911,2412,61.0,Dormant (13+ months),600.15,600.15
CUSTOMER_1462,2,Independent Retail Accounts,1911,2412,61.0,Dormant (13+ months),600.15,600.15
CUSTOMER_0429,5,Wholesale Trade Accounts,2208,2412,28.0,Dormant (13+ months),597.61,597.61
CUSTOMER_1809,2,Independent Retail Accounts,1910,2412,62.0,Dormant (13+ months),590.76,590.76
CUSTOMER_0279,5,Wholesale Trade Accounts,1909,2412,63.0,Dormant (13+ months),590.46,590.46
CUSTOMER_3010,54,Retail Cooperative Network,2304,2412,20.0,Dormant (13+ months),589.46,589.46
CUSTOMER_0995,47,Direct-to-Consumer Channel,2201,2412,35.0,Dormant (13+ months),587.92,587.92
CUSTOMER_3154,5,Wholesale Trade Accounts,2104,2412,44.0,Dormant (13+ months),584.5,584.5
CUSTOMER_0785,2,Independent Retail Accounts,1905,2412,67.0,Dormant (13+ months),582.56,582.56
CUSTOMER_0437,2,Independent Retail Accounts,2211,2412,25.0,Dormant (13+ months),576.48,576.48
CUSTOMER_1308,2,Independent Retail Accounts,1910,2412,62.0,Dormant (13+ months),576.24,576.24
CUSTOMER_0781,11,Manufacturing Partners,2111,2412,37.0,Dormant (13+ months),571.52,571.52
CUSTOMER_3115,5,Wholesale Trade Accounts,1812,2412,72.0,Dormant (13+ months),570.42,570.42
CUSTOMER_1277,2,Independent Retail Accounts,2204,2412,32.0,Dormant (13+ months),565.95,565.95
CUSTOMER_0511,2,Independent Retail Accounts,1912,2412,60.0,Dormant (13+ months),548.21,548.21
CUSTOMER_1003,47,Direct-to-Consumer Channel,2201,2412,35.0,Dormant (13+ months),545.89,545.89
CUSTOMER_2100,14,Specialty Retail – Small Format,2307,2412,17.0,Dormant (13+ months),545.17,545.17
CUSTOMER_0115,5,Wholesale Trade Accounts,2303,2412,21.0,Dormant (13+ months),542.75,542.75
CUSTOMER_2963,4,Commercial Service Accounts,2205,2412,31.0,Dormant (13+ months),528.52,528.52
CUSTOMER_3101,5,Wholesale Trade Accounts,2107,2412,41.0,Dormant (13+ months),509.85,509.85
CUSTOMER_0588,2,Independent Retail Accounts,1909,2412,63.0,Dormant (13+ months),495.81,495.81
CUSTOMER_1940,35,Regional Multi-Unit Operator,2308,2412,16.0,Dormant (13+ months),493.39,493.39
CUSTOMER_1060,2,Independent Retail Accounts,2009,2412,51.0,Dormant (13+ months),492.52,492.52
CUSTOMER_1282,2,Independent Retail Accounts,1805,2412,79.0,Dormant (13+ months),490.33,490.33
CUSTOMER_0935,21,Discount Retail Chain,2111,2412,37.0,Dormant (13+ months),484.17,484.17
CUSTOMER_0581,2,Independent Retail Accounts,1901,2412,71.0,Dormant (13+ months),480.29,480.29
CUSTOMER_0928,4,Commercial Service Accounts,1903,2412,69.0,Dormant (13+ months),479.74,479.74
CUSTOMER_2295,4,Commercial Service Accounts,1802,2412,82.0,Dormant (13+ months),479.55,479.55
CUSTOMER_0566,2,Independent Retail Accounts,1806,2412,78.0,Dormant (13+ months),474.4,474.4
CUSTOMER_0617,2,Independent Retail Accounts,1812,2412,72.0,Dormant (13+ months),472.27,472.27
CUSTOMER_0212,2,Independent Retail Accounts,2208,2412,28.0,Dormant (13+ months),457.98,457.98
CUSTOMER_2436,2,Independent Retail Accounts,2011,2412,49.0,Dormant (13+ months),447.63,447.63
CUSTOMER_0083,4,Commercial Service Accounts,2304,2412,20.0,Dormant (13+ months),446.89,446.89
CUSTOMER_1616,2,Independent Retail Accounts,1804,2412,80.0,Dormant (13+ months),426.84,426.84
CUSTOMER_0555,2,Independent Retail Accounts,2207,2412,29.0,Dormant (13+ months),425.01,425.01
CUSTOMER_2118,2,Independent Retail Accounts,1903,2412,69.0,Dormant (13+ months),422.38,422.38
CUSTOMER_1395,2,Independent Retail Accounts,1807,2412,77.0,Dormant (13+ months),419.74,419.74
CUSTOMER_2608,4,Commercial Service Accounts,1904,2412,68.0,Dormant (13+ months),414.71,414.71
CUSTOMER_2837,4,Commercial Service Accounts,1808,2412,76.0,Dormant (13+ months),409.73,409.73
CUSTOMER_0714,2,Independent Retail Accounts,1805,2412,79.0,Dormant (13+ months),401.09,401.09
CUSTOMER_2438,2,Independent Retail Accounts,2107,2412,41.0,Dormant (13+ months),400.6,400.6
CUSTOMER_1954,2,Independent Retail Accounts,2201,2412,35.0,Dormant (13+ months),398.96,398.96
CUSTOMER_0897,2,Independent Retail Accounts,1904,2412,68.0,Dormant (13+ months),397.98,397.98
CUSTOMER_2135,2,Independent Retail Accounts,1901,2412,71.0,Dormant (13+ months),393.85,393.85
CUSTOMER_1636,2,Independent Retail Accounts,2012,2412,48.0,Dormant (13+ months),392.37,392.37
CUSTOMER_0220,2,Independent Retail Accounts,1907,2412,65.0,Dormant (13+ months),390.38,390.38
CUSTOMER_2370,5,Wholesale Trade Accounts,1907,2412,65.0,Dormant (13+ months),387.06,387.06
CUSTOMER_0838,2,Independent Retail Accounts,1805,2412,79.0,Dormant (13+ months),384.15,384.15
CUSTOMER_0611,2,Independent Retail Accounts,2105,2412,43.0,Dormant (13+ months),383.63,383.63
CUSTOMER_1430,14,Specialty Retail – Small Format,1806,2412,78.0,Dormant (13+ months),382.93,382.93
CUSTOMER_1955,2,Independent Retail Accounts,2008,2412,52.0,Dormant (13+ months),378.53,378.53
CUSTOMER_0673,2,Independent Retail Accounts,2106,2412,42.0,Dormant (13+ months),377.35,377.35
CUSTOMER_2986,4,Commercial Service Accounts,2008,2412,52.0,Dormant (13+ months),374.87,374.87
CUSTOMER_1375,2,Independent Retail Accounts,2212,2412,24.0,Dormant (13+ months),372.48,372.48
CUSTOMER_2866,4,Commercial Service Accounts,1805,2412,79.0,Dormant (13+ months),370.33,370.33
CUSTOMER_1239,2,Independent Retail Accounts,2107,2412,41.0,Dormant (13+ months),368.15,368.15
CUSTOMER_2971,4,Commercial Service Accounts,1804,2412,80.0,Dormant (13+ months),366.29,366.29
CUSTOMER_2169,2,Independent Retail Accounts,2212,2412,24.0,Dormant (13+ months),365.73,365.73
CUSTOMER_1776,2,Independent Retail Accounts,2311,2412,13.0,Dormant (13+ months),362.92,362.92
CUSTOMER_2810,4,Commercial Service Accounts,1901,2412,71.0,Dormant (13+ months),361.97,361.97
CUSTOMER_3192,5,Wholesale Trade Accounts,2205,2412,31.0,Dormant (13+ months),360.6,360.6
CUSTOMER_0713,2,Independent Retail Accounts,2106,2412,42.0,Dormant (13+ months),351.33,351.33
CUSTOMER_0829,28,Corporate Retail Group,2112,2412,36.0,Dormant (13+ months),347.16,347.16
CUSTOMER_0846,2,Independent Retail Accounts,2201,2412,35.0,Dormant (13+ months),344.7,344.7
CUSTOMER_0515,2,Independent Retail Accounts,1911,2412,61.0,Dormant (13+ months),343.35,343.35
CUSTOMER_1484,54,Retail Cooperative Network,1812,2412,72.0,Dormant (13+ months),341.8,341.8
CUSTOMER_1323,2,Independent Retail Accounts,2110,2412,38.0,Dormant (13+ months),339.36,339.36
CUSTOMER_0289,5,Wholesale Trade Accounts,1811,2412,73.0,Dormant (13+ months),338.51,338.51
CUSTOMER_2181,2,Independent Retail Accounts,2010,2412,50.0,Dormant (13+ months),336.67,336.67
CUSTOMER_2797,4,Commercial Service Accounts,2205,2412,31.0,Dormant (13+ months),328.91,328.91
CUSTOMER_0126,5,Wholesale Trade Accounts,2107,2412,41.0,Dormant (13+ months),326.4,326.4
CUSTOMER_0358,2,Independent Retail Accounts,2107,2412,41.0,Dormant (13+ months),324.87,324.87
CUSTOMER_0597,14,Specialty Retail – Small Format,1806,2412,78.0,Dormant (13+ months),323.23,323.23
CUSTOMER_1744,2,Independent Retail Accounts,1912,2412,60.0,Dormant (13+ months),319.75,319.75
CUSTOMER_0043,2,Independent Retail Accounts,2203,2412,33.0,Dormant (13+ months),317.94,317.94
CUSTOMER_2599,2,Independent Retail Accounts,2009,2412,51.0,Dormant (13+ months),310.89,310.89
CUSTOMER_2947,2,Independent Retail Accounts,1901,2412,71.0,Dormant (13+ months),310.75,310.75
CUSTOMER_1051,2,Independent Retail Accounts,1908,2412,64.0,Dormant (13+ months),306.11,306.11
CUSTOMER_0484,2,Independent Retail Accounts,2207,2412,29.0,Dormant (13+ months),303.44,303.44
CUSTOMER_1212,2,Independent Retail Accounts,1812,2412,72.0,Dormant (13+ months),300.0,300.0
CUSTOMER_0539,28,Corporate Retail Group,2111,2412,37.0,Dormant (13+ months),297.59,297.59
CUSTOMER_1163,2,Independent Retail Accounts,2206,2412,30.0,Dormant (13+ months),295.34,295.34
CUSTOMER_1278,2,Independent Retail Accounts,1903,2412,69.0,Dormant (13+ months),281.62,281.62
CUSTOMER_2601,4,Commercial Service Accounts,1801,2412,83.0,Dormant (13+ months),281.08,281.08
CUSTOMER_2458,2,Independent Retail Accounts,1810,2412,74.0,Dormant (13+ months),279.56,279.56
CUSTOMER_2271,9,Regional Retail Chain – Tier 3,1904,2412,68.0,Dormant (13+ months),269.7,269.7
CUSTOMER_0674,2,Independent Retail Accounts,2106,2412,42.0,Dormant (13+ months),269.54,269.54
CUSTOMER_2589,4,Commercial Service Accounts,1905,2412,67.0,Dormant (13+ months),261.09,261.09
CUSTOMER_2006,5,Wholesale Trade Accounts,2304,2412,20.0,Dormant (13+ months),261.0,261.0
CUSTOMER_2815,4,Commercial Service Accounts,1908,2412,64.0,Dormant (13+ months),259.41,259.41
CUSTOMER_0009,1,Unassigned,1903,2412,69.0,Dormant (13+ months),257.75,257.75
CUSTOMER_1647,2,Independent Retail Accounts,2304,2412,20.0,Dormant (13+ months),255.84,255.84
CUSTOMER_0824,8,Regional Retail Chain – Tier 2,1909,2412,63.0,Dormant (13+ months),251.9,251.9
CUSTOMER_1715,2,Independent Retail Accounts,2003,2412,57.0,Dormant (13+ months),247.69,247.69
CUSTOMER_2010,2,Independent Retail Accounts,2210,2412,26.0,Dormant (13+ months),246.99,246.99
CUSTOMER_0069,1,Unassigned,2301,2412,23.0,Dormant (13+ months),246.36,246.36
CUSTOMER_3210,2,Independent Retail Accounts,2207,2412,29.0,Dormant (13+ months),244.68,244.68
CUSTOMER_2293,2,Independent Retail Accounts,2206,2412,30.0,Dormant (13+ months),244.08,244.08
CUSTOMER_2907,4,Commercial Service Accounts,1805,2412,79.0,Dormant (13+ months),232.2,232.2
CUSTOMER_2617,5,Wholesale Trade Accounts,2006,2412,54.0,Dormant (13+ months),230.44,230.44
CUSTOMER_2843,4,Commercial Service Accounts,1801,2412,83.0,Dormant (13+ months),229.36,229.36
CUSTOMER_0571,2,Independent Retail Accounts,2005,2412,55.0,Dormant (13+ months),226.8,226.8
CUSTOMER_0725,2,Independent Retail Accounts,1911,2412,61.0,Dormant (13+ months),222.31,222.31
CUSTOMER_1384,31,Premium Specialty Operator,2211,2412,25.0,Dormant (13+ months),219.19,219.19
CUSTOMER_3222,5,Wholesale Trade Accounts,2306,2412,18.0,Dormant (13+ months),218.51,218.51
CUSTOMER_3225,5,Wholesale Trade Accounts,2109,2412,39.0,Dormant (13+ months),216.65,216.65
CUSTOMER_2945,4,Commercial Service Accounts,1803,2412,81.0,Dormant (13+ months),214.62,214.62
CUSTOMER_2222,2,Independent Retail Accounts,1903,2412,69.0,Dormant (13+ months),207.16,207.16
CUSTOMER_3212,5,Wholesale Trade Accounts,2208,2412,28.0,Dormant (13+ months),207.14,207.14
CUSTOMER_1415,5,Wholesale Trade Accounts,1902,2412,70.0,Dormant (13+ months),202.84,202.84
CUSTOMER_1583,2,Independent Retail Accounts,2109,2412,39.0,Dormant (13+ months),201.94,201.94
CUSTOMER_1059,2,Independent Retail Accounts,2011,2412,49.0,Dormant (13+ months),196.56,196.56
CUSTOMER_0309,2,Independent Retail Accounts,2201,2412,35.0,Dormant (13+ months),195.59,195.59
CUSTOMER_0068,5,Wholesale Trade Accounts,2306,2412,18.0,Dormant (13+ months),192.13,192.13
CUSTOMER_2356,5,Wholesale Trade Accounts,2203,2412,33.0,Dormant (13+ months),184.4,184.4
CUSTOMER_1378,2,Independent Retail Accounts,1802,2412,82.0,Dormant (13+ months),183.14,183.14
CUSTOMER_1265,2,Independent Retail Accounts,1801,2412,83.0,Dormant (13+ months),181.7,181.7
CUSTOMER_0501,2,Independent Retail Accounts,2202,2412,34.0,Dormant (13+ months),180.36,180.36
CUSTOMER_2909,4,Commercial Service Accounts,2202,2412,34.0,Dormant (13+ months),180.36,180.36
CUSTOMER_0403,2,Independent Retail Accounts,2201,2412,35.0,Dormant (13+ months),179.86,179.86
CUSTOMER_1734,2,Independent Retail Accounts,2211,2412,25.0,Dormant (13+ months),171.68,171.68
CUSTOMER_0015,2,Independent Retail Accounts,2211,2412,25.0,Dormant (13+ months),171.35,171.35
CUSTOMER_0125,2,Independent Retail Accounts,1801,2412,83.0,Dormant (13+ months),167.06,167.06
CUSTOMER_1487,2,Independent Retail Accounts,1906,2412,66.0,Dormant (13+ months),164.55,164.55
CUSTOMER_1136,5,Wholesale Trade Accounts,2007,2412,53.0,Dormant (13+ months),161.69,161.69
CUSTOMER_0842,2,Independent Retail Accounts,1805,2412,79.0,Dormant (13+ months),161.67,161.67
CUSTOMER_0619,2,Independent Retail Accounts,1909,2412,63.0,Dormant (13+ months),160.88,160.88
CUSTOMER_2187,2,Independent Retail Accounts,1901,2412,71.0,Dormant (13+ months),153.31,153.31
CUSTOMER_2603,4,Commercial Service Accounts,1808,2412,76.0,Dormant (13+ months),151.5,151.5
CUSTOMER_0033,5,Wholesale Trade Accounts,1908,2412,64.0,Dormant (13+ months),149.97,149.97
CUSTOMER_2902,4,Commercial Service Accounts,1903,2412,69.0,Dormant (13+ months),149.44,149.44
CUSTOMER_0049,2,Independent Retail Accounts,1804,2412,80.0,Dormant (13+ months),145.54,145.54
CUSTOMER_0359,2,Independent Retail Accounts,2206,2412,30.0,Dormant (13+ months),143.09,143.09
CUSTOMER_0032,2,Independent Retail Accounts,1902,2412,70.0,Dormant (13+ months),141.95,141.95
CUSTOMER_1233,1,Unassigned,2103,2412,45.0,Dormant (13+ months),137.81,137.81
CUSTOMER_0789,2,Independent Retail Accounts,1904,2412,68.0,Dormant (13+ months),136.63,136.63
CUSTOMER_2078,2,Independent Retail Accounts,1804,2412,80.0,Dormant (13+ months),134.63,134.63
CUSTOMER_0063,5,Wholesale Trade Accounts,2109,2412,39.0,Dormant (13+ months),133.69,133.69
CUSTOMER_2259,5,Wholesale Trade Accounts,2211,2412,25.0,Dormant (13+ months),133.55,133.55
CUSTOMER_2822,4,Commercial Service Accounts,2309,2412,15.0,Dormant (13+ months),133.27,133.27
CUSTOMER_3067,3,National Retail Chains,1807,2412,77.0,Dormant (13+ months),131.97,131.97
CUSTOMER_1268,2,Independent Retail Accounts,2210,2412,26.0,Dormant (13+ months),129.37,129.37
CUSTOMER_3044,3,National Retail Chains,2208,2412,28.0,Dormant (13+ months),128.02,128.02
CUSTOMER_3105,5,Wholesale Trade Accounts,1807,2412,77.0,Dormant (13+ months),126.59,126.59
CUSTOMER_1132,2,Independent Retail Accounts,1806,2412,78.0,Dormant (13+ months),124.65,124.65
CUSTOMER_0076,2,Independent Retail Accounts,2207,2412,29.0,Dormant (13+ months),123.8,123.8
CUSTOMER_1615,5,Wholesale Trade Accounts,2002,2412,58.0,Dormant (13+ months),122.95,122.95
CUSTOMER_0193,2,Independent Retail Accounts,2107,2412,41.0,Dormant (13+ months),117.99,117.99
CUSTOMER_0058,5,Wholesale Trade Accounts,2003,2412,57.0,Dormant (13+ months),117.93,117.93
CUSTOMER_3091,5,Wholesale Trade Accounts,1803,2412,81.0,Dormant (13+ months),117.89,117.89
CUSTOMER_2120,2,Independent Retail Accounts,2107,2412,41.0,Dormant (13+ months),116.58,116.58
CUSTOMER_1519,3,National Retail Chains,2311,2412,13.0,Dormant (13+ months),115.83,115.83
CUSTOMER_0135,2,Independent Retail Accounts,2003,2412,57.0,Dormant (13+ months),113.48,113.48
CUSTOMER_2457,2,Independent Retail Accounts,2105,2412,43.0,Dormant (13+ months),112.52,112.52
CUSTOMER_0864,2,Independent Retail Accounts,1903,2412,69.0,Dormant (13+ months),109.64,109.64
CUSTOMER_0048,4,Commercial Service Accounts,2001,2412,59.0,Dormant (13+ months),107.3,107.3
CUSTOMER_0066,5,Wholesale Trade Accounts,2108,2412,40.0,Dormant (13+ months),100.76,100.76
CUSTOMER_0051,5,Wholesale Trade Accounts,2311,2412,13.0,Dormant (13+ months),97.05,97.05
CUSTOMER_2690,4,Commercial Service Accounts,2108,2412,40.0,Dormant (13+ months),95.49,95.49
CUSTOMER_1988,5,Wholesale Trade Accounts,2006,2412,54.0,Dormant (13+ months),93.79,93.79
CUSTOMER_0059,5,Wholesale Trade Accounts,1911,2412,61.0,Dormant (13+ months),92.58,92.58
CUSTOMER_0054,2,Independent Retail Accounts,1911,2412,61.0,Dormant (13+ months),92.08,92.08
CUSTOMER_2803,4,Commercial Service Accounts,2101,2412,47.0,Dormant (13+ months),90.3,90.3
CUSTOMER_2083,2,Independent Retail Accounts,2110,2412,38.0,Dormant (13+ months),87.09,87.09
CUSTOMER_2172,2,Independent Retail Accounts,1909,2412,63.0,Dormant (13+ months),86.84,86.84
CUSTOMER_2802,5,Wholesale Trade Accounts,2211,2412,25.0,Dormant (13+ months),83.5,83.5
CUSTOMER_3024,5,Wholesale Trade Accounts,2302,2412,22.0,Dormant (13+ months),83.42,83.42
CUSTOMER_1485,2,Independent Retail Accounts,1912,2412,60.0,Dormant (13+ months),82.58,82.58
CUSTOMER_0045,2,Independent Retail Accounts,2204,2412,32.0,Dormant (13+ months),82.45,82.45
CUSTOMER_2884,4,Commercial Service Accounts,2010,2412,50.0,Dormant (13+ months),78.41,78.41
CUSTOMER_2541,4,Commercial Service Accounts,1801,2412,83.0,Dormant (13+ months),77.4,77.4
CUSTOMER_0018,2,Independent Retail Accounts,1906,2412,66.0,Dormant (13+ months),73.73,73.73
CUSTOMER_1893,2,Independent Retail Accounts,2212,2412,24.0,Dormant (13+ months),72.96,72.96
CUSTOMER_2471,5,Wholesale Trade Accounts,2006,2412,54.0,Dormant (13+ months),63.3,63.3
CUSTOMER_0013,5,Wholesale Trade Accounts,2105,2412,43.0,Dormant (13+ months),62.84,62.84
CUSTOMER_1845,2,Independent Retail Accounts,2012,2412,48.0,Dormant (13+ months),61.58,61.58
CUSTOMER_0055,2,Independent Retail Accounts,2003,2412,57.0,Dormant (13+ months),59.94,59.94
CUSTOMER_2055,2,Independent Retail Accounts,2310,2412,14.0,Dormant (13+ months),56.76,56.76
CUSTOMER_3207,2,Independent Retail Accounts,2104,2412,44.0,Dormant (13+ months),56.69,56.69
CUSTOMER_0062,5,Wholesale Trade Accounts,2309,2412,15.0,Dormant (13+ months),55.32,55.32
CUSTOMER_1260,2,Independent Retail Accounts,1910,2412,62.0,Dormant (13+ months),54.94,54.94
CUSTOMER_0011,2,Independent Retail Accounts,2305,2412,19.0,Dormant (13+ months),47.14,47.14
CUSTOMER_1364,4,Commercial Service Accounts,1907,2412,65.0,Dormant (13+ months),42.42,42.42
CUSTOMER_0277,2,Independent Retail Accounts,2112,2412,36.0,Dormant (13+ months),39.88,39.88
CUSTOMER_0064,5,Wholesale Trade Accounts,2109,2412,39.0,Dormant (13+ months),39.39,39.39
CUSTOMER_0042,5,Wholesale Trade Accounts,2304,2412,20.0,Dormant (13+ months),38.76,38.76
CUSTOMER_0075,1,Unassigned,2302,2412,22.0,Dormant (13+ months),35.49,35.49
CUSTOMER_0060,5,Wholesale Trade Accounts,2002,2412,58.0,Dormant (13+ months),32.74,32.74
CUSTOMER_0028,2,Independent Retail Accounts,2106,2412,42.0,Dormant (13+ months),27.96,27.96
CUSTOMER_1571,2,Independent Retail Accounts,2205,2412,31.0,Dormant (13+ months),22.19,22.19
CUSTOMER_2290,2,Independent Retail Accounts,2203,2412,33.0,Dormant (13+ months),19.2,19.2
CUSTOMER_0065,2,Independent Retail Accounts,2012,2412,48.0,Dormant (13+ months),18.36,18.36
CUSTOMER_0041,5,Wholesale Trade Accounts,2311,2412,13.0,Dormant (13+ months),16.7,16.7
CUSTOMER_1252,4,Commercial Service Accounts,2303,2412,21.0,Dormant (13+ months),15.81,15.81
CUSTOMER_0037,2,Independent Retail Accounts,1906,2412,66.0,Dormant (13+ months),15.21,15.21
CUSTOMER_2103,1,Unassigned,2210,2412,26.0,Dormant (13+ months),15.21,15.21
CUSTOMER_0078,2,Independent Retail Accounts,2204,2412,32.0,Dormant (13+ months),14.31,14.31
CUSTOMER_0052,2,Independent Retail Accounts,1810,2412,74.0,Dormant (13+ months),11.7,11.7
CUSTOMER_0070,5,Wholesale Trade Accounts,2202,2412,34.0,Dormant (13+ months),10.05,10.05
CUSTOMER_0136,5,Wholesale Trade Accounts,2111,2412,37.0,Dormant (13+ months),8.83,8.83
CUSTOMER_0050,5,Wholesale Trade Accounts,2107,2412,41.0,Dormant (13+ months),7.96,7.96
CUSTOMER_0085,5,Wholesale Trade Accounts,1801,2412,83.0,Dormant (13+ months),4.17,4.17
CUSTOMER_0194,2,Independent Retail Accounts,1810,2412,74.0,Dormant (13+ months),0.0,0.0
CUSTOMER_1160,2,Independent Retail Accounts,1806,2412,78.0,Dormant (13+ months),0.0,0.0
CUSTOMER_1255,3,National Retail Chains,1803,2412,81.0,Dormant (13+ months),0.0,0.0
CUSTOMER_2873,4,Commercial Service Accounts,1802,2412,82.0,Dormant (13+ months),0.0,0.0
CUSTOMER_0003,5,Wholesale Trade Accounts,2412,2412,0.0,Active (0-3 months),58691.63,0.0
CUSTOMER_0004,2,Independent Retail Accounts,2412,2412,0.0,Active (0-3 months),99960.6,0.0
CUSTOMER_0006,2,Independent Retail Accounts,2411,2412,1.0,Active (0-3 months),7933.02,0.0
CUSTOMER_0007,2,Independent Retail Accounts,2411,2412,1.0,Active (0-3 months),39930.31,0.0
CUSTOMER_0008,2,Independent Retail Accounts,2411,2412,1.0,Active (0-3 months),3977.03,0.0
CUSTOMER_0010,2,Independent Retail Accounts,2412,2412,0.0,Active (0-3 months),4148.52,0.0
CUSTOMER_0012,2,Independent Retail Accounts,2412,2412,0.0,Active (0-3 months),1105.78,0.0
CUSTOMER_0016,5,Wholesale Trade Accounts,2412,2412,0.0,Active (0-3 months),166.93,0.0
CUSTOMER_0019,2,Independent Retail Accounts,2412,2412,0.0,Active (0-3 months),2786.16,0.0
CUSTOMER_0020,99,Inactive / Closed Accounts,2412,2412,0.0,Active (0-3 months),31868.47,0.0
CUSTOMER_0021,2,Independent Retail Accounts,2412,2412,0.0,Active (0-3 months),30579.76,0.0
CUSTOMER_0023,54,Retail Cooperative Network,2409,2412,3.0,Active (0-3 months),3097.78,0.0
CUSTOMER_0024,54,Retail Cooperative Network,2412,2412,0.0,Active (0-3 months),11468.07,0.0
CUSTOMER_0025,2,Independent Retail Accounts,2412,2412,0.0,Active (0-3 months),1509.03,0.0
CUSTOMER_0026,5,Wholesale Trade Accounts,2409,2412,3.0,Active (0-3 months),1206.19,0.0
CUSTOMER_0029,54,Retail Cooperative Network,2412,2412,0.0,Active (0-3 months),35337.0,0.0
CUSTOMER_0030,5,Wholesale Trade Accounts,2411,2412,1.0,Active (0-3 months),357.77,0.0
CUSTOMER_0031,5,Wholesale Trade Accounts,2412,2412,0.0,Active (0-3 months),2626.03,0.0
CUSTOMER_0034,2,Independent Retail Accounts,2412,2412,0.0,Active (0-3 months),200.64,0.0
CUSTOMER_0036,1,Unassigned,2411,2412,1.0,Active (0-3 months),2288.67,0.0
CUSTOMER_0038,5,Wholesale Trade Accounts,2409,2412,3.0,Active (0-3 months),1153.44,0.0
CUSTOMER_0040,2,Independent Retail Accounts,2409,2412,3.0,Active (0-3 months),92.51,0.0
CUSTOMER_0044,2,Independent Retail Accounts,2411,2412,1.0,Active (0-3 months),3614.91,0.0
CUSTOMER_0047,5,Wholesale Trade Accounts,2409,2412,3.0,Active (0-3 months),156.55,0.0
CUSTOMER_0057,5,Wholesale Trade Accounts,2412,2412,0.0,Active (0-3 months),54834.5,0.0
CUSTOMER_0067,5,Wholesale Trade Accounts,2412,2412,0.0,Active (0-3 months),16.85,0.0
CUSTOMER_0071,1,Unassigned,2410,2412,2.0,Active (0-3 months),250.9,0.0
CUSTOMER_0072,5,Wholesale Trade Accounts,2412,2412,0.0,Active (0-3 months),2754.35,0.0
CUSTOMER_0077,5,Wholesale Trade Accounts,2412,2412,0.0,Active (0-3 months),598.61,0.0
CUSTOMER_0080,2,Independent Retail Accounts,2412,2412,0.0,Active (0-3 months),1092.81,0.0
CUSTOMER_0081,2,Independent Retail Accounts,2412,2412,0.0,Active (0-3 months),62326.32,0.0
CUSTOMER_0087,2,Independent Retail Accounts,2412,2412,0.0,Active (0-3 months),54502.03,0.0
CUSTOMER_0088,2,Independent Retail Accounts,2412,2412,0.0,Active (0-3 months),108640.88,0.0
CUSTOMER_0089,2,Independent Retail Accounts,2412,2412,0.0,Active (0-3 months),83354.12,0.0
CUSTOMER_0090,2,Independent Retail Accounts,2412,2412,0.0,Active (0-3 months),68400.82,0.0
CUSTOMER_0091,2,Independent Retail Accounts,2412,2412,0.0,Active (0-3 months),37919.92,0.0
CUSTOMER_0092,2,Independent Retail Accounts,2412,2412,0.0,Active (0-3 months),35625.5,0.0
CUSTOMER_0093,2,Independent Retail Accounts,2412,2412,0.0,Active (0-3 months),76822.63,0.0
CUSTOMER_0094,2,Independent Retail Accounts,2411,2412,1.0,Active (0-3 months),8056.08,0.0
CUSTOMER_0098,2,Independent Retail Accounts,2412,2412,0.0,Active (0-3 months),98475.53,0.0
CUSTOMER_0099,2,Independent Retail Accounts,2412,2412,0.0,Active (0-3 months),136086.26,0.0
CUSTOMER_0100,2,Independent Retail Accounts,2412,2412,0.0,Active (0-3 months),136213.18,0.0
CUSTOMER_0101,2,Independent Retail Accounts,2412,2412,0.0,Active (0-3 months),38818.42,0.0
CUSTOMER_0102,11,Manufacturing Partners,2410,2412,2.0,Active (0-3 months),334.69,0.0
CUSTOMER_0103,2,Independent Retail Accounts,2412,2412,0.0,Active (0-3 months),107453.36,0.0
CUSTOMER_0104,2,Independent Retail Accounts,2411,2412,1.0,Active (0-3 months),24031.46,0.0
CUSTOMER_0105,2,Independent Retail Accounts,2412,2412,0.0,Active (0-3 months),160014.69,0.0
CUSTOMER_0107,5,Wholesale Trade Accounts,2412,2412,0.0,Active (0-3 months),450.24,0.0
CUSTOMER_0109,2,Independent Retail Accounts,2411,2412,1.0,Active (0-3 months),44263.89,0.0
CUSTOMER_0110,2,Independent Retail Accounts,2412,2412,0.0,Active (0-3 months),9732.38,0.0
CUSTOMER_0111,2,Independent Retail Accounts,2412,2412,0.0,Active (0-3 months),176335.89,0.0
CUSTOMER_0112,2,Independent Retail Accounts,2410,2412,2.0,Active (0-3 months),3309.19,0.0
CUSTOMER_0113,2,Independent Retail Accounts,2412,2412,0.0,Active (0-3 months),51231.82,0.0
CUSTOMER_0114,2,Independent Retail Accounts,2412,2412,0.0,Active (0-3 months),51297.28,0.0
CUSTOMER_0118,5,Wholesale Trade Accounts,2412,2412,0.0,Active (0-3 months),208299.29,0.0
CUSTOMER_0119,2,Independent Retail Accounts,2412,2412,0.0,Active (0-3 months),56531.23,0.0
CUSTOMER_0121,68,Regional Multi-Unit Retail Chain,2412,2412,0.0,Active (0-3 months),563001.61,0.0
CUSTOMER_0122,68,Regional Multi-Unit Retail Chain,2412,2412,0.0,Active (0-3 months),823738.98,0.0
CUSTOMER_0123,68,Regional Multi-Unit Retail Chain,2412,2412,0.0,Active (0-3 months),712184.77,0.0
CUSTOMER_0124,68,Regional Multi-Unit Retail Chain,2412,2412,0.0,Active (0-3 months),724428.96,0.0
CUSTOMER_0127,2,Independent Retail Accounts,2411,2412,1.0,Active (0-3 months),4027.92,0.0
CUSTOMER_0128,2,Independent Retail Accounts,2412,2412,0.0,Active (0-3 months),263408.81,0.0
CUSTOMER_0130,2,Independent Retail Accounts,2412,2412,0.0,Active (0-3 months),4961.98,0.0
CUSTOMER_0132,1,Unassigned,2411,2412,1.0,Active (0-3 months),1201.15,0.0
CUSTOMER_0133,54,Retail Cooperative Network,2412,2412,0.0,Active (0-3 months),33998.91,0.0
CUSTOMER_0137,4,Commercial Service Accounts,2412,2412,0.0,Active (0-3 months),14868.22,0.0
CUSTOMER_0138,2,Independent Retail Accounts,2412,2412,0.0,Active (0-3 months),1166.66,0.0
CUSTOMER_0141,2,Independent Retail Accounts,2412,2412,0.0,Active (0-3 months),47232.07,0.0
CUSTOMER_0142,2,Independent Retail Accounts,2412,2412,0.0,Active (0-3 months),22283.38,0.0
CUSTOMER_0143,2,Independent Retail Accounts,2412,2412,0.0,Active (0-3 months),68188.59,0.0
CUSTOMER_0144,2,Independent Retail Accounts,2412,2412,0.0,Active (0-3 months),43089.71,0.0
CUSTOMER_0145,2,Independent Retail Accounts,2412,2412,0.0,Active (0-3 months),45629.5,0.0
CUSTOMER_0146,2,Independent Retail Accounts,2412,2412,0.0,Active (0-3 months),325837.07,0.0
CUSTOMER_0147,2,Independent Retail Accounts,2412,2412,0.0,Active (0-3 months),119104.01,0.0
CUSTOMER_0150,2,Independent Retail Accounts,2410,2412,2.0,Active (0-3 months),80096.09,0.0
CUSTOMER_0152,4,Commercial Service Accounts,2412,2412,0.0,Active (0-3 months),9921.4,0.0
CUSTOMER_0153,4,Commercial Service Accounts,2412,2412,0.0,Active (0-3 months),60928.61,0.0
CUSTOMER_0155,5,Wholesale Trade Accounts,2412,2412,0.0,Active (0-3 months),95222.34,0.0
CUSTOMER_0159,2,Independent Retail Accounts,2412,2412,0.0,Active (0-3 months),121079.34,0.0
CUSTOMER_0161,2,Independent Retail Accounts,2412,2412,0.0,Active (0-3 months),95953.26,0.0
CUSTOMER_0162,11,Manufacturing Partners,2412,2412,0.0,Active (0-3 months),208.27,0.0
CUSTOMER_0166,2,Independent Retail Accounts,2412,2412,0.0,Active (0-3 months),55346.78,0.0
CUSTOMER_0168,5,Wholesale Trade Accounts,2412,2412,0.0,Active (0-3 months),1553.35,0.0
CUSTOMER_0171,2,Independent Retail Accounts,2412,2412,0.0,Active (0-3 months),208030.32,0.0
CUSTOMER_0173,2,Independent Retail Accounts,2412,2412,0.0,Active (0-3 months),230387.58,0.0
CUSTOMER_0174,5,Wholesale Trade Accounts,2411,2412,1.0,Active (0-3 months),20489.19,0.0
CUSTOMER_0178,2,Independent Retail Accounts,2412,2412,0.0,Active (0-3 months),191533.74,0.0
CUSTOMER_0180,2,Independent Retail Accounts,2412,2412,0.0,Active (0-3 months),123659.91,0.0
CUSTOMER_0181,2,Independent Retail Accounts,2412,2412,0.0,Active (0-3 months),27233.62,0.0
CUSTOMER_0182,2,Independent Retail Accounts,2412,2412,0.0,Active (0-3 months),30714.59,0.0
CUSTOMER_0183,2,Independent Retail Accounts,2412,2412,0.0,Active (0-3 months),10561.4,0.0
CUSTOMER_0184,2,Independent Retail Accounts,2411,2412,1.0,Active (0-3 months),1929.14,0.0
CUSTOMER_0185,2,Independent Retail Accounts,2412,2412,0.0,Active (0-3 months),87115.1,0.0
CUSTOMER_0186,2,Independent Retail Accounts,2412,2412,0.0,Active (0-3 months),66767.92,0.0
CUSTOMER_0188,2,Independent Retail Accounts,2411,2412,1.0,Active (0-3 months),18746.1,0.0
CUSTOMER_0189,2,Independent Retail Accounts,2412,2412,0.0,Active (0-3 months),7622.7,0.0
CUSTOMER_0192,2,Independent Retail Accounts,2412,2412,0.0,Active (0-3 months),88121.06,0.0
CUSTOMER_0195,2,Independent Retail Accounts,2412,2412,0.0,Active (0-3 months),14577.16,0.0
CUSTOMER_0198,2,Independent Retail Accounts,2412,2412,0.0,Active (0-3 months),232582.38,0.0
CUSTOMER_0199,2,Independent Retail Accounts,2412,2412,0.0,Active (0-3 months),121172.36,0.0
CUSTOMER_0201,2,Independent Retail Accounts,2412,2412,0.0,Active (0-3 months),8410.25,0.0
CUSTOMER_0202,2,Independent Retail Accounts,2412,2412,0.0,Active (0-3 months),53157.69,0.0
CUSTOMER_0203,2,Independent Retail Accounts,2412,2412,0.0,Active (0-3 months),61866.64,0.0
CUSTOMER_0204,2,Independent Retail Accounts,2412,2412,0.0,Active (0-3 months),41463.56,0.0
CUSTOMER_0205,5,Wholesale Trade Accounts,2410,2412,2.0,Active (0-3 months),142878.94,0.0
CUSTOMER_0207,2,Independent Retail Accounts,2412,2412,0.0,Active (0-3 months),35181.99,0.0
CUSTOMER_0211,2,Independent Retail Accounts,2412,2412,0.0,Active (0-3 months),21018.27,0.0
CUSTOMER_0213,2,Independent Retail Accounts,2412,2412,0.0,Active (0-3 months),95013.95,0.0
CUSTOMER_0217,2,Independent Retail Accounts,2412,2412,0.0,Active (0-3 months),12400.02,0.0
CUSTOMER_0218,2,Independent Retail Accounts,2412,2412,0.0,Active (0-3 months),18012.75,0.0
CUSTOMER_0219,2,Independent Retail Accounts,2412,2412,0.0,Active (0-3 months),42763.36,0.0
CUSTOMER_0221,2,Independent Retail Accounts,2412,2412,0.0,Active (0-3 months),17658.49,0.0
CUSTOMER_0222,2,Independent Retail Accounts,2412,2412,0.0,Active (0-3 months),26049.97,0.0
CUSTOMER_0223,2,Independent Retail Accounts,2412,2412,0.0,Active (0-3 months),10153.91,0.0
CUSTOMER_0224,5,Wholesale Trade Accounts,2412,2412,0.0,Active (0-3 months),141522.79,0.0
CUSTOMER_0226,2,Independent Retail Accounts,2412,2412,0.0,Active (0-3 months),46304.93,0.0
CUSTOMER_0228,42,Independent Distribution Partner,2412,2412,0.0,Active (0-3 months),112778.36,0.0
CUSTOMER_0229,2,Independent Retail Accounts,2410,2412,2.0,Active (0-3 months),1085.87,0.0
CUSTOMER_0230,2,Independent Retail Accounts,2412,2412,0.0,Active (0-3 months),76510.83,0.0
CUSTOMER_0233,2,Independent Retail Accounts,2412,2412,0.0,Active (0-3 months),102510.23,0.0
CUSTOMER_0235,3,National Retail Chains,2412,2412,0.0,Active (0-3 months),89942.47,0.0
CUSTOMER_0236,3,National Retail Chains,2412,2412,0.0,Active (0-3 months),65270.99,0.0
CUSTOMER_0237,54,Retail Cooperative Network,2411,2412,1.0,Active (0-3 months),26209.28,0.0
CUSTOMER_0242,2,Independent Retail Accounts,2412,2412,0.0,Active (0-3 months),9325.14,0.0
CUSTOMER_0243,2,Independent Retail Accounts,2412,2412,0.0,Active (0-3 months),142028.6,0.0
CUSTOMER_0247,2,Independent Retail Accounts,2412,2412,0.0,Active (0-3 months),72875.11,0.0
CUSTOMER_0248,2,Independent Retail Accounts,2412,2412,0.0,Active (0-3 months),141831.26,0.0
CUSTOMER_0255,2,Independent Retail Accounts,2412,2412,0.0,Active (0-3 months),9880.57,0.0
CUSTOMER_0257,2,Independent Retail Accounts,2410,2412,2.0,Active (0-3 months),1820.02,0.0
CUSTOMER_0258,2,Independent Retail Accounts,2412,2412,0.0,Active (0-3 months),202274.35,0.0
CUSTOMER_0264,2,Independent Retail Accounts,2412,2412,0.0,Active (0-3 months),467.06,0.0
CUSTOMER_0266,2,Independent Retail Accounts,2412,2412,0.0,Active (0-3 months),1452.75,0.0
CUSTOMER_0269,2,Independent Retail Accounts,2412,2412,0.0,Active (0-3 months),23284.98,0.0
CUSTOMER_0270,2,Independent Retail Accounts,2412,2412,0.0,Active (0-3 months),75762.6,0.0
CUSTOMER_0271,2,Independent Retail Accounts,2412,2412,0.0,Active (0-3 months),122190.58,0.0
CUSTOMER_0272,2,Independent Retail Accounts,2412,2412,0.0,Active (0-3 months),40155.07,0.0
CUSTOMER_0276,2,Independent Retail Accounts,2410,2412,2.0,Active (0-3 months),20074.87,0.0
CUSTOMER_0278,2,Independent Retail Accounts,2412,2412,0.0,Active (0-3 months),129616.14,0.0
CUSTOMER_0280,52,Specialty Goods Retailer,2412,2412,0.0,Active (0-3 months),218774.65,0.0
CUSTOMER_0281,2,Independent Retail Accounts,2412,2412,0.0,Active (0-3 months),28900.14,0.0
CUSTOMER_0282,2,Independent Retail Accounts,2412,2412,0.0,Active (0-3 months),52653.63,0.0
CUSTOMER_0287,2,Independent Retail Accounts,2412,2412,0.0,Active (0-3 months),297200.56,0.0
CUSTOMER_0288,2,Independent Retail Accounts,2412,2412,0.0,Active (0-3 months),25224.85,0.0
CUSTOMER_0290,2,Independent Retail Accounts,2412,2412,0.0,Active (0-3 months),23378.09,0.0
CUSTOMER_0291,2,Independent Retail Accounts,2412,2412,0.0,Active (0-3 months),34122.17,0.0
CUSTOMER_0292,2,Independent Retail Accounts,2412,2412,0.0,Active (0-3 months),51410.41,0.0
CUSTOMER_0294,5,Wholesale Trade Accounts,2411,2412,1.0,Active (0-3 months),186352.93,0.0
CUSTOMER_0296,2,Independent Retail Accounts,2412,2412,0.0,Active (0-3 months),19203.16,0.0
CUSTOMER_0297,2,Independent Retail Accounts,2412,2412,0.0,Active (0-3 months),32894.59,0.0
CUSTOMER_0299,2,Independent Retail Accounts,2412,2412,0.0,Active (0-3 months),18116.58,0.0
CUSTOMER_0300,2,Independent Retail Accounts,2412,2412,0.0,Active (0-3 months),61504.24,0.0
CUSTOMER_0302,2,Independent Retail Accounts,2412,2412,0.0,Active (0-3 months),53483.28,0.0
CUSTOMER_0303,2,Independent Retail Accounts,2412,2412,0.0,Active (0-3 months),79097.4,0.0
CUSTOMER_0304,2,Independent Retail Accounts,2412,2412,0.0,Active (0-3 months),80965.81,0.0
CUSTOMER_0305,2,Independent Retail Accounts,2409,2412,3.0,Active (0-3 months),3973.26,0.0
CUSTOMER_0306,4,Commercial Service Accounts,2410,2412,2.0,Active (0-3 months),12670.35,0.0
CUSTOMER_0307,5,Wholesale Trade Accounts,2412,2412,0.0,Active (0-3 months),84832.65,0.0
CUSTOMER_0311,10,Unassigned – Legacy,2412,2412,0.0,Active (0-3 months),522.42,0.0
CUSTOMER_0314,5,Wholesale Trade Accounts,2411,2412,1.0,Active (0-3 months),14964.29,0.0
CUSTOMER_0316,2,Independent Retail Accounts,2412,2412,0.0,Active (0-3 months),52557.08,0.0
CUSTOMER_0317,4,Commercial Service Accounts,2410,2412,2.0,Active (0-3 months),5180.77,0.0
CUSTOMER_0318,2,Independent Retail Accounts,2412,2412,0.0,Active (0-3 months),46958.11,0.0
CUSTOMER_0319,2,Independent Retail Accounts,2412,2412,0.0,Active (0-3 months),44797.87,0.0
CUSTOMER_0322,2,Independent Retail Accounts,2412,2412,0.0,Active (0-3 months),18835.91,0.0
CUSTOMER_0326,2,Independent Retail Accounts,2412,2412,0.0,Active (0-3 months),96676.29,0.0
CUSTOMER_0328,2,Independent Retail Accounts,2412,2412,0.0,Active (0-3 months),50131.01,0.0
CUSTOMER_0329,2,Independent Retail Accounts,2412,2412,0.0,Active (0-3 months),11480.83,0.0
CUSTOMER_0330,2,Independent Retail Accounts,2412,2412,0.0,Active (0-3 months),3393.62,0.0
CUSTOMER_0332,2,Independent Retail Accounts,2412,2412,0.0,Active (0-3 months),2061.4,0.0
CUSTOMER_0336,48,Specialty Beverage Retailer,2412,2412,0.0,Active (0-3 months),37216.17,0.0
CUSTOMER_0338,48,Specialty Beverage Retailer,2412,2412,0.0,Active (0-3 months),17077.6,0.0
CUSTOMER_0339,2,Independent Retail Accounts,2412,2412,0.0,Active (0-3 months),28137.56,0.0
CUSTOMER_0340,2,Independent Retail Accounts,2412,2412,0.0,Active (0-3 months),226065.68,0.0
CUSTOMER_0341,2,Independent Retail Accounts,2411,2412,1.0,Active (0-3 months),3802.82,0.0
CUSTOMER_0343,48,Specialty Beverage Retailer,2412,2412,0.0,Active (0-3 months),35743.09,0.0
CUSTOMER_0344,48,Specialty Beverage Retailer,2412,2412,0.0,Active (0-3 months),17511.37,0.0
CUSTOMER_0346,2,Independent Retail Accounts,2412,2412,0.0,Active (0-3 months),17822.24,0.0
CUSTOMER_0347,48,Specialty Beverage Retailer,2412,2412,0.0,Active (0-3 months),18064.77,0.0
CUSTOMER_0348,48,Specialty Beverage Retailer,2412,2412,0.0,Active (0-3 months),17512.37,0.0
CUSTOMER_0350,48,Specialty Beverage Retailer,2412,2412,0.0,Active (0-3 months),15361.88,0.0
CUSTOMER_0351,48,Specialty Beverage Retailer,2412,2412,0.0,Active (0-3 months),25333.07,0.0
CUSTOMER_0352,48,Specialty Beverage Retailer,2412,2412,0.0,Active (0-3 months),24547.93,0.0
CUSTOMER_0353,2,Independent Retail Accounts,2411,2412,1.0,Active (0-3 months),1672.08,0.0
CUSTOMER_0354,2,Independent Retail Accounts,2412,2412,0.0,Active (0-3 months),48520.2,0.0
CUSTOMER_0357,2,Independent Retail Accounts,2412,2412,0.0,Active (0-3 months),70661.07,0.0
CUSTOMER_0361,2,Independent Retail Accounts,2412,2412,0.0,Active (0-3 months),105464.83,0.0
CUSTOMER_0362,3,National Retail Chains,2412,2412,0.0,Active (0-3 months),72860.5,0.0
CUSTOMER_0363,5,Wholesale Trade Accounts,2410,2412,2.0,Active (0-3 months),27688.77,0.0
CUSTOMER_0364,2,Independent Retail Accounts,2412,2412,0.0,Active (0-3 months),31666.04,0.0
CUSTOMER_0367,2,Independent Retail Accounts,2412,2412,0.0,Active (0-3 months),139260.92,0.0
CUSTOMER_0368,2,Independent Retail Accounts,2410,2412,2.0,Active (0-3 months),17935.47,0.0
CUSTOMER_0373,2,Independent Retail Accounts,2412,2412,0.0,Active (0-3 months),42361.22,0.0
CUSTOMER_0374,56,National Retail Affiliate,2412,2412,0.0,Active (0-3 months),7592.59,0.0
CUSTOMER_0375,54,Retail Cooperative Network,2410,2412,2.0,Active (0-3 months),18635.24,0.0
CUSTOMER_0376,54,Retail Cooperative Network,2412,2412,0.0,Active (0-3 months),130643.58,0.0
CUSTOMER_0378,3,National Retail Chains,2410,2412,2.0,Active (0-3 months),4045.5,0.0
CUSTOMER_0379,54,Retail Cooperative Network,2412,2412,0.0,Active (0-3 months),31325.4,0.0
CUSTOMER_0380,54,Retail Cooperative Network,2412,2412,0.0,Active (0-3 months),91625.01,0.0
CUSTOMER_0381,2,Independent Retail Accounts,2412,2412,0.0,Active (0-3 months),15596.93,0.0
CUSTOMER_0382,2,Independent Retail Accounts,2412,2412,0.0,Active (0-3 months),43569.4,0.0
CUSTOMER_0383,2,Independent Retail Accounts,2412,2412,0.0,Active (0-3 months),75278.16,0.0
CUSTOMER_0385,2,Independent Retail Accounts,2412,2412,0.0,Active (0-3 months),33254.1,0.0
CUSTOMER_0387,2,Independent Retail Accounts,2412,2412,0.0,Active (0-3 months),109670.67,0.0
CUSTOMER_0388,54,Retail Cooperative Network,2412,2412,0.0,Active (0-3 months),30628.8,0.0
CUSTOMER_0389,2,Independent Retail Accounts,2412,2412,0.0,Active (0-3 months),28884.65,0.0
CUSTOMER_0393,2,Independent Retail Accounts,2409,2412,3.0,Active (0-3 months),4034.28,0.0
CUSTOMER_0395,54,Retail Cooperative Network,2410,2412,2.0,Active (0-3 months),2695.05,0.0
CUSTOMER_0400,2,Independent Retail Accounts,2412,2412,0.0,Active (0-3 months),22273.32,0.0
CUSTOMER_0401,2,Independent Retail Accounts,2412,2412,0.0,Active (0-3 months),13168.36,0.0
CUSTOMER_0405,2,Independent Retail Accounts,2412,2412,0.0,Active (0-3 months),52441.67,0.0
CUSTOMER_0407,45,Boutique Retail Operator,2412,2412,0.0,Active (0-3 months),78183.94,0.0
CUSTOMER_0409,45,Boutique Retail Operator,2412,2412,0.0,Active (0-3 months),43778.56,0.0
CUSTOMER_0410,2,Independent Retail Accounts,2412,2412,0.0,Active (0-3 months),2917.02,0.0
CUSTOMER_0411,54,Retail Cooperative Network,2412,2412,0.0,Active (0-3 months),263982.31,0.0
CUSTOMER_0413,3,National Retail Chains,2412,2412,0.0,Active (0-3 months),88424.1,0.0
CUSTOMER_0415,2,Independent Retail Accounts,2412,2412,0.0,Active (0-3 months),41761.49,0.0
CUSTOMER_0416,2,Independent Retail Accounts,2412,2412,0.0,Active (0-3 months),343604.5,0.0
CUSTOMER_0417,2,Independent Retail Accounts,2412,2412,0.0,Active (0-3 months),184011.75,0.0
CUSTOMER_0418,3,National Retail Chains,2412,2412,0.0,Active (0-3 months),52715.83,0.0
CUSTOMER_0419,3,National Retail Chains,2412,2412,0.0,Active (0-3 months),19001.44,0.0
CUSTOMER_0421,2,Independent Retail Accounts,2412,2412,0.0,Active (0-3 months),49968.06,0.0
CUSTOMER_0424,2,Independent Retail Accounts,2412,2412,0.0,Active (0-3 months),476866.96,0.0
CUSTOMER_0430,2,Independent Retail Accounts,2412,2412,0.0,Active (0-3 months),27255.51,0.0
CUSTOMER_0434,2,Independent Retail Accounts,2412,2412,0.0,Active (0-3 months),1882.98,0.0
CUSTOMER_0435,2,Independent Retail Accounts,2412,2412,0.0,Active (0-3 months),207659.83,0.0
CUSTOMER_0436,2,Independent Retail Accounts,2412,2412,0.0,Active (0-3 months),193131.71,0.0
CUSTOMER_0442,4,Commercial Service Accounts,2411,2412,1.0,Active (0-3 months),5829.78,0.0
CUSTOMER_0443,2,Independent Retail Accounts,2412,2412,0.0,Active (0-3 months),26782.33,0.0
CUSTOMER_0444,2,Independent Retail Accounts,2412,2412,0.0,Active (0-3 months),8021.96,0.0
CUSTOMER_0445,2,Independent Retail Accounts,2412,2412,0.0,Active (0-3 months),4082.59,0.0
CUSTOMER_0447,2,Independent Retail Accounts,2412,2412,0.0,Active (0-3 months),51135.22,0.0
CUSTOMER_0449,2,Independent Retail Accounts,2411,2412,1.0,Active (0-3 months),19743.56,0.0
CUSTOMER_0450,2,Independent Retail Accounts,2411,2412,1.0,Active (0-3 months),44488.95,0.0
CUSTOMER_0451,5,Wholesale Trade Accounts,2412,2412,0.0,Active (0-3 months),401.58,0.0
CUSTOMER_0452,2,Independent Retail Accounts,2412,2412,0.0,Active (0-3 months),180707.09,0.0
CUSTOMER_0453,5,Wholesale Trade Accounts,2410,2412,2.0,Active (0-3 months),69753.71,0.0
CUSTOMER_0454,2,Independent Retail Accounts,2410,2412,2.0,Active (0-3 months),4402.39,0.0
CUSTOMER_0455,2,Independent Retail Accounts,2412,2412,0.0,Active (0-3 months),18559.83,0.0
CUSTOMER_0456,2,Independent Retail Accounts,2412,2412,0.0,Active (0-3 months),8875.28,0.0
CUSTOMER_0457,5,Wholesale Trade Accounts,2412,2412,0.0,Active (0-3 months),10968.94,0.0
CUSTOMER_0458,5,Wholesale Trade Accounts,2412,2412,0.0,Active (0-3 months),459376.73,0.0
CUSTOMER_0459,2,Independent Retail Accounts,2412,2412,0.0,Active (0-3 months),676.33,0.0
CUSTOMER_0460,2,Independent Retail Accounts,2409,2412,3.0,Active (0-3 months),2188.49,0.0
CUSTOMER_0462,2,Independent Retail Accounts,2411,2412,1.0,Active (0-3 months),833.15,0.0
CUSTOMER_0465,5,Wholesale Trade Accounts,2412,2412,0.0,Active (0-3 months),683544.55,0.0
CUSTOMER_0466,2,Independent Retail Accounts,2412,2412,0.0,Active (0-3 months),203251.09,0.0
CUSTOMER_0468,2,Independent Retail Accounts,2412,2412,0.0,Active (0-3 months),7834.35,0.0
CUSTOMER_0469,2,Independent Retail Accounts,2412,2412,0.0,Active (0-3 months),44940.37,0.0
CUSTOMER_0470,2,Independent Retail Accounts,2412,2412,0.0,Active (0-3 months),11267.01,0.0
CUSTOMER_0471,2,Independent Retail Accounts,2412,2412,0.0,Active (0-3 months),2454.05,0.0
CUSTOMER_0473,2,Independent Retail Accounts,2410,2412,2.0,Active (0-3 months),11055.07,0.0
CUSTOMER_0474,2,Independent Retail Accounts,2412,2412,0.0,Active (0-3 months),17610.37,0.0
CUSTOMER_0475,2,Independent Retail Accounts,2410,2412,2.0,Active (0-3 months),18426.76,0.0
CUSTOMER_0476,2,Independent Retail Accounts,2412,2412,0.0,Active (0-3 months),135847.2,0.0
CUSTOMER_0478,2,Independent Retail Accounts,2412,2412,0.0,Active (0-3 months),22774.67,0.0
CUSTOMER_0480,5,Wholesale Trade Accounts,2412,2412,0.0,Active (0-3 months),49958.37,0.0
CUSTOMER_0481,2,Independent Retail Accounts,2412,2412,0.0,Active (0-3 months),2561.75,0.0
CUSTOMER_0482,2,Independent Retail Accounts,2412,2412,0.0,Active (0-3 months),8613.07,0.0
CUSTOMER_0483,2,Independent Retail Accounts,2412,2412,0.0,Active (0-3 months),4862.02,0.0
CUSTOMER_0485,2,Independent Retail Accounts,2411,2412,1.0,Active (0-3 months),23643.08,0.0
CUSTOMER_0486,2,Independent Retail Accounts,2411,2412,1.0,Active (0-3 months),10294.55,0.0
CUSTOMER_0487,14,Specialty Retail – Small Format,2410,2412,2.0,Active (0-3 months),1331.49,0.0
CUSTOMER_0488,2,Independent Retail Accounts,2412,2412,0.0,Active (0-3 months),484330.65,0.0
CUSTOMER_0489,2,Independent Retail Accounts,2412,2412,0.0,Active (0-3 months),7991.69,0.0
CUSTOMER_0491,5,Wholesale Trade Accounts,2412,2412,0.0,Active (0-3 months),294127.94,0.0
CUSTOMER_0492,2,Independent Retail Accounts,2412,2412,0.0,Active (0-3 months),160534.77,0.0
CUSTOMER_0494,2,Independent Retail Accounts,2412,2412,0.0,Active (0-3 months),13544.21,0.0
CUSTOMER_0495,2,Independent Retail Accounts,2412,2412,0.0,Active (0-3 months),11275.14,0.0
CUSTOMER_0496,2,Independent Retail Accounts,2410,2412,2.0,Active (0-3 months),3967.23,0.0
CUSTOMER_0497,5,Wholesale Trade Accounts,2410,2412,2.0,Active (0-3 months),23956.86,0.0
CUSTOMER_0498,2,Independent Retail Accounts,2412,2412,0.0,Active (0-3 months),137183.28,0.0
CUSTOMER_0499,2,Independent Retail Accounts,2412,2412,0.0,Active (0-3 months),45813.15,0.0
CUSTOMER_0502,2,Independent Retail Accounts,2412,2412,0.0,Active (0-3 months),2845.21,0.0
CUSTOMER_0503,5,Wholesale Trade Accounts,2412,2412,0.0,Active (0-3 months),221681.48,0.0
CUSTOMER_0504,2,Independent Retail Accounts,2412,2412,0.0,Active (0-3 months),354927.65,0.0
CUSTOMER_0509,2,Independent Retail Accounts,2412,2412,0.0,Active (0-3 months),7554.55,0.0
CUSTOMER_0513,2,Independent Retail Accounts,2412,2412,0.0,Active (0-3 months),54880.96,0.0
CUSTOMER_0516,2,Independent Retail Accounts,2412,2412,0.0,Active (0-3 months),17680.12,0.0
CUSTOMER_0518,2,Independent Retail Accounts,2412,2412,0.0,Active (0-3 months),34632.56,0.0
CUSTOMER_0520,2,Independent Retail Accounts,2412,2412,0.0,Active (0-3 months),52580.5,0.0
CUSTOMER_0521,2,Independent Retail Accounts,2412,2412,0.0,Active (0-3 months),50547.58,0.0
CUSTOMER_0522,2,Independent Retail Accounts,2412,2412,0.0,Active (0-3 months),94486.19,0.0
CUSTOMER_0523,2,Independent Retail Accounts,2412,2412,0.0,Active (0-3 months),119730.68,0.0
CUSTOMER_0526,2,Independent Retail Accounts,2412,2412,0.0,Active (0-3 months),26593.13,0.0
CUSTOMER_0529,5,Wholesale Trade Accounts,2412,2412,0.0,Active (0-3 months),188685.31,0.0
CUSTOMER_0542,40,Suburban Independent Retailer,2412,2412,0.0,Active (0-3 months),73179.01,0.0
CUSTOMER_0544,2,Independent Retail Accounts,2412,2412,0.0,Active (0-3 months),29766.75,0.0
CUSTOMER_0545,5,Wholesale Trade Accounts,2412,2412,0.0,Active (0-3 months),652.33,0.0
CUSTOMER_0546,2,Independent Retail Accounts,2412,2412,0.0,Active (0-3 months),9968.73,0.0
CUSTOMER_0549,2,Independent Retail Accounts,2412,2412,0.0,Active (0-3 months),35422.45,0.0
CUSTOMER_0551,2,Independent Retail Accounts,2411,2412,1.0,Active (0-3 months),11700.33,0.0
CUSTOMER_0552,2,Independent Retail Accounts,2412,2412,0.0,Active (0-3 months),12636.05,0.0
CUSTOMER_0553,2,Independent Retail Accounts,2410,2412,2.0,Active (0-3 months),7999.48,0.0
CUSTOMER_0554,5,Wholesale Trade Accounts,2412,2412,0.0,Active (0-3 months),44015.22,0.0
CUSTOMER_0557,2,Independent Retail Accounts,2410,2412,2.0,Active (0-3 months),8064.61,0.0
CUSTOMER_0560,2,Independent Retail Accounts,2412,2412,0.0,Active (0-3 months),22777.69,0.0
CUSTOMER_0561,54,Retail Cooperative Network,2412,2412,0.0,Active (0-3 months),36001.11,0.0
CUSTOMER_0563,2,Independent Retail Accounts,2412,2412,0.0,Active (0-3 months),173183.05,0.0
CUSTOMER_0567,54,Retail Cooperative Network,2412,2412,0.0,Active (0-3 months),3144.66,0.0
CUSTOMER_0568,2,Independent Retail Accounts,2412,2412,0.0,Active (0-3 months),3246.71,0.0
CUSTOMER_0570,2,Independent Retail Accounts,2412,2412,0.0,Active (0-3 months),32590.37,0.0
CUSTOMER_0574,2,Independent Retail Accounts,2412,2412,0.0,Active (0-3 months),283498.38,0.0
CUSTOMER_0578,2,Independent Retail Accounts,2412,2412,0.0,Active (0-3 months),30588.13,0.0
CUSTOMER_0580,2,Independent Retail Accounts,2412,2412,0.0,Active (0-3 months),58948.57,0.0
CUSTOMER_0583,54,Retail Cooperative Network,2412,2412,0.0,Active (0-3 months),27287.71,0.0
CUSTOMER_0584,2,Independent Retail Accounts,2410,2412,2.0,Active (0-3 months),1303.88,0.0
CUSTOMER_0585,5,Wholesale Trade Accounts,2411,2412,1.0,Active (0-3 months),3987.96,0.0
CUSTOMER_0587,2,Independent Retail Accounts,2412,2412,0.0,Active (0-3 months),19589.22,0.0
CUSTOMER_0589,2,Independent Retail Accounts,2412,2412,0.0,Active (0-3 months),15289.75,0.0
CUSTOMER_0595,2,Independent Retail Accounts,2412,2412,0.0,Active (0-3 months),18060.19,0.0
CUSTOMER_0596,2,Independent Retail Accounts,2412,2412,0.0,Active (0-3 months),216064.78,0.0
CUSTOMER_0598,14,Specialty Retail – Small Format,2410,2412,2.0,Active (0-3 months),1654.56,0.0
CUSTOMER_0599,2,Independent Retail Accounts,2412,2412,0.0,Active (0-3 months),56014.63,0.0
CUSTOMER_0601,2,Independent Retail Accounts,2412,2412,0.0,Active (0-3 months),451.7,0.0
CUSTOMER_0610,2,Independent Retail Accounts,2411,2412,1.0,Active (0-3 months),3812.81,0.0
CUSTOMER_0615,2,Independent Retail Accounts,2412,2412,0.0,Active (0-3 months),395086.75,0.0
CUSTOMER_0616,2,Independent Retail Accounts,2412,2412,0.0,Active (0-3 months),49811.08,0.0
CUSTOMER_0621,2,Independent Retail Accounts,2411,2412,1.0,Active (0-3 months),3313.46,0.0
CUSTOMER_0622,2,Independent Retail Accounts,2412,2412,0.0,Active (0-3 months),103828.83,0.0
CUSTOMER_0623,2,Independent Retail Accounts,2410,2412,2.0,Active (0-3 months),33580.85,0.0
CUSTOMER_0624,2,Independent Retail Accounts,2412,2412,0.0,Active (0-3 months),51429.86,0.0
CUSTOMER_0629,2,Independent Retail Accounts,2412,2412,0.0,Active (0-3 months),39608.87,0.0
CUSTOMER_0631,2,Independent Retail Accounts,2412,2412,0.0,Active (0-3 months),19501.38,0.0
CUSTOMER_0632,2,Independent Retail Accounts,2412,2412,0.0,Active (0-3 months),67138.52,0.0
CUSTOMER_0634,54,Retail Cooperative Network,2412,2412,0.0,Active (0-3 months),6117.66,0.0
CUSTOMER_0635,5,Wholesale Trade Accounts,2412,2412,0.0,Active (0-3 months),46890.27,0.0
CUSTOMER_0637,2,Independent Retail Accounts,2412,2412,0.0,Active (0-3 months),25023.74,0.0
CUSTOMER_0639,19,Neighborhood Retail Group,2410,2412,2.0,Active (0-3 months),4210.26,0.0
CUSTOMER_0640,19,Neighborhood Retail Group,2412,2412,0.0,Active (0-3 months),593363.26,0.0
CUSTOMER_0641,2,Independent Retail Accounts,2412,2412,0.0,Active (0-3 months),1115.63,0.0
CUSTOMER_0642,5,Wholesale Trade Accounts,2412,2412,0.0,Active (0-3 months),236000.49,0.0
CUSTOMER_0643,19,Neighborhood Retail Group,2410,2412,2.0,Active (0-3 months),4021.16,0.0
CUSTOMER_0644,19,Neighborhood Retail Group,2410,2412,2.0,Active (0-3 months),4154.33,0.0
CUSTOMER_0645,19,Neighborhood Retail Group,2410,2412,2.0,Active (0-3 months),4131.91,0.0
CUSTOMER_0646,2,Independent Retail Accounts,2412,2412,0.0,Active (0-3 months),89442.22,0.0
CUSTOMER_0647,2,Independent Retail Accounts,2411,2412,1.0,Active (0-3 months),8157.76,0.0
CUSTOMER_0648,19,Neighborhood Retail Group,2410,2412,2.0,Active (0-3 months),4229.79,0.0
CUSTOMER_0649,19,Neighborhood Retail Group,2410,2412,2.0,Active (0-3 months),4211.15,0.0
CUSTOMER_0650,19,Neighborhood Retail Group,2410,2412,2.0,Active (0-3 months),4099.51,0.0
CUSTOMER_0651,19,Neighborhood Retail Group,2410,2412,2.0,Active (0-3 months),4189.4,0.0
CUSTOMER_0652,19,Neighborhood Retail Group,2410,2412,2.0,Active (0-3 months),4091.74,0.0
CUSTOMER_0653,19,Neighborhood Retail Group,2410,2412,2.0,Active (0-3 months),4267.74,0.0
CUSTOMER_0654,2,Independent Retail Accounts,2411,2412,1.0,Active (0-3 months),53897.08,0.0
CUSTOMER_0655,2,Independent Retail Accounts,2411,2412,1.0,Active (0-3 months),120964.6,0.0
CUSTOMER_0656,8,Regional Retail Chain – Tier 2,2412,2412,0.0,Active (0-3 months),325987.74,0.0
CUSTOMER_0658,8,Regional Retail Chain – Tier 2,2412,2412,0.0,Active (0-3 months),345695.5,0.0
CUSTOMER_0659,8,Regional Retail Chain – Tier 2,2412,2412,0.0,Active (0-3 months),351579.07,0.0
CUSTOMER_0661,8,Regional Retail Chain – Tier 2,2412,2412,0.0,Active (0-3 months),274453.33,0.0
CUSTOMER_0662,8,Regional Retail Chain – Tier 2,2412,2412,0.0,Active (0-3 months),492372.71,0.0
CUSTOMER_0663,8,Regional Retail Chain – Tier 2,2412,2412,0.0,Active (0-3 months),407324.61,0.0
CUSTOMER_0666,8,Regional Retail Chain – Tier 2,2412,2412,0.0,Active (0-3 months),394295.45,0.0
CUSTOMER_0667,8,Regional Retail Chain – Tier 2,2412,2412,0.0,Active (0-3 months),343524.48,0.0
CUSTOMER_0668,8,Regional Retail Chain – Tier 2,2412,2412,0.0,Active (0-3 months),234574.76,0.0
CUSTOMER_0669,8,Regional Retail Chain – Tier 2,2412,2412,0.0,Active (0-3 months),301231.71,0.0
CUSTOMER_0670,8,Regional Retail Chain – Tier 2,2412,2412,0.0,Active (0-3 months),697099.8,0.0
CUSTOMER_0671,8,Regional Retail Chain – Tier 2,2412,2412,0.0,Active (0-3 months),353392.07,0.0
CUSTOMER_0676,2,Independent Retail Accounts,2412,2412,0.0,Active (0-3 months),25976.32,0.0
CUSTOMER_0677,2,Independent Retail Accounts,2412,2412,0.0,Active (0-3 months),40119.93,0.0
CUSTOMER_0679,2,Independent Retail Accounts,2412,2412,0.0,Active (0-3 months),7365.62,0.0
CUSTOMER_0681,2,Independent Retail Accounts,2412,2412,0.0,Active (0-3 months),120260.27,0.0
CUSTOMER_0682,2,Independent Retail Accounts,2412,2412,0.0,Active (0-3 months),5261.41,0.0
CUSTOMER_0683,2,Independent Retail Accounts,2409,2412,3.0,Active (0-3 months),32185.73,0.0
CUSTOMER_0685,5,Wholesale Trade Accounts,2411,2412,1.0,Active (0-3 months),31524.99,0.0
CUSTOMER_0686,5,Wholesale Trade Accounts,2411,2412,1.0,Active (0-3 months),35151.83,0.0
CUSTOMER_0687,2,Independent Retail Accounts,2409,2412,3.0,Active (0-3 months),51572.64,0.0
CUSTOMER_0689,2,Independent Retail Accounts,2412,2412,0.0,Active (0-3 months),168882.07,0.0
CUSTOMER_0690,2,Independent Retail Accounts,2412,2412,0.0,Active (0-3 months),155677.69,0.0
CUSTOMER_0691,2,Independent Retail Accounts,2412,2412,0.0,Active (0-3 months),64857.6,0.0
CUSTOMER_0692,2,Independent Retail Accounts,2412,2412,0.0,Active (0-3 months),47604.31,0.0
CUSTOMER_0698,5,Wholesale Trade Accounts,2412,2412,0.0,Active (0-3 months),148212.04,0.0
CUSTOMER_0700,2,Independent Retail Accounts,2412,2412,0.0,Active (0-3 months),70947.01,0.0
CUSTOMER_0703,2,Independent Retail Accounts,2412,2412,0.0,Active (0-3 months),24723.02,0.0
CUSTOMER_0706,66,Independent Neighborhood Retailer,2412,2412,0.0,Active (0-3 months),5264.04,0.0
CUSTOMER_0707,66,Independent Neighborhood Retailer,2412,2412,0.0,Active (0-3 months),5765.62,0.0
CUSTOMER_0708,66,Independent Neighborhood Retailer,2412,2412,0.0,Active (0-3 months),7120.68,0.0
CUSTOMER_0709,2,Independent Retail Accounts,2412,2412,0.0,Active (0-3 months),241485.99,0.0
CUSTOMER_0710,2,Independent Retail Accounts,2412,2412,0.0,Active (0-3 months),18953.79,0.0
CUSTOMER_0711,4,Commercial Service Accounts,2412,2412,0.0,Active (0-3 months),88173.75,0.0
CUSTOMER_0715,2,Independent Retail Accounts,2409,2412,3.0,Active (0-3 months),5143.93,0.0
CUSTOMER_0716,5,Wholesale Trade Accounts,2412,2412,0.0,Active (0-3 months),92830.62,0.0
CUSTOMER_0718,59,Import Marketplace Partner,2412,2412,0.0,Active (0-3 months),211501.37,0.0
CUSTOMER_0723,2,Independent Retail Accounts,2412,2412,0.0,Active (0-3 months),50959.94,0.0
CUSTOMER_0724,2,Independent Retail Accounts,2412,2412,0.0,Active (0-3 months),51959.18,0.0
CUSTOMER_0726,2,Independent Retail Accounts,2412,2412,0.0,Active (0-3 months),124236.62,0.0
CUSTOMER_0728,54,Retail Cooperative Network,2412,2412,0.0,Active (0-3 months),14537.85,0.0
CUSTOMER_0729,2,Independent Retail Accounts,2412,2412,0.0,Active (0-3 months),8969.87,0.0
CUSTOMER_0731,2,Independent Retail Accounts,2412,2412,0.0,Active (0-3 months),20128.61,0.0
CUSTOMER_0733,2,Independent Retail Accounts,2412,2412,0.0,Active (0-3 months),489406.7,0.0
CUSTOMER_0734,2,Independent Retail Accounts,2412,2412,0.0,Active (0-3 months),18017.83,0.0
CUSTOMER_0735,2,Independent Retail Accounts,2412,2412,0.0,Active (0-3 months),149560.6,0.0
CUSTOMER_0736,2,Independent Retail Accounts,2412,2412,0.0,Active (0-3 months),9115.57,0.0
CUSTOMER_0738,5,Wholesale Trade Accounts,2412,2412,0.0,Active (0-3 months),108397.34,0.0
CUSTOMER_0739,2,Independent Retail Accounts,2412,2412,0.0,Active (0-3 months),144276.38,0.0
CUSTOMER_0740,2,Independent Retail Accounts,2410,2412,2.0,Active (0-3 months),19048.46,0.0
CUSTOMER_0742,2,Independent Retail Accounts,2410,2412,2.0,Active (0-3 months),11130.43,0.0
CUSTOMER_0747,2,Independent Retail Accounts,2412,2412,0.0,Active (0-3 months),127752.92,0.0
CUSTOMER_0749,6,Commercial Supply Partners,2412,2412,0.0,Active (0-3 months),310050.72,0.0
CUSTOMER_0750,4,Commercial Service Accounts,2412,2412,0.0,Active (0-3 months),3024.9,0.0
CUSTOMER_0751,2,Independent Retail Accounts,2410,2412,2.0,Active (0-3 months),4184.57,0.0
CUSTOMER_0752,2,Independent Retail Accounts,2412,2412,0.0,Active (0-3 months),38692.78,0.0
CUSTOMER_0753,2,Independent Retail Accounts,2412,2412,0.0,Active (0-3 months),274391.19,0.0
CUSTOMER_0756,5,Wholesale Trade Accounts,2412,2412,0.0,Active (0-3 months),20497.09,0.0
CUSTOMER_0757,2,Independent Retail Accounts,2412,2412,0.0,Active (0-3 months),106929.97,0.0
CUSTOMER_0758,4,Commercial Service Accounts,2412,2412,0.0,Active (0-3 months),5505.62,0.0
CUSTOMER_0759,2,Independent Retail Accounts,2412,2412,0.0,Active (0-3 months),52590.63,0.0
CUSTOMER_0760,2,Independent Retail Accounts,2411,2412,1.0,Active (0-3 months),17316.03,0.0
CUSTOMER_0764,2,Independent Retail Accounts,2412,2412,0.0,Active (0-3 months),7101.43,0.0
CUSTOMER_0767,2,Independent Retail Accounts,2411,2412,1.0,Active (0-3 months),10202.8,0.0
CUSTOMER_0768,2,Independent Retail Accounts,2412,2412,0.0,Active (0-3 months),6376.19,0.0
CUSTOMER_0769,5,Wholesale Trade Accounts,2412,2412,0.0,Active (0-3 months),35920.22,0.0
CUSTOMER_0770,3,National Retail Chains,2412,2412,0.0,Active (0-3 months),23493.68,0.0
CUSTOMER_0772,2,Independent Retail Accounts,2412,2412,0.0,Active (0-3 months),38255.18,0.0
CUSTOMER_0773,5,Wholesale Trade Accounts,2412,2412,0.0,Active (0-3 months),54310.64,0.0
CUSTOMER_0774,2,Independent Retail Accounts,2412,2412,0.0,Active (0-3 months),172474.75,0.0
CUSTOMER_0775,2,Independent Retail Accounts,2412,2412,0.0,Active (0-3 months),57074.86,0.0
CUSTOMER_0776,2,Independent Retail Accounts,2409,2412,3.0,Active (0-3 months),6397.32,0.0
CUSTOMER_0777,2,Independent Retail Accounts,2411,2412,1.0,Active (0-3 months),13243.36,0.0
CUSTOMER_0778,2,Independent Retail Accounts,2410,2412,2.0,Active (0-3 months),3036.89,0.0
CUSTOMER_0779,4,Commercial Service Accounts,2412,2412,0.0,Active (0-3 months),31316.38,0.0
CUSTOMER_0780,3,National Retail Chains,2412,2412,0.0,Active (0-3 months),260724.44,0.0
CUSTOMER_0782,5,Wholesale Trade Accounts,2412,2412,0.0,Active (0-3 months),447202.76,0.0
CUSTOMER_0787,2,Independent Retail Accounts,2412,2412,0.0,Active (0-3 months),580545.12,0.0
CUSTOMER_0788,2,Independent Retail Accounts,2412,2412,0.0,Active (0-3 months),217307.25,0.0
CUSTOMER_0794,5,Wholesale Trade Accounts,2412,2412,0.0,Active (0-3 months),219496.02,0.0
CUSTOMER_0811,54,Retail Cooperative Network,2412,2412,0.0,Active (0-3 months),26938.72,0.0
CUSTOMER_0813,5,Wholesale Trade Accounts,2412,2412,0.0,Active (0-3 months),14001.53,0.0
CUSTOMER_0833,3,National Retail Chains,2412,2412,0.0,Active (0-3 months),132679.73,0.0
CUSTOMER_0839,8,Regional Retail Chain – Tier 2,2412,2412,0.0,Active (0-3 months),350830.87,0.0
CUSTOMER_0840,2,Independent Retail Accounts,2412,2412,0.0,Active (0-3 months),263948.16,0.0
CUSTOMER_0841,54,Retail Cooperative Network,2412,2412,0.0,Active (0-3 months),53401.03,0.0
CUSTOMER_0843,2,Independent Retail Accounts,2412,2412,0.0,Active (0-3 months),61702.15,0.0
CUSTOMER_0844,2,Independent Retail Accounts,2412,2412,0.0,Active (0-3 months),23833.87,0.0
CUSTOMER_0845,2,Independent Retail Accounts,2412,2412,0.0,Active (0-3 months),152911.89,0.0
CUSTOMER_0847,2,Independent Retail Accounts,2411,2412,1.0,Active (0-3 months),4765.97,0.0
CUSTOMER_0849,5,Wholesale Trade Accounts,2412,2412,0.0,Active (0-3 months),2847.35,0.0
CUSTOMER_0851,2,Independent Retail Accounts,2412,2412,0.0,Active (0-3 months),10784.82,0.0
CUSTOMER_0853,5,Wholesale Trade Accounts,2410,2412,2.0,Active (0-3 months),3806.08,0.0
CUSTOMER_0854,2,Independent Retail Accounts,2412,2412,0.0,Active (0-3 months),151526.72,0.0
CUSTOMER_0856,2,Independent Retail Accounts,2412,2412,0.0,Active (0-3 months),67343.39,0.0
CUSTOMER_0857,5,Wholesale Trade Accounts,2412,2412,0.0,Active (0-3 months),456799.16,0.0
CUSTOMER_0858,3,National Retail Chains,2412,2412,0.0,Active (0-3 months),26911.02,0.0
CUSTOMER_0861,54,Retail Cooperative Network,2412,2412,0.0,Active (0-3 months),46320.65,0.0
CUSTOMER_0862,54,Retail Cooperative Network,2412,2412,0.0,Active (0-3 months),41567.45,0.0
CUSTOMER_0863,54,Retail Cooperative Network,2412,2412,0.0,Active (0-3 months),40387.13,0.0
CUSTOMER_0865,2,Independent Retail Accounts,2412,2412,0.0,Active (0-3 months),53107.49,0.0
CUSTOMER_0866,2,Independent Retail Accounts,2412,2412,0.0,Active (0-3 months),3672.78,0.0
CUSTOMER_0867,2,Independent Retail Accounts,2412,2412,0.0,Active (0-3 months),28393.01,0.0
CUSTOMER_0869,3,National Retail Chains,2412,2412,0.0,Active (0-3 months),17481.4,0.0
CUSTOMER_0870,54,Retail Cooperative Network,2412,2412,0.0,Active (0-3 months),1523.82,0.0
CUSTOMER_0871,54,Retail Cooperative Network,2411,2412,1.0,Active (0-3 months),11144.41,0.0
CUSTOMER_0872,2,Independent Retail Accounts,2412,2412,0.0,Active (0-3 months),26812.85,0.0
CUSTOMER_0873,54,Retail Cooperative Network,2412,2412,0.0,Active (0-3 months),83727.26,0.0
CUSTOMER_0874,54,Retail Cooperative Network,2412,2412,0.0,Active (0-3 months),21143.81,0.0
CUSTOMER_0875,20,Cooperative Member Account,2412,2412,0.0,Active (0-3 months),59266.42,0.0
CUSTOMER_0876,20,Cooperative Member Account,2410,2412,2.0,Active (0-3 months),7253.82,0.0
CUSTOMER_0877,20,Cooperative Member Account,2412,2412,0.0,Active (0-3 months),15128.32,0.0
CUSTOMER_0878,20,Cooperative Member Account,2412,2412,0.0,Active (0-3 months),5317.02,0.0
CUSTOMER_0879,20,Cooperative Member Account,2412,2412,0.0,Active (0-3 months),29560.86,0.0
CUSTOMER_0880,20,Cooperative Member Account,2412,2412,0.0,Active (0-3 months),7559.13,0.0
CUSTOMER_0881,54,Retail Cooperative Network,2412,2412,0.0,Active (0-3 months),14844.63,0.0
CUSTOMER_0882,20,Cooperative Member Account,2412,2412,0.0,Active (0-3 months),20891.01,0.0
CUSTOMER_0885,22,Institutional Buyer,2412,2412,0.0,Active (0-3 months),41797.33,0.0
CUSTOMER_0887,21,Discount Retail Chain,2412,2412,0.0,Active (0-3 months),12278.5,0.0
CUSTOMER_0888,21,Discount Retail Chain,2412,2412,0.0,Active (0-3 months),160597.8,0.0
CUSTOMER_0889,21,Discount Retail Chain,2412,2412,0.0,Active (0-3 months),25934.5,0.0
CUSTOMER_0890,21,Discount Retail Chain,2412,2412,0.0,Active (0-3 months),181025.88,0.0
CUSTOMER_0893,3,National Retail Chains,2412,2412,0.0,Active (0-3 months),28448.87,0.0
CUSTOMER_0894,3,National Retail Chains,2412,2412,0.0,Active (0-3 months),43514.93,0.0
CUSTOMER_0903,21,Discount Retail Chain,2412,2412,0.0,Active (0-3 months),8073.28,0.0
CUSTOMER_0908,2,Independent Retail Accounts,2411,2412,1.0,Active (0-3 months),652.18,0.0
CUSTOMER_0910,2,Independent Retail Accounts,2412,2412,0.0,Active (0-3 months),106701.17,0.0
CUSTOMER_0912,3,National Retail Chains,2412,2412,0.0,Active (0-3 months),4966.49,0.0
CUSTOMER_0913,2,Independent Retail Accounts,2412,2412,0.0,Active (0-3 months),24288.25,0.0
CUSTOMER_0914,3,National Retail Chains,2412,2412,0.0,Active (0-3 months),83603.69,0.0
CUSTOMER_0917,2,Independent Retail Accounts,2412,2412,0.0,Active (0-3 months),15967.02,0.0
CUSTOMER_0918,5,Wholesale Trade Accounts,2412,2412,0.0,Active (0-3 months),118076.79,0.0
CUSTOMER_0922,2,Independent Retail Accounts,2412,2412,0.0,Active (0-3 months),75999.85,0.0
CUSTOMER_0926,2,Independent Retail Accounts,2411,2412,1.0,Active (0-3 months),33352.19,0.0
CUSTOMER_0927,3,National Retail Chains,2412,2412,0.0,Active (0-3 months),101315.57,0.0
CUSTOMER_0932,21,Discount Retail Chain,2412,2412,0.0,Active (0-3 months),185138.86,0.0
CUSTOMER_0933,21,Discount Retail Chain,2412,2412,0.0,Active (0-3 months),133927.13,0.0
CUSTOMER_0934,21,Discount Retail Chain,2412,2412,0.0,Active (0-3 months),163980.62,0.0
CUSTOMER_0942,21,Discount Retail Chain,2412,2412,0.0,Active (0-3 months),14631.35,0.0
CUSTOMER_0944,21,Discount Retail Chain,2412,2412,0.0,Active (0-3 months),14486.58,0.0
CUSTOMER_0945,21,Discount Retail Chain,2411,2412,1.0,Active (0-3 months),4951.28,0.0
CUSTOMER_0946,21,Discount Retail Chain,2412,2412,0.0,Active (0-3 months),21567.7,0.0
CUSTOMER_0947,21,Discount Retail Chain,2412,2412,0.0,Active (0-3 months),15172.48,0.0
CUSTOMER_0950,5,Wholesale Trade Accounts,2412,2412,0.0,Active (0-3 months),23029.58,0.0
CUSTOMER_0951,2,Independent Retail Accounts,2412,2412,0.0,Active (0-3 months),291921.94,0.0
CUSTOMER_0952,2,Independent Retail Accounts,2412,2412,0.0,Active (0-3 months),18876.68,0.0
CUSTOMER_0953,2,Independent Retail Accounts,2412,2412,0.0,Active (0-3 months),46523.13,0.0
CUSTOMER_0954,2,Independent Retail Accounts,2412,2412,0.0,Active (0-3 months),78558.68,0.0
CUSTOMER_0955,2,Independent Retail Accounts,2412,2412,0.0,Active (0-3 months),54834.58,0.0
CUSTOMER_0956,2,Independent Retail Accounts,2412,2412,0.0,Active (0-3 months),40922.4,0.0
CUSTOMER_0957,2,Independent Retail Accounts,2412,2412,0.0,Active (0-3 months),8978.65,0.0
CUSTOMER_0960,2,Independent Retail Accounts,2412,2412,0.0,Active (0-3 months),34097.32,0.0
CUSTOMER_0961,5,Wholesale Trade Accounts,2411,2412,1.0,Active (0-3 months),92500.36,0.0
CUSTOMER_0962,2,Independent Retail Accounts,2412,2412,0.0,Active (0-3 months),18816.85,0.0
CUSTOMER_0965,2,Independent Retail Accounts,2412,2412,0.0,Active (0-3 months),13437.93,0.0
CUSTOMER_0969,2,Independent Retail Accounts,2412,2412,0.0,Active (0-3 months),106068.94,0.0
CUSTOMER_0973,2,Independent Retail Accounts,2409,2412,3.0,Active (0-3 months),6910.34,0.0
CUSTOMER_0974,2,Independent Retail Accounts,2412,2412,0.0,Active (0-3 months),125165.98,0.0
CUSTOMER_0975,2,Independent Retail Accounts,2412,2412,0.0,Active (0-3 months),38174.88,0.0
CUSTOMER_1004,2,Independent Retail Accounts,2412,2412,0.0,Active (0-3 months),143218.92,0.0
CUSTOMER_1005,2,Independent Retail Accounts,2412,2412,0.0,Active (0-3 months),110468.45,0.0
CUSTOMER_1016,5,Wholesale Trade Accounts,2411,2412,1.0,Active (0-3 months),77930.51,0.0
CUSTOMER_1017,2,Independent Retail Accounts,2412,2412,0.0,Active (0-3 months),57760.03,0.0
CUSTOMER_1018,2,Independent Retail Accounts,2412,2412,0.0,Active (0-3 months),43706.64,0.0
CUSTOMER_1019,2,Independent Retail Accounts,2412,2412,0.0,Active (0-3 months),11871.73,0.0
CUSTOMER_1020,2,Independent Retail Accounts,2412,2412,0.0,Active (0-3 months),16143.01,0.0
CUSTOMER_1021,6,Commercial Supply Partners,2412,2412,0.0,Active (0-3 months),109987.1,0.0
CUSTOMER_1022,2,Independent Retail Accounts,2412,2412,0.0,Active (0-3 months),179316.13,0.0
CUSTOMER_1024,2,Independent Retail Accounts,2409,2412,3.0,Active (0-3 months),2256.4,0.0
CUSTOMER_1025,2,Independent Retail Accounts,2412,2412,0.0,Active (0-3 months),7635.1,0.0
CUSTOMER_1026,2,Independent Retail Accounts,2411,2412,1.0,Active (0-3 months),2149.44,0.0
CUSTOMER_1028,2,Independent Retail Accounts,2409,2412,3.0,Active (0-3 months),21727.4,0.0
CUSTOMER_1029,2,Independent Retail Accounts,2412,2412,0.0,Active (0-3 months),81481.09,0.0
CUSTOMER_1030,2,Independent Retail Accounts,2412,2412,0.0,Active (0-3 months),12665.7,0.0
CUSTOMER_1031,5,Wholesale Trade Accounts,2412,2412,0.0,Active (0-3 months),95713.95,0.0
CUSTOMER_1033,2,Independent Retail Accounts,2412,2412,0.0,Active (0-3 months),163312.44,0.0
CUSTOMER_1038,2,Independent Retail Accounts,2412,2412,0.0,Active (0-3 months),65600.63,0.0
CUSTOMER_1040,5,Wholesale Trade Accounts,2410,2412,2.0,Active (0-3 months),170044.13,0.0
CUSTOMER_1041,53,Wine & Spirits Retailer,2412,2412,0.0,Active (0-3 months),63284.59,0.0
CUSTOMER_1042,53,Wine & Spirits Retailer,2412,2412,0.0,Active (0-3 months),13758.08,0.0
CUSTOMER_1043,53,Wine & Spirits Retailer,2412,2412,0.0,Active (0-3 months),60037.81,0.0
CUSTOMER_1044,53,Wine & Spirits Retailer,2412,2412,0.0,Active (0-3 months),49817.59,0.0
CUSTOMER_1045,2,Independent Retail Accounts,2412,2412,0.0,Active (0-3 months),41808.49,0.0
CUSTOMER_1048,5,Wholesale Trade Accounts,2409,2412,3.0,Active (0-3 months),4119.81,0.0
CUSTOMER_1053,2,Independent Retail Accounts,2412,2412,0.0,Active (0-3 months),94568.38,0.0
CUSTOMER_1054,2,Independent Retail Accounts,2412,2412,0.0,Active (0-3 months),126161.84,0.0
CUSTOMER_1056,2,Independent Retail Accounts,2412,2412,0.0,Active (0-3 months),70920.04,0.0
CUSTOMER_1057,2,Independent Retail Accounts,2410,2412,2.0,Active (0-3 months),25791.33,0.0
CUSTOMER_1061,2,Independent Retail Accounts,2412,2412,0.0,Active (0-3 months),26452.66,0.0
CUSTOMER_1062,2,Independent Retail Accounts,2410,2412,2.0,Active (0-3 months),9893.28,0.0
CUSTOMER_1065,2,Independent Retail Accounts,2412,2412,0.0,Active (0-3 months),39929.47,0.0
CUSTOMER_1066,2,Independent Retail Accounts,2409,2412,3.0,Active (0-3 months),36063.36,0.0
CUSTOMER_1067,2,Independent Retail Accounts,2412,2412,0.0,Active (0-3 months),71486.06,0.0
CUSTOMER_1068,2,Independent Retail Accounts,2412,2412,0.0,Active (0-3 months),26104.5,0.0
CUSTOMER_1069,5,Wholesale Trade Accounts,2412,2412,0.0,Active (0-3 months),169633.56,0.0
CUSTOMER_1070,2,Independent Retail Accounts,2412,2412,0.0,Active (0-3 months),20825.31,0.0
CUSTOMER_1071,2,Independent Retail Accounts,2412,2412,0.0,Active (0-3 months),170010.74,0.0
CUSTOMER_1072,2,Independent Retail Accounts,2412,2412,0.0,Active (0-3 months),29911.75,0.0
CUSTOMER_1073,54,Retail Cooperative Network,2412,2412,0.0,Active (0-3 months),8539.04,0.0
CUSTOMER_1075,2,Independent Retail Accounts,2412,2412,0.0,Active (0-3 months),74356.12,0.0
CUSTOMER_1076,2,Independent Retail Accounts,2412,2412,0.0,Active (0-3 months),83593.75,0.0
CUSTOMER_1098,42,Independent Distribution Partner,2412,2412,0.0,Active (0-3 months),72214.36,0.0
CUSTOMER_1099,3,National Retail Chains,2412,2412,0.0,Active (0-3 months),387717.43,0.0
CUSTOMER_1100,42,Independent Distribution Partner,2412,2412,0.0,Active (0-3 months),92463.0,0.0
CUSTOMER_1102,42,Independent Distribution Partner,2412,2412,0.0,Active (0-3 months),50307.02,0.0
CUSTOMER_1103,42,Independent Distribution Partner,2412,2412,0.0,Active (0-3 months),170424.36,0.0
CUSTOMER_1104,42,Independent Distribution Partner,2412,2412,0.0,Active (0-3 months),104446.04,0.0
CUSTOMER_1105,42,Independent Distribution Partner,2412,2412,0.0,Active (0-3 months),56135.68,0.0
CUSTOMER_1106,42,Independent Distribution Partner,2412,2412,0.0,Active (0-3 months),147085.82,0.0
CUSTOMER_1107,42,Independent Distribution Partner,2412,2412,0.0,Active (0-3 months),186951.33,0.0
CUSTOMER_1110,2,Independent Retail Accounts,2412,2412,0.0,Active (0-3 months),113892.03,0.0
CUSTOMER_1111,2,Independent Retail Accounts,2411,2412,1.0,Active (0-3 months),23061.11,0.0
CUSTOMER_1113,2,Independent Retail Accounts,2412,2412,0.0,Active (0-3 months),88971.95,0.0
CUSTOMER_1116,2,Independent Retail Accounts,2411,2412,1.0,Active (0-3 months),8241.99,0.0
CUSTOMER_1118,2,Independent Retail Accounts,2412,2412,0.0,Active (0-3 months),21727.48,0.0
CUSTOMER_1119,54,Retail Cooperative Network,2410,2412,2.0,Active (0-3 months),12580.25,0.0
CUSTOMER_1122,2,Independent Retail Accounts,2412,2412,0.0,Active (0-3 months),42890.01,0.0
CUSTOMER_1129,2,Independent Retail Accounts,2412,2412,0.0,Active (0-3 months),60968.05,0.0
CUSTOMER_1131,2,Independent Retail Accounts,2412,2412,0.0,Active (0-3 months),83535.6,0.0
CUSTOMER_1133,2,Independent Retail Accounts,2412,2412,0.0,Active (0-3 months),32793.04,0.0
CUSTOMER_1134,2,Independent Retail Accounts,2412,2412,0.0,Active (0-3 months),50283.09,0.0
CUSTOMER_1135,2,Independent Retail Accounts,2412,2412,0.0,Active (0-3 months),62397.86,0.0
CUSTOMER_1137,5,Wholesale Trade Accounts,2410,2412,2.0,Active (0-3 months),4381.72,0.0
CUSTOMER_1138,2,Independent Retail Accounts,2412,2412,0.0,Active (0-3 months),18069.46,0.0
CUSTOMER_1140,2,Independent Retail Accounts,2411,2412,1.0,Active (0-3 months),2092.49,0.0
CUSTOMER_1141,2,Independent Retail Accounts,2412,2412,0.0,Active (0-3 months),232351.73,0.0
CUSTOMER_1142,2,Independent Retail Accounts,2412,2412,0.0,Active (0-3 months),23653.9,0.0
CUSTOMER_1143,2,Independent Retail Accounts,2411,2412,1.0,Active (0-3 months),19993.34,0.0
CUSTOMER_1144,2,Independent Retail Accounts,2412,2412,0.0,Active (0-3 months),923.39,0.0
CUSTOMER_1146,2,Independent Retail Accounts,2412,2412,0.0,Active (0-3 months),55305.68,0.0
CUSTOMER_1147,2,Independent Retail Accounts,2412,2412,0.0,Active (0-3 months),9614.91,0.0
CUSTOMER_1150,2,Independent Retail Accounts,2409,2412,3.0,Active (0-3 months),7213.85,0.0
CUSTOMER_1151,2,Independent Retail Accounts,2412,2412,0.0,Active (0-3 months),54456.6,0.0
CUSTOMER_1152,2,Independent Retail Accounts,2412,2412,0.0,Active (0-3 months),25469.58,0.0
CUSTOMER_1155,2,Independent Retail Accounts,2412,2412,0.0,Active (0-3 months),40956.37,0.0
CUSTOMER_1156,2,Independent Retail Accounts,2412,2412,0.0,Active (0-3 months),92587.32,0.0
CUSTOMER_1158,2,Independent Retail Accounts,2412,2412,0.0,Active (0-3 months),52829.86,0.0
CUSTOMER_1162,2,Independent Retail Accounts,2411,2412,1.0,Active (0-3 months),28351.26,0.0
CUSTOMER_1165,2,Independent Retail Accounts,2412,2412,0.0,Active (0-3 months),5801.38,0.0
CUSTOMER_1171,2,Independent Retail Accounts,2412,2412,0.0,Active (0-3 months),17389.06,0.0
CUSTOMER_1172,2,Independent Retail Accounts,2412,2412,0.0,Active (0-3 months),6245.68,0.0
CUSTOMER_1173,41,Village Retail Operator,2412,2412,0.0,Active (0-3 months),144722.59,0.0
CUSTOMER_1174,41,Village Retail Operator,2412,2412,0.0,Active (0-3 months),129215.69,0.0
CUSTOMER_1175,41,Village Retail Operator,2412,2412,0.0,Active (0-3 months),62699.79,0.0
CUSTOMER_1176,41,Village Retail Operator,2412,2412,0.0,Active (0-3 months),42555.13,0.0
CUSTOMER_1181,2,Independent Retail Accounts,2412,2412,0.0,Active (0-3 months),7509.81,0.0
CUSTOMER_1182,2,Independent Retail Accounts,2412,2412,0.0,Active (0-3 months),11635.74,0.0
CUSTOMER_1183,4,Commercial Service Accounts,2411,2412,1.0,Active (0-3 months),14307.81,0.0
CUSTOMER_1185,2,Independent Retail Accounts,2411,2412,1.0,Active (0-3 months),6840.17,0.0
CUSTOMER_1186,2,Independent Retail Accounts,2412,2412,0.0,Active (0-3 months),8654.14,0.0
CUSTOMER_1188,54,Retail Cooperative Network,2412,2412,0.0,Active (0-3 months),35218.61,0.0
CUSTOMER_1189,54,Retail Cooperative Network,2412,2412,0.0,Active (0-3 months),170091.3,0.0
CUSTOMER_1191,2,Independent Retail Accounts,2410,2412,2.0,Active (0-3 months),5153.91,0.0
CUSTOMER_1192,2,Independent Retail Accounts,2410,2412,2.0,Active (0-3 months),5695.12,0.0
CUSTOMER_1194,54,Retail Cooperative Network,2412,2412,0.0,Active (0-3 months),60841.0,0.0
CUSTOMER_1198,14,Specialty Retail – Small Format,2409,2412,3.0,Active (0-3 months),1070.14,0.0
CUSTOMER_1199,3,National Retail Chains,2410,2412,2.0,Active (0-3 months),13126.27,0.0
CUSTOMER_1200,64,Family-Owned Retail Business,2412,2412,0.0,Active (0-3 months),219424.72,0.0
CUSTOMER_1201,64,Family-Owned Retail Business,2412,2412,0.0,Active (0-3 months),511406.37,0.0
CUSTOMER_1202,64,Family-Owned Retail Business,2412,2412,0.0,Active (0-3 months),628041.13,0.0
CUSTOMER_1203,64,Family-Owned Retail Business,2412,2412,0.0,Active (0-3 months),528677.75,0.0
CUSTOMER_1206,64,Family-Owned Retail Business,2412,2412,0.0,Active (0-3 months),125946.01,0.0
CUSTOMER_1207,2,Independent Retail Accounts,2412,2412,0.0,Active (0-3 months),290542.09,0.0
CUSTOMER_1210,2,Independent Retail Accounts,2412,2412,0.0,Active (0-3 months),99767.46,0.0
CUSTOMER_1213,2,Independent Retail Accounts,2410,2412,2.0,Active (0-3 months),3465.62,0.0
CUSTOMER_1214,2,Independent Retail Accounts,2412,2412,0.0,Active (0-3 months),115793.6,0.0
CUSTOMER_1217,14,Specialty Retail – Small Format,2412,2412,0.0,Active (0-3 months),5243.62,0.0
CUSTOMER_1220,2,Independent Retail Accounts,2412,2412,0.0,Active (0-3 months),17577.18,0.0
CUSTOMER_1222,6,Commercial Supply Partners,2412,2412,0.0,Active (0-3 months),46314.16,0.0
CUSTOMER_1223,2,Independent Retail Accounts,2412,2412,0.0,Active (0-3 months),67084.1,0.0
CUSTOMER_1224,2,Independent Retail Accounts,2412,2412,0.0,Active (0-3 months),19107.31,0.0
CUSTOMER_1226,2,Independent Retail Accounts,2412,2412,0.0,Active (0-3 months),29512.58,0.0
CUSTOMER_1228,5,Wholesale Trade Accounts,2412,2412,0.0,Active (0-3 months),481644.45,0.0
CUSTOMER_1229,5,Wholesale Trade Accounts,2412,2412,0.0,Active (0-3 months),1613.99,0.0
CUSTOMER_1230,2,Independent Retail Accounts,2412,2412,0.0,Active (0-3 months),121649.0,0.0
CUSTOMER_1232,2,Independent Retail Accounts,2412,2412,0.0,Active (0-3 months),115812.84,0.0
CUSTOMER_1236,2,Independent Retail Accounts,2412,2412,0.0,Active (0-3 months),121363.23,0.0
CUSTOMER_1237,2,Independent Retail Accounts,2412,2412,0.0,Active (0-3 months),12821.71,0.0
CUSTOMER_1238,2,Independent Retail Accounts,2412,2412,0.0,Active (0-3 months),42295.52,0.0
CUSTOMER_1240,2,Independent Retail Accounts,2412,2412,0.0,Active (0-3 months),17868.62,0.0
CUSTOMER_1241,2,Independent Retail Accounts,2412,2412,0.0,Active (0-3 months),147368.7,0.0
CUSTOMER_1244,2,Independent Retail Accounts,2412,2412,0.0,Active (0-3 months),78074.39,0.0
CUSTOMER_1246,2,Independent Retail Accounts,2412,2412,0.0,Active (0-3 months),8967.64,0.0
CUSTOMER_1248,2,Independent Retail Accounts,2412,2412,0.0,Active (0-3 months),20055.72,0.0
CUSTOMER_1249,2,Independent Retail Accounts,2412,2412,0.0,Active (0-3 months),16299.23,0.0
CUSTOMER_1251,2,Independent Retail Accounts,2409,2412,3.0,Active (0-3 months),8269.17,0.0
CUSTOMER_1253,2,Independent Retail Accounts,2412,2412,0.0,Active (0-3 months),36468.99,0.0
CUSTOMER_1254,2,Independent Retail Accounts,2412,2412,0.0,Active (0-3 months),7856.68,0.0
CUSTOMER_1261,2,Independent Retail Accounts,2412,2412,0.0,Active (0-3 months),23638.26,0.0
CUSTOMER_1262,2,Independent Retail Accounts,2411,2412,1.0,Active (0-3 months),435.89,0.0
CUSTOMER_1264,2,Independent Retail Accounts,2410,2412,2.0,Active (0-3 months),2175.46,0.0
CUSTOMER_1267,2,Independent Retail Accounts,2412,2412,0.0,Active (0-3 months),12560.28,0.0
CUSTOMER_1269,2,Independent Retail Accounts,2412,2412,0.0,Active (0-3 months),43157.91,0.0
CUSTOMER_1270,5,Wholesale Trade Accounts,2412,2412,0.0,Active (0-3 months),309284.58,0.0
CUSTOMER_1271,2,Independent Retail Accounts,2412,2412,0.0,Active (0-3 months),204340.52,0.0
CUSTOMER_1275,2,Independent Retail Accounts,2412,2412,0.0,Active (0-3 months),95159.55,0.0
CUSTOMER_1276,2,Independent Retail Accounts,2412,2412,0.0,Active (0-3 months),4262.41,0.0
CUSTOMER_1280,11,Manufacturing Partners,2410,2412,2.0,Active (0-3 months),27605.1,0.0
CUSTOMER_1281,50,Farm & Specialty Market,2412,2412,0.0,Active (0-3 months),201571.41,0.0
CUSTOMER_1283,2,Independent Retail Accounts,2410,2412,2.0,Active (0-3 months),5588.7,0.0
CUSTOMER_1284,5,Wholesale Trade Accounts,2412,2412,0.0,Active (0-3 months),4719.93,0.0
CUSTOMER_1285,2,Independent Retail Accounts,2410,2412,2.0,Active (0-3 months),11684.47,0.0
CUSTOMER_1286,2,Independent Retail Accounts,2410,2412,2.0,Active (0-3 months),4235.37,0.0
CUSTOMER_1287,2,Independent Retail Accounts,2412,2412,0.0,Active (0-3 months),43506.5,0.0
CUSTOMER_1288,5,Wholesale Trade Accounts,2411,2412,1.0,Active (0-3 months),190779.77,0.0
CUSTOMER_1290,2,Independent Retail Accounts,2411,2412,1.0,Active (0-3 months),4448.73,0.0
CUSTOMER_1291,3,National Retail Chains,2409,2412,3.0,Active (0-3 months),13394.58,0.0
CUSTOMER_1293,2,Independent Retail Accounts,2412,2412,0.0,Active (0-3 months),7596.1,0.0
CUSTOMER_1296,54,Retail Cooperative Network,2412,2412,0.0,Active (0-3 months),22674.86,0.0
CUSTOMER_1297,54,Retail Cooperative Network,2412,2412,0.0,Active (0-3 months),18954.76,0.0
CUSTOMER_1298,5,Wholesale Trade Accounts,2410,2412,2.0,Active (0-3 months),9260.96,0.0
CUSTOMER_1299,4,Commercial Service Accounts,2412,2412,0.0,Active (0-3 months),1745.25,0.0
CUSTOMER_1301,54,Retail Cooperative Network,2412,2412,0.0,Active (0-3 months),97975.11,0.0
CUSTOMER_1302,54,Retail Cooperative Network,2412,2412,0.0,Active (0-3 months),92508.24,0.0
CUSTOMER_1303,54,Retail Cooperative Network,2412,2412,0.0,Active (0-3 months),53104.46,0.0
CUSTOMER_1304,54,Retail Cooperative Network,2412,2412,0.0,Active (0-3 months),57972.05,0.0
CUSTOMER_1306,54,Retail Cooperative Network,2412,2412,0.0,Active (0-3 months),100631.75,0.0
CUSTOMER_1314,54,Retail Cooperative Network,2412,2412,0.0,Active (0-3 months),41010.74,0.0
CUSTOMER_1316,2,Independent Retail Accounts,2412,2412,0.0,Active (0-3 months),17876.97,0.0
CUSTOMER_1317,46,Regional Retail Affiliate,2412,2412,0.0,Active (0-3 months),327961.81,0.0
CUSTOMER_1320,2,Independent Retail Accounts,2412,2412,0.0,Active (0-3 months),95721.96,0.0
CUSTOMER_1321,54,Retail Cooperative Network,2412,2412,0.0,Active (0-3 months),54994.81,0.0
CUSTOMER_1325,54,Retail Cooperative Network,2412,2412,0.0,Active (0-3 months),9847.21,0.0
CUSTOMER_1327,54,Retail Cooperative Network,2412,2412,0.0,Active (0-3 months),33439.48,0.0
CUSTOMER_1328,2,Independent Retail Accounts,2410,2412,2.0,Active (0-3 months),2512.28,0.0
CUSTOMER_1330,54,Retail Cooperative Network,2412,2412,0.0,Active (0-3 months),17697.88,0.0
CUSTOMER_1332,2,Independent Retail Accounts,2411,2412,1.0,Active (0-3 months),20481.72,0.0
CUSTOMER_1333,55,Large Regional Retail Chain,2412,2412,0.0,Active (0-3 months),127772.37,0.0
CUSTOMER_1334,55,Large Regional Retail Chain,2412,2412,0.0,Active (0-3 months),51452.54,0.0
CUSTOMER_1335,55,Large Regional Retail Chain,2412,2412,0.0,Active (0-3 months),64006.03,0.0
CUSTOMER_1336,55,Large Regional Retail Chain,2412,2412,0.0,Active (0-3 months),45156.13,0.0
CUSTOMER_1337,55,Large Regional Retail Chain,2412,2412,0.0,Active (0-3 months),41906.94,0.0
CUSTOMER_1338,55,Large Regional Retail Chain,2411,2412,1.0,Active (0-3 months),21062.23,0.0
CUSTOMER_1339,55,Large Regional Retail Chain,2412,2412,0.0,Active (0-3 months),38716.67,0.0
CUSTOMER_1340,55,Large Regional Retail Chain,2412,2412,0.0,Active (0-3 months),34226.53,0.0
CUSTOMER_1341,55,Large Regional Retail Chain,2412,2412,0.0,Active (0-3 months),29512.34,0.0
CUSTOMER_1342,55,Large Regional Retail Chain,2412,2412,0.0,Active (0-3 months),23057.49,0.0
CUSTOMER_1343,55,Large Regional Retail Chain,2412,2412,0.0,Active (0-3 months),28647.08,0.0
CUSTOMER_1344,55,Large Regional Retail Chain,2412,2412,0.0,Active (0-3 months),11929.38,0.0
CUSTOMER_1345,54,Retail Cooperative Network,2411,2412,1.0,Active (0-3 months),10248.38,0.0
CUSTOMER_1347,2,Independent Retail Accounts,2412,2412,0.0,Active (0-3 months),113432.83,0.0
CUSTOMER_1348,2,Independent Retail Accounts,2412,2412,0.0,Active (0-3 months),8922.08,0.0
CUSTOMER_1351,2,Independent Retail Accounts,2412,2412,0.0,Active (0-3 months),48933.93,0.0
CUSTOMER_1352,5,Wholesale Trade Accounts,2411,2412,1.0,Active (0-3 months),3304.93,0.0
CUSTOMER_1354,5,Wholesale Trade Accounts,2410,2412,2.0,Active (0-3 months),16149.35,0.0
CUSTOMER_1355,2,Independent Retail Accounts,2410,2412,2.0,Active (0-3 months),5757.39,0.0
CUSTOMER_1357,2,Independent Retail Accounts,2412,2412,0.0,Active (0-3 months),83026.16,0.0
CUSTOMER_1359,2,Independent Retail Accounts,2411,2412,1.0,Active (0-3 months),27483.24,0.0
CUSTOMER_1362,2,Independent Retail Accounts,2412,2412,0.0,Active (0-3 months),138006.94,0.0
CUSTOMER_1368,1,Unassigned,2412,2412,0.0,Active (0-3 months),5422.13,0.0
CUSTOMER_1372,2,Independent Retail Accounts,2412,2412,0.0,Active (0-3 months),502339.31,0.0
CUSTOMER_1373,5,Wholesale Trade Accounts,2411,2412,1.0,Active (0-3 months),2571.3,0.0
CUSTOMER_1374,2,Independent Retail Accounts,2412,2412,0.0,Active (0-3 months),41563.21,0.0
CUSTOMER_1379,2,Independent Retail Accounts,2412,2412,0.0,Active (0-3 months),32067.95,0.0
CUSTOMER_1381,2,Independent Retail Accounts,2412,2412,0.0,Active (0-3 months),13467.84,0.0
CUSTOMER_1385,31,Premium Specialty Operator,2412,2412,0.0,Active (0-3 months),158934.23,0.0
CUSTOMER_1386,5,Wholesale Trade Accounts,2412,2412,0.0,Active (0-3 months),191745.25,0.0
CUSTOMER_1387,31,Premium Specialty Operator,2412,2412,0.0,Active (0-3 months),600428.41,0.0
CUSTOMER_1388,31,Premium Specialty Operator,2412,2412,0.0,Active (0-3 months),113589.94,0.0
CUSTOMER_1391,2,Independent Retail Accounts,2412,2412,0.0,Active (0-3 months),64469.81,0.0
CUSTOMER_1392,18,Multi-Location Retail Group – Premium Tier,2412,2412,0.0,Active (0-3 months),94743.55,0.0
CUSTOMER_1393,41,Village Retail Operator,2412,2412,0.0,Active (0-3 months),8842.71,0.0
CUSTOMER_1394,2,Independent Retail Accounts,2412,2412,0.0,Active (0-3 months),130628.15,0.0
CUSTOMER_1396,5,Wholesale Trade Accounts,2412,2412,0.0,Active (0-3 months),74542.56,0.0
CUSTOMER_1399,2,Independent Retail Accounts,2412,2412,0.0,Active (0-3 months),197724.81,0.0
CUSTOMER_1400,2,Independent Retail Accounts,2412,2412,0.0,Active (0-3 months),123686.79,0.0
CUSTOMER_1401,2,Independent Retail Accounts,2412,2412,0.0,Active (0-3 months),164291.43,0.0
CUSTOMER_1405,2,Independent Retail Accounts,2412,2412,0.0,Active (0-3 months),16966.42,0.0
CUSTOMER_1406,4,Commercial Service Accounts,2411,2412,1.0,Active (0-3 months),946.97,0.0
CUSTOMER_1408,2,Independent Retail Accounts,2412,2412,0.0,Active (0-3 months),137338.66,0.0
CUSTOMER_1409,2,Independent Retail Accounts,2412,2412,0.0,Active (0-3 months),155085.72,0.0
CUSTOMER_1410,2,Independent Retail Accounts,2411,2412,1.0,Active (0-3 months),8504.48,0.0
CUSTOMER_1411,2,Independent Retail Accounts,2412,2412,0.0,Active (0-3 months),25902.74,0.0
CUSTOMER_1412,2,Independent Retail Accounts,2412,2412,0.0,Active (0-3 months),227122.22,0.0
CUSTOMER_1416,65,Regional Specialty Retailer,2412,2412,0.0,Active (0-3 months),216653.34,0.0
CUSTOMER_1417,65,Regional Specialty Retailer,2412,2412,0.0,Active (0-3 months),167339.7,0.0
CUSTOMER_1418,65,Regional Specialty Retailer,2412,2412,0.0,Active (0-3 months),220943.95,0.0
CUSTOMER_1419,65,Regional Specialty Retailer,2412,2412,0.0,Active (0-3 months),322193.47,0.0
CUSTOMER_1420,65,Regional Specialty Retailer,2412,2412,0.0,Active (0-3 months),373593.33,0.0
CUSTOMER_1421,54,Retail Cooperative Network,2412,2412,0.0,Active (0-3 months),61522.02,0.0
CUSTOMER_1425,2,Independent Retail Accounts,2412,2412,0.0,Active (0-3 months),17855.05,0.0
CUSTOMER_1426,2,Independent Retail Accounts,2412,2412,0.0,Active (0-3 months),318373.04,0.0
CUSTOMER_1427,2,Independent Retail Accounts,2412,2412,0.0,Active (0-3 months),147675.54,0.0
CUSTOMER_1429,2,Independent Retail Accounts,2412,2412,0.0,Active (0-3 months),71857.9,0.0
CUSTOMER_1431,2,Independent Retail Accounts,2412,2412,0.0,Active (0-3 months),147372.08,0.0
CUSTOMER_1435,2,Independent Retail Accounts,2412,2412,0.0,Active (0-3 months),379565.06,0.0
CUSTOMER_1436,2,Independent Retail Accounts,2412,2412,0.0,Active (0-3 months),70648.09,0.0
CUSTOMER_1437,2,Independent Retail Accounts,2412,2412,0.0,Active (0-3 months),105617.99,0.0
CUSTOMER_1440,2,Independent Retail Accounts,2412,2412,0.0,Active (0-3 months),138468.72,0.0
CUSTOMER_1441,5,Wholesale Trade Accounts,2410,2412,2.0,Active (0-3 months),58254.9,0.0
CUSTOMER_1443,4,Commercial Service Accounts,2410,2412,2.0,Active (0-3 months),23138.4,0.0
CUSTOMER_1447,2,Independent Retail Accounts,2412,2412,0.0,Active (0-3 months),140112.66,0.0
CUSTOMER_1448,2,Independent Retail Accounts,2412,2412,0.0,Active (0-3 months),71074.09,0.0
CUSTOMER_1450,2,Independent Retail Accounts,2412,2412,0.0,Active (0-3 months),32639.03,0.0
CUSTOMER_1455,2,Independent Retail Accounts,2412,2412,0.0,Active (0-3 months),15593.26,0.0
CUSTOMER_1457,54,Retail Cooperative Network,2412,2412,0.0,Active (0-3 months),31594.09,0.0
CUSTOMER_1463,2,Independent Retail Accounts,2412,2412,0.0,Active (0-3 months),25796.49,0.0
CUSTOMER_1464,2,Independent Retail Accounts,2410,2412,2.0,Active (0-3 months),13808.33,0.0
CUSTOMER_1465,2,Independent Retail Accounts,2412,2412,0.0,Active (0-3 months),133106.58,0.0
CUSTOMER_1466,2,Independent Retail Accounts,2412,2412,0.0,Active (0-3 months),4033.83,0.0
CUSTOMER_1467,2,Independent Retail Accounts,2412,2412,0.0,Active (0-3 months),17081.05,0.0
CUSTOMER_1469,5,Wholesale Trade Accounts,2410,2412,2.0,Active (0-3 months),118712.33,0.0
CUSTOMER_1470,2,Independent Retail Accounts,2412,2412,0.0,Active (0-3 months),12059.48,0.0
CUSTOMER_1471,1,Unassigned,2409,2412,3.0,Active (0-3 months),2641.44,0.0
CUSTOMER_1472,2,Independent Retail Accounts,2412,2412,0.0,Active (0-3 months),52335.67,0.0
CUSTOMER_1473,2,Independent Retail Accounts,2409,2412,3.0,Active (0-3 months),10727.78,0.0
CUSTOMER_1475,2,Independent Retail Accounts,2411,2412,1.0,Active (0-3 months),29894.37,0.0
CUSTOMER_1476,2,Independent Retail Accounts,2412,2412,0.0,Active (0-3 months),181291.98,0.0
CUSTOMER_1488,2,Independent Retail Accounts,2412,2412,0.0,Active (0-3 months),131104.65,0.0
CUSTOMER_1489,2,Independent Retail Accounts,2412,2412,0.0,Active (0-3 months),23716.44,0.0
CUSTOMER_1490,2,Independent Retail Accounts,2412,2412,0.0,Active (0-3 months),243105.59,0.0
CUSTOMER_1491,2,Independent Retail Accounts,2412,2412,0.0,Active (0-3 months),122280.37,0.0
CUSTOMER_1492,11,Manufacturing Partners,2412,2412,0.0,Active (0-3 months),131.24,0.0
CUSTOMER_1493,2,Independent Retail Accounts,2412,2412,0.0,Active (0-3 months),28221.81,0.0
CUSTOMER_1494,18,Multi-Location Retail Group – Premium Tier,2412,2412,0.0,Active (0-3 months),28129.35,0.0
CUSTOMER_1495,18,Multi-Location Retail Group – Premium Tier,2412,2412,0.0,Active (0-3 months),54586.2,0.0
CUSTOMER_1496,2,Independent Retail Accounts,2412,2412,0.0,Active (0-3 months),776.21,0.0
CUSTOMER_1497,18,Multi-Location Retail Group – Premium Tier,2412,2412,0.0,Active (0-3 months),2397.5,0.0
CUSTOMER_1498,18,Multi-Location Retail Group – Premium Tier,2412,2412,0.0,Active (0-3 months),43257.78,0.0
CUSTOMER_1499,18,Multi-Location Retail Group – Premium Tier,2412,2412,0.0,Active (0-3 months),123487.35,0.0
CUSTOMER_1500,18,Multi-Location Retail Group – Premium Tier,2412,2412,0.0,Active (0-3 months),4167.75,0.0
CUSTOMER_1501,18,Multi-Location Retail Group – Premium Tier,2412,2412,0.0,Active (0-3 months),4388.89,0.0
CUSTOMER_1502,18,Multi-Location Retail Group – Premium Tier,2412,2412,0.0,Active (0-3 months),77536.55,0.0
CUSTOMER_1503,18,Multi-Location Retail Group – Premium Tier,2412,2412,0.0,Active (0-3 months),48924.6,0.0
CUSTOMER_1504,18,Multi-Location Retail Group – Premium Tier,2412,2412,0.0,Active (0-3 months),14978.62,0.0
CUSTOMER_1505,18,Multi-Location Retail Group – Premium Tier,2412,2412,0.0,Active (0-3 months),59179.76,0.0
CUSTOMER_1506,18,Multi-Location Retail Group – Premium Tier,2412,2412,0.0,Active (0-3 months),52962.97,0.0
CUSTOMER_1507,18,Multi-Location Retail Group – Premium Tier,2412,2412,0.0,Active (0-3 months),102028.43,0.0
CUSTOMER_1508,18,Multi-Location Retail Group – Premium Tier,2412,2412,0.0,Active (0-3 months),179218.35,0.0
CUSTOMER_1509,18,Multi-Location Retail Group – Premium Tier,2412,2412,0.0,Active (0-3 months),2901.83,0.0
CUSTOMER_1510,18,Multi-Location Retail Group – Premium Tier,2412,2412,0.0,Active (0-3 months),98209.0,0.0
CUSTOMER_1511,18,Multi-Location Retail Group – Premium Tier,2412,2412,0.0,Active (0-3 months),71723.28,0.0
CUSTOMER_1512,18,Multi-Location Retail Group – Premium Tier,2412,2412,0.0,Active (0-3 months),3891.7,0.0
CUSTOMER_1513,18,Multi-Location Retail Group – Premium Tier,2412,2412,0.0,Active (0-3 months),8573.7,0.0
CUSTOMER_1514,18,Multi-Location Retail Group – Premium Tier,2412,2412,0.0,Active (0-3 months),74809.34,0.0
CUSTOMER_1515,18,Multi-Location Retail Group – Premium Tier,2412,2412,0.0,Active (0-3 months),150.22,0.0
CUSTOMER_1516,18,Multi-Location Retail Group – Premium Tier,2412,2412,0.0,Active (0-3 months),32613.35,0.0
CUSTOMER_1517,18,Multi-Location Retail Group – Premium Tier,2412,2412,0.0,Active (0-3 months),99093.17,0.0
CUSTOMER_1518,18,Multi-Location Retail Group – Premium Tier,2412,2412,0.0,Active (0-3 months),1050.8,0.0
CUSTOMER_1520,18,Multi-Location Retail Group – Premium Tier,2412,2412,0.0,Active (0-3 months),19837.98,0.0
CUSTOMER_1521,2,Independent Retail Accounts,2410,2412,2.0,Active (0-3 months),7023.63,0.0
CUSTOMER_1522,18,Multi-Location Retail Group – Premium Tier,2412,2412,0.0,Active (0-3 months),115344.86,0.0
CUSTOMER_1523,18,Multi-Location Retail Group – Premium Tier,2412,2412,0.0,Active (0-3 months),49649.63,0.0
CUSTOMER_1524,18,Multi-Location Retail Group – Premium Tier,2412,2412,0.0,Active (0-3 months),1554.79,0.0
CUSTOMER_1525,18,Multi-Location Retail Group – Premium Tier,2412,2412,0.0,Active (0-3 months),5053.79,0.0
CUSTOMER_1526,18,Multi-Location Retail Group – Premium Tier,2412,2412,0.0,Active (0-3 months),3315.12,0.0
CUSTOMER_1527,2,Independent Retail Accounts,2409,2412,3.0,Active (0-3 months),20061.83,0.0
CUSTOMER_1528,18,Multi-Location Retail Group – Premium Tier,2412,2412,0.0,Active (0-3 months),6055.35,0.0
CUSTOMER_1529,18,Multi-Location Retail Group – Premium Tier,2412,2412,0.0,Active (0-3 months),7056.92,0.0
CUSTOMER_1531,2,Independent Retail Accounts,2412,2412,0.0,Active (0-3 months),46265.31,0.0
CUSTOMER_1532,2,Independent Retail Accounts,2412,2412,0.0,Active (0-3 months),81316.11,0.0
CUSTOMER_1533,4,Commercial Service Accounts,2412,2412,0.0,Active (0-3 months),30581.97,0.0
CUSTOMER_1534,2,Independent Retail Accounts,2412,2412,0.0,Active (0-3 months),164250.63,0.0
CUSTOMER_1538,2,Independent Retail Accounts,2412,2412,0.0,Active (0-3 months),7414.79,0.0
CUSTOMER_1539,2,Independent Retail Accounts,2412,2412,0.0,Active (0-3 months),71401.38,0.0
CUSTOMER_1540,2,Independent Retail Accounts,2412,2412,0.0,Active (0-3 months),22041.0,0.0
CUSTOMER_1542,2,Independent Retail Accounts,2412,2412,0.0,Active (0-3 months),20759.79,0.0
CUSTOMER_1543,54,Retail Cooperative Network,2412,2412,0.0,Active (0-3 months),27112.85,0.0
CUSTOMER_1544,38,Cooperative Retail Affiliate,2412,2412,0.0,Active (0-3 months),266867.91,0.0
CUSTOMER_1545,38,Cooperative Retail Affiliate,2412,2412,0.0,Active (0-3 months),277751.66,0.0
CUSTOMER_1546,54,Retail Cooperative Network,2412,2412,0.0,Active (0-3 months),81694.19,0.0
CUSTOMER_1547,3,National Retail Chains,2411,2412,1.0,Active (0-3 months),20499.57,0.0
CUSTOMER_1548,38,Cooperative Retail Affiliate,2412,2412,0.0,Active (0-3 months),353842.38,0.0
CUSTOMER_1549,2,Independent Retail Accounts,2412,2412,0.0,Active (0-3 months),47057.14,0.0
CUSTOMER_1550,2,Independent Retail Accounts,2412,2412,0.0,Active (0-3 months),80988.29,0.0
CUSTOMER_1551,2,Independent Retail Accounts,2412,2412,0.0,Active (0-3 months),80006.51,0.0
CUSTOMER_1552,2,Independent Retail Accounts,2412,2412,0.0,Active (0-3 months),42193.69,0.0
CUSTOMER_1553,2,Independent Retail Accounts,2412,2412,0.0,Active (0-3 months),84293.32,0.0
CUSTOMER_1554,2,Independent Retail Accounts,2412,2412,0.0,Active (0-3 months),3474.79,0.0
CUSTOMER_1555,5,Wholesale Trade Accounts,2411,2412,1.0,Active (0-3 months),189653.0,0.0
CUSTOMER_1557,48,Specialty Beverage Retailer,2412,2412,0.0,Active (0-3 months),21184.72,0.0
CUSTOMER_1558,2,Independent Retail Accounts,2412,2412,0.0,Active (0-3 months),30711.51,0.0
CUSTOMER_1559,2,Independent Retail Accounts,2411,2412,1.0,Active (0-3 months),29266.94,0.0
CUSTOMER_1560,2,Independent Retail Accounts,2412,2412,0.0,Active (0-3 months),519754.93,0.0
CUSTOMER_1561,5,Wholesale Trade Accounts,2412,2412,0.0,Active (0-3 months),10074.94,0.0
CUSTOMER_1562,2,Independent Retail Accounts,2411,2412,1.0,Active (0-3 months),21517.76,0.0
CUSTOMER_1564,2,Independent Retail Accounts,2412,2412,0.0,Active (0-3 months),5942.56,0.0
CUSTOMER_1565,2,Independent Retail Accounts,2410,2412,2.0,Active (0-3 months),2334.64,0.0
CUSTOMER_1566,2,Independent Retail Accounts,2412,2412,0.0,Active (0-3 months),604402.48,0.0
CUSTOMER_1567,2,Independent Retail Accounts,2412,2412,0.0,Active (0-3 months),37315.6,0.0
CUSTOMER_1568,2,Independent Retail Accounts,2412,2412,0.0,Active (0-3 months),762525.8,0.0
CUSTOMER_1575,2,Independent Retail Accounts,2412,2412,0.0,Active (0-3 months),70501.83,0.0
CUSTOMER_1576,2,Independent Retail Accounts,2412,2412,0.0,Active (0-3 months),29887.73,0.0
CUSTOMER_1577,2,Independent Retail Accounts,2412,2412,0.0,Active (0-3 months),61253.76,0.0
CUSTOMER_1582,2,Independent Retail Accounts,2412,2412,0.0,Active (0-3 months),5925.16,0.0
CUSTOMER_1584,2,Independent Retail Accounts,2412,2412,0.0,Active (0-3 months),219466.62,0.0
CUSTOMER_1585,2,Independent Retail Accounts,2410,2412,2.0,Active (0-3 months),2822.62,0.0
CUSTOMER_1588,2,Independent Retail Accounts,2412,2412,0.0,Active (0-3 months),8240.71,0.0
CUSTOMER_1589,4,Commercial Service Accounts,2412,2412,0.0,Active (0-3 months),11528.2,0.0
CUSTOMER_1590,2,Independent Retail Accounts,2412,2412,0.0,Active (0-3 months),32951.9,0.0
CUSTOMER_1593,5,Wholesale Trade Accounts,2412,2412,0.0,Active (0-3 months),266331.85,0.0
CUSTOMER_1596,2,Independent Retail Accounts,2412,2412,0.0,Active (0-3 months),54731.07,0.0
CUSTOMER_1602,2,Independent Retail Accounts,2412,2412,0.0,Active (0-3 months),124199.63,0.0
CUSTOMER_1603,11,Manufacturing Partners,2411,2412,1.0,Active (0-3 months),3166.07,0.0
CUSTOMER_1604,54,Retail Cooperative Network,2412,2412,0.0,Active (0-3 months),67450.77,0.0
CUSTOMER_1606,2,Independent Retail Accounts,2412,2412,0.0,Active (0-3 months),40456.26,0.0
CUSTOMER_1607,2,Independent Retail Accounts,2411,2412,1.0,Active (0-3 months),16909.56,0.0
CUSTOMER_1613,14,Specialty Retail – Small Format,2410,2412,2.0,Active (0-3 months),188.79,0.0
CUSTOMER_1614,2,Independent Retail Accounts,2412,2412,0.0,Active (0-3 months),20827.09,0.0
CUSTOMER_1621,2,Independent Retail Accounts,2412,2412,0.0,Active (0-3 months),14232.55,0.0
CUSTOMER_1623,2,Independent Retail Accounts,2412,2412,0.0,Active (0-3 months),88850.48,0.0
CUSTOMER_1624,2,Independent Retail Accounts,2412,2412,0.0,Active (0-3 months),52560.95,0.0
CUSTOMER_1628,57,National Retail Affiliate – Secondary,2412,2412,0.0,Active (0-3 months),35813.19,0.0
CUSTOMER_1629,5,Wholesale Trade Accounts,2412,2412,0.0,Active (0-3 months),16491.11,0.0
CUSTOMER_1630,66,Independent Neighborhood Retailer,2412,2412,0.0,Active (0-3 months),5094.94,0.0
CUSTOMER_1631,4,Commercial Service Accounts,2412,2412,0.0,Active (0-3 months),8011.91,0.0
CUSTOMER_1632,2,Independent Retail Accounts,2412,2412,0.0,Active (0-3 months),346207.31,0.0
CUSTOMER_1634,2,Independent Retail Accounts,2412,2412,0.0,Active (0-3 months),11853.96,0.0
CUSTOMER_1635,2,Independent Retail Accounts,2409,2412,3.0,Active (0-3 months),11512.4,0.0
CUSTOMER_1637,4,Commercial Service Accounts,2412,2412,0.0,Active (0-3 months),60143.62,0.0
CUSTOMER_1640,2,Independent Retail Accounts,2412,2412,0.0,Active (0-3 months),23257.19,0.0
CUSTOMER_1644,2,Independent Retail Accounts,2412,2412,0.0,Active (0-3 months),95834.6,0.0
CUSTOMER_1648,2,Independent Retail Accounts,2412,2412,0.0,Active (0-3 months),41114.39,0.0
CUSTOMER_1654,4,Commercial Service Accounts,2412,2412,0.0,Active (0-3 months),14820.86,0.0
CUSTOMER_1655,2,Independent Retail Accounts,2411,2412,1.0,Active (0-3 months),13435.54,0.0
CUSTOMER_1656,2,Independent Retail Accounts,2411,2412,1.0,Active (0-3 months),52726.94,0.0
CUSTOMER_1657,5,Wholesale Trade Accounts,2412,2412,0.0,Active (0-3 months),92323.76,0.0
CUSTOMER_1660,2,Independent Retail Accounts,2412,2412,0.0,Active (0-3 months),92858.61,0.0
CUSTOMER_1661,26,Suburban Retail Chain,2412,2412,0.0,Active (0-3 months),97329.21,0.0
CUSTOMER_1662,26,Suburban Retail Chain,2412,2412,0.0,Active (0-3 months),231307.04,0.0
CUSTOMER_1663,26,Suburban Retail Chain,2412,2412,0.0,Active (0-3 months),438925.39,0.0
CUSTOMER_1664,26,Suburban Retail Chain,2412,2412,0.0,Active (0-3 months),386621.6,0.0
CUSTOMER_1665,26,Suburban Retail Chain,2412,2412,0.0,Active (0-3 months),373588.24,0.0
CUSTOMER_1666,26,Suburban Retail Chain,2412,2412,0.0,Active (0-3 months),277535.17,0.0
CUSTOMER_1667,26,Suburban Retail Chain,2412,2412,0.0,Active (0-3 months),224606.75,0.0
CUSTOMER_1668,26,Suburban Retail Chain,2412,2412,0.0,Active (0-3 months),425598.15,0.0
CUSTOMER_1669,26,Suburban Retail Chain,2412,2412,0.0,Active (0-3 months),408330.01,0.0
CUSTOMER_1670,2,Independent Retail Accounts,2412,2412,0.0,Active (0-3 months),72154.91,0.0
CUSTOMER_1675,2,Independent Retail Accounts,2411,2412,1.0,Active (0-3 months),6486.63,0.0
CUSTOMER_1677,3,National Retail Chains,2412,2412,0.0,Active (0-3 months),19355.8,0.0
CUSTOMER_1678,3,National Retail Chains,2412,2412,0.0,Active (0-3 months),33184.89,0.0
CUSTOMER_1679,3,National Retail Chains,2412,2412,0.0,Active (0-3 months),63901.38,0.0
CUSTOMER_1680,2,Independent Retail Accounts,2412,2412,0.0,Active (0-3 months),115052.17,0.0
CUSTOMER_1681,56,National Retail Affiliate,2412,2412,0.0,Active (0-3 months),66540.79,0.0
CUSTOMER_1682,56,National Retail Affiliate,2412,2412,0.0,Active (0-3 months),26376.09,0.0
CUSTOMER_1683,56,National Retail Affiliate,2412,2412,0.0,Active (0-3 months),26632.73,0.0
CUSTOMER_1684,56,National Retail Affiliate,2412,2412,0.0,Active (0-3 months),44521.44,0.0
CUSTOMER_1685,56,National Retail Affiliate,2412,2412,0.0,Active (0-3 months),45691.74,0.0
CUSTOMER_1686,56,National Retail Affiliate,2412,2412,0.0,Active (0-3 months),52335.19,0.0
CUSTOMER_1688,56,National Retail Affiliate,2412,2412,0.0,Active (0-3 months),36991.79,0.0
CUSTOMER_1689,57,National Retail Affiliate – Secondary,2412,2412,0.0,Active (0-3 months),40827.42,0.0
CUSTOMER_1690,57,National Retail Affiliate – Secondary,2412,2412,0.0,Active (0-3 months),24980.85,0.0
CUSTOMER_1691,57,National Retail Affiliate – Secondary,2412,2412,0.0,Active (0-3 months),41518.79,0.0
CUSTOMER_1692,41,Village Retail Operator,2410,2412,2.0,Active (0-3 months),24231.73,0.0
CUSTOMER_1694,41,Village Retail Operator,2412,2412,0.0,Active (0-3 months),13471.74,0.0
CUSTOMER_1695,41,Village Retail Operator,2412,2412,0.0,Active (0-3 months),31349.25,0.0
CUSTOMER_1696,41,Village Retail Operator,2409,2412,3.0,Active (0-3 months),12556.24,0.0
CUSTOMER_1697,41,Village Retail Operator,2412,2412,0.0,Active (0-3 months),13701.76,0.0
CUSTOMER_1698,41,Village Retail Operator,2410,2412,2.0,Active (0-3 months),15228.41,0.0
CUSTOMER_1699,41,Village Retail Operator,2412,2412,0.0,Active (0-3 months),49081.89,0.0
CUSTOMER_1702,2,Independent Retail Accounts,2412,2412,0.0,Active (0-3 months),33870.81,0.0
CUSTOMER_1704,2,Independent Retail Accounts,2412,2412,0.0,Active (0-3 months),30895.5,0.0
CUSTOMER_1705,48,Specialty Beverage Retailer,2412,2412,0.0,Active (0-3 months),7555.28,0.0
CUSTOMER_1709,2,Independent Retail Accounts,2411,2412,1.0,Active (0-3 months),6598.55,0.0
CUSTOMER_1710,2,Independent Retail Accounts,2412,2412,0.0,Active (0-3 months),89410.55,0.0
CUSTOMER_1713,2,Independent Retail Accounts,2412,2412,0.0,Active (0-3 months),67816.16,0.0
CUSTOMER_1717,5,Wholesale Trade Accounts,2412,2412,0.0,Active (0-3 months),45106.62,0.0
CUSTOMER_1720,2,Independent Retail Accounts,2410,2412,2.0,Active (0-3 months),3023.57,0.0
CUSTOMER_1722,2,Independent Retail Accounts,2412,2412,0.0,Active (0-3 months),397249.34,0.0
CUSTOMER_1724,2,Independent Retail Accounts,2412,2412,0.0,Active (0-3 months),35217.34,0.0
CUSTOMER_1725,2,Independent Retail Accounts,2412,2412,0.0,Active (0-3 months),16920.69,0.0
CUSTOMER_1727,2,Independent Retail Accounts,2410,2412,2.0,Active (0-3 months),31962.75,0.0
CUSTOMER_1728,2,Independent Retail Accounts,2412,2412,0.0,Active (0-3 months),274914.53,0.0
CUSTOMER_1729,2,Independent Retail Accounts,2412,2412,0.0,Active (0-3 months),24226.81,0.0
CUSTOMER_1730,5,Wholesale Trade Accounts,2412,2412,0.0,Active (0-3 months),151986.63,0.0
CUSTOMER_1731,2,Independent Retail Accounts,2411,2412,1.0,Active (0-3 months),3320.13,0.0
CUSTOMER_1732,2,Independent Retail Accounts,2412,2412,0.0,Active (0-3 months),360577.38,0.0
CUSTOMER_1733,2,Independent Retail Accounts,2411,2412,1.0,Active (0-3 months),3117.52,0.0
CUSTOMER_1737,3,National Retail Chains,2412,2412,0.0,Active (0-3 months),228238.1,0.0
CUSTOMER_1738,2,Independent Retail Accounts,2412,2412,0.0,Active (0-3 months),45958.86,0.0
CUSTOMER_1739,2,Independent Retail Accounts,2412,2412,0.0,Active (0-3 months),4685.08,0.0
CUSTOMER_1740,2,Independent Retail Accounts,2412,2412,0.0,Active (0-3 months),2502.46,0.0
CUSTOMER_1743,2,Independent Retail Accounts,2411,2412,1.0,Active (0-3 months),61409.21,0.0
CUSTOMER_1745,2,Independent Retail Accounts,2411,2412,1.0,Active (0-3 months),25297.68,0.0
CUSTOMER_1746,5,Wholesale Trade Accounts,2410,2412,2.0,Active (0-3 months),358.5,0.0
CUSTOMER_1750,2,Independent Retail Accounts,2412,2412,0.0,Active (0-3 months),78707.69,0.0
CUSTOMER_1751,2,Independent Retail Accounts,2412,2412,0.0,Active (0-3 months),44896.2,0.0
CUSTOMER_1753,2,Independent Retail Accounts,2412,2412,0.0,Active (0-3 months),62291.13,0.0
CUSTOMER_1756,70,Miscellaneous Trade Accounts,2412,2412,0.0,Active (0-3 months),47748.75,0.0
CUSTOMER_1757,2,Independent Retail Accounts,2412,2412,0.0,Active (0-3 months),33638.05,0.0
CUSTOMER_1758,2,Independent Retail Accounts,2412,2412,0.0,Active (0-3 months),46281.76,0.0
CUSTOMER_1759,2,Independent Retail Accounts,2412,2412,0.0,Active (0-3 months),55103.66,0.0
CUSTOMER_1760,2,Independent Retail Accounts,2412,2412,0.0,Active (0-3 months),20664.15,0.0
CUSTOMER_1761,2,Independent Retail Accounts,2412,2412,0.0,Active (0-3 months),70638.63,0.0
CUSTOMER_1762,2,Independent Retail Accounts,2412,2412,0.0,Active (0-3 months),25177.01,0.0
CUSTOMER_1763,5,Wholesale Trade Accounts,2412,2412,0.0,Active (0-3 months),100278.82,0.0
CUSTOMER_1764,2,Independent Retail Accounts,2412,2412,0.0,Active (0-3 months),126897.46,0.0
CUSTOMER_1766,5,Wholesale Trade Accounts,2412,2412,0.0,Active (0-3 months),44390.41,0.0
CUSTOMER_1767,2,Independent Retail Accounts,2412,2412,0.0,Active (0-3 months),25138.86,0.0
CUSTOMER_1768,4,Commercial Service Accounts,2412,2412,0.0,Active (0-3 months),19339.92,0.0
CUSTOMER_1769,2,Independent Retail Accounts,2412,2412,0.0,Active (0-3 months),63012.18,0.0
CUSTOMER_1770,2,Independent Retail Accounts,2412,2412,0.0,Active (0-3 months),122205.65,0.0
CUSTOMER_1771,2,Independent Retail Accounts,2412,2412,0.0,Active (0-3 months),10441.24,0.0
CUSTOMER_1772,2,Independent Retail Accounts,2412,2412,0.0,Active (0-3 months),135329.04,0.0
CUSTOMER_1773,2,Independent Retail Accounts,2412,2412,0.0,Active (0-3 months),3347.98,0.0
CUSTOMER_1774,2,Independent Retail Accounts,2412,2412,0.0,Active (0-3 months),89152.0,0.0
CUSTOMER_1775,5,Wholesale Trade Accounts,2412,2412,0.0,Active (0-3 months),100950.97,0.0
CUSTOMER_1777,2,Independent Retail Accounts,2411,2412,1.0,Active (0-3 months),7240.95,0.0
CUSTOMER_1778,2,Independent Retail Accounts,2412,2412,0.0,Active (0-3 months),74529.01,0.0
CUSTOMER_1779,2,Independent Retail Accounts,2412,2412,0.0,Active (0-3 months),219266.48,0.0
CUSTOMER_1781,2,Independent Retail Accounts,2412,2412,0.0,Active (0-3 months),1037685.89,0.0
CUSTOMER_1782,2,Independent Retail Accounts,2412,2412,0.0,Active (0-3 months),285603.56,0.0
CUSTOMER_1783,2,Independent Retail Accounts,2412,2412,0.0,Active (0-3 months),131086.49,0.0
CUSTOMER_1784,2,Independent Retail Accounts,2412,2412,0.0,Active (0-3 months),75792.38,0.0
CUSTOMER_1785,2,Independent Retail Accounts,2412,2412,0.0,Active (0-3 months),215755.97,0.0
CUSTOMER_1786,2,Independent Retail Accounts,2412,2412,0.0,Active (0-3 months),183500.59,0.0
CUSTOMER_1787,2,Independent Retail Accounts,2412,2412,0.0,Active (0-3 months),34811.3,0.0
CUSTOMER_1788,2,Independent Retail Accounts,2412,2412,0.0,Active (0-3 months),110519.18,0.0
CUSTOMER_1789,2,Independent Retail Accounts,2412,2412,0.0,Active (0-3 months),74448.66,0.0
CUSTOMER_1791,2,Independent Retail Accounts,2412,2412,0.0,Active (0-3 months),49395.78,0.0
CUSTOMER_1793,2,Independent Retail Accounts,2412,2412,0.0,Active (0-3 months),129767.62,0.0
CUSTOMER_1794,2,Independent Retail Accounts,2412,2412,0.0,Active (0-3 months),371122.19,0.0
CUSTOMER_1796,2,Independent Retail Accounts,2412,2412,0.0,Active (0-3 months),71204.54,0.0
CUSTOMER_1797,2,Independent Retail Accounts,2411,2412,1.0,Active (0-3 months),3528.33,0.0
CUSTOMER_1798,2,Independent Retail Accounts,2412,2412,0.0,Active (0-3 months),8763.8,0.0
CUSTOMER_1799,4,Commercial Service Accounts,2412,2412,0.0,Active (0-3 months),36614.15,0.0
CUSTOMER_1800,2,Independent Retail Accounts,2412,2412,0.0,Active (0-3 months),26879.81,0.0
CUSTOMER_1803,2,Independent Retail Accounts,2412,2412,0.0,Active (0-3 months),1391.98,0.0
CUSTOMER_1804,2,Independent Retail Accounts,2412,2412,0.0,Active (0-3 months),131491.18,0.0
CUSTOMER_1805,2,Independent Retail Accounts,2412,2412,0.0,Active (0-3 months),41501.95,0.0
CUSTOMER_1806,2,Independent Retail Accounts,2412,2412,0.0,Active (0-3 months),137446.77,0.0
CUSTOMER_1807,2,Independent Retail Accounts,2412,2412,0.0,Active (0-3 months),109372.46,0.0
CUSTOMER_1808,2,Independent Retail Accounts,2412,2412,0.0,Active (0-3 months),70792.91,0.0
CUSTOMER_1810,2,Independent Retail Accounts,2411,2412,1.0,Active (0-3 months),1690.72,0.0
CUSTOMER_1811,2,Independent Retail Accounts,2412,2412,0.0,Active (0-3 months),88687.1,0.0
CUSTOMER_1812,2,Independent Retail Accounts,2412,2412,0.0,Active (0-3 months),72686.98,0.0
CUSTOMER_1813,2,Independent Retail Accounts,2412,2412,0.0,Active (0-3 months),201796.21,0.0
CUSTOMER_1815,2,Independent Retail Accounts,2412,2412,0.0,Active (0-3 months),16027.79,0.0
CUSTOMER_1816,33,Regional Specialty Market,2412,2412,0.0,Active (0-3 months),63089.58,0.0
CUSTOMER_1818,33,Regional Specialty Market,2412,2412,0.0,Active (0-3 months),48911.17,0.0
CUSTOMER_1819,33,Regional Specialty Market,2412,2412,0.0,Active (0-3 months),14770.21,0.0
CUSTOMER_1820,33,Regional Specialty Market,2412,2412,0.0,Active (0-3 months),58191.12,0.0
CUSTOMER_1821,33,Regional Specialty Market,2412,2412,0.0,Active (0-3 months),74654.63,0.0
CUSTOMER_1822,33,Regional Specialty Market,2412,2412,0.0,Active (0-3 months),125961.36,0.0
CUSTOMER_1823,33,Regional Specialty Market,2412,2412,0.0,Active (0-3 months),91461.82,0.0
CUSTOMER_1824,33,Regional Specialty Market,2412,2412,0.0,Active (0-3 months),68763.09,0.0
CUSTOMER_1825,33,Regional Specialty Market,2412,2412,0.0,Active (0-3 months),2572.56,0.0
CUSTOMER_1826,33,Regional Specialty Market,2412,2412,0.0,Active (0-3 months),331041.12,0.0
CUSTOMER_1827,33,Regional Specialty Market,2412,2412,0.0,Active (0-3 months),115301.95,0.0
CUSTOMER_1828,33,Regional Specialty Market,2412,2412,0.0,Active (0-3 months),17813.19,0.0
CUSTOMER_1829,2,Independent Retail Accounts,2412,2412,0.0,Active (0-3 months),12297.4,0.0
CUSTOMER_1832,2,Independent Retail Accounts,2411,2412,1.0,Active (0-3 months),44947.82,0.0
CUSTOMER_1833,2,Independent Retail Accounts,2412,2412,0.0,Active (0-3 months),26930.25,0.0
CUSTOMER_1836,2,Independent Retail Accounts,2412,2412,0.0,Active (0-3 months),425859.14,0.0
CUSTOMER_1837,2,Independent Retail Accounts,2412,2412,0.0,Active (0-3 months),30646.76,0.0
CUSTOMER_1838,4,Commercial Service Accounts,2412,2412,0.0,Active (0-3 months),552.55,0.0
CUSTOMER_1839,4,Commercial Service Accounts,2411,2412,1.0,Active (0-3 months),18188.7,0.0
CUSTOMER_1840,2,Independent Retail Accounts,2410,2412,2.0,Active (0-3 months),800.8,0.0
CUSTOMER_1841,5,Wholesale Trade Accounts,2412,2412,0.0,Active (0-3 months),4970.09,0.0
CUSTOMER_1844,2,Independent Retail Accounts,2409,2412,3.0,Active (0-3 months),5216.06,0.0
CUSTOMER_1846,54,Retail Cooperative Network,2412,2412,0.0,Active (0-3 months),27968.06,0.0
CUSTOMER_1851,2,Independent Retail Accounts,2412,2412,0.0,Active (0-3 months),106260.52,0.0
CUSTOMER_1853,2,Independent Retail Accounts,2410,2412,2.0,Active (0-3 months),7099.37,0.0
CUSTOMER_1854,2,Independent Retail Accounts,2411,2412,1.0,Active (0-3 months),4003.09,0.0
CUSTOMER_1855,5,Wholesale Trade Accounts,2410,2412,2.0,Active (0-3 months),1251.66,0.0
CUSTOMER_1856,2,Independent Retail Accounts,2412,2412,0.0,Active (0-3 months),3989.27,0.0
CUSTOMER_1858,2,Independent Retail Accounts,2412,2412,0.0,Active (0-3 months),63444.19,0.0
CUSTOMER_1859,2,Independent Retail Accounts,2412,2412,0.0,Active (0-3 months),5549.92,0.0
CUSTOMER_1865,2,Independent Retail Accounts,2412,2412,0.0,Active (0-3 months),32386.3,0.0
CUSTOMER_1866,2,Independent Retail Accounts,2412,2412,0.0,Active (0-3 months),114221.63,0.0
CUSTOMER_1868,2,Independent Retail Accounts,2412,2412,0.0,Active (0-3 months),37905.66,0.0
CUSTOMER_1883,2,Independent Retail Accounts,2410,2412,2.0,Active (0-3 months),4368.59,0.0
CUSTOMER_1885,2,Independent Retail Accounts,2411,2412,1.0,Active (0-3 months),30291.14,0.0
CUSTOMER_1886,5,Wholesale Trade Accounts,2412,2412,0.0,Active (0-3 months),54716.59,0.0
CUSTOMER_1906,2,Independent Retail Accounts,2412,2412,0.0,Active (0-3 months),52080.91,0.0
CUSTOMER_1907,4,Commercial Service Accounts,2412,2412,0.0,Active (0-3 months),129251.04,0.0
CUSTOMER_1908,2,Independent Retail Accounts,2412,2412,0.0,Active (0-3 months),13691.61,0.0
CUSTOMER_1909,2,Independent Retail Accounts,2412,2412,0.0,Active (0-3 months),3444.86,0.0
CUSTOMER_1910,2,Independent Retail Accounts,2412,2412,0.0,Active (0-3 months),32599.12,0.0
CUSTOMER_1911,2,Independent Retail Accounts,2412,2412,0.0,Active (0-3 months),142021.78,0.0
CUSTOMER_1915,2,Independent Retail Accounts,2412,2412,0.0,Active (0-3 months),318909.45,0.0
CUSTOMER_1916,2,Independent Retail Accounts,2412,2412,0.0,Active (0-3 months),40173.08,0.0
CUSTOMER_1917,2,Independent Retail Accounts,2410,2412,2.0,Active (0-3 months),8114.16,0.0
CUSTOMER_1918,2,Independent Retail Accounts,2412,2412,0.0,Active (0-3 months),8407.51,0.0
CUSTOMER_1919,2,Independent Retail Accounts,2412,2412,0.0,Active (0-3 months),17792.94,0.0
CUSTOMER_1920,63,Destination Retail Location,2412,2412,0.0,Active (0-3 months),85894.15,0.0
CUSTOMER_1922,35,Regional Multi-Unit Operator,2412,2412,0.0,Active (0-3 months),27435.95,0.0
CUSTOMER_1923,35,Regional Multi-Unit Operator,2412,2412,0.0,Active (0-3 months),11304.47,0.0
CUSTOMER_1924,35,Regional Multi-Unit Operator,2412,2412,0.0,Active (0-3 months),3331.63,0.0
CUSTOMER_1925,35,Regional Multi-Unit Operator,2412,2412,0.0,Active (0-3 months),10088.2,0.0
CUSTOMER_1926,35,Regional Multi-Unit Operator,2412,2412,0.0,Active (0-3 months),5983.83,0.0
CUSTOMER_1927,35,Regional Multi-Unit Operator,2412,2412,0.0,Active (0-3 months),28391.82,0.0
CUSTOMER_1928,35,Regional Multi-Unit Operator,2412,2412,0.0,Active (0-3 months),5659.21,0.0
CUSTOMER_1930,35,Regional Multi-Unit Operator,2412,2412,0.0,Active (0-3 months),3464.08,0.0
CUSTOMER_1931,2,Independent Retail Accounts,2412,2412,0.0,Active (0-3 months),10980.5,0.0
CUSTOMER_1932,35,Regional Multi-Unit Operator,2412,2412,0.0,Active (0-3 months),23609.93,0.0
CUSTOMER_1935,35,Regional Multi-Unit Operator,2412,2412,0.0,Active (0-3 months),6442.67,0.0
CUSTOMER_1936,35,Regional Multi-Unit Operator,2412,2412,0.0,Active (0-3 months),17826.35,0.0
CUSTOMER_1937,35,Regional Multi-Unit Operator,2412,2412,0.0,Active (0-3 months),10704.27,0.0
CUSTOMER_1938,35,Regional Multi-Unit Operator,2412,2412,0.0,Active (0-3 months),85149.76,0.0
CUSTOMER_1939,35,Regional Multi-Unit Operator,2412,2412,0.0,Active (0-3 months),8830.52,0.0
CUSTOMER_1941,35,Regional Multi-Unit Operator,2412,2412,0.0,Active (0-3 months),61753.44,0.0
CUSTOMER_1944,5,Wholesale Trade Accounts,2412,2412,0.0,Active (0-3 months),88.59,0.0
CUSTOMER_1945,2,Independent Retail Accounts,2412,2412,0.0,Active (0-3 months),63473.29,0.0
CUSTOMER_1946,2,Independent Retail Accounts,2412,2412,0.0,Active (0-3 months),169809.4,0.0
CUSTOMER_1947,2,Independent Retail Accounts,2412,2412,0.0,Active (0-3 months),4326.41,0.0
CUSTOMER_1950,2,Independent Retail Accounts,2412,2412,0.0,Active (0-3 months),23305.74,0.0
CUSTOMER_1951,2,Independent Retail Accounts,2412,2412,0.0,Active (0-3 months),17069.1,0.0
CUSTOMER_1952,4,Commercial Service Accounts,2412,2412,0.0,Active (0-3 months),51811.55,0.0
CUSTOMER_1953,48,Specialty Beverage Retailer,2412,2412,0.0,Active (0-3 months),48084.5,0.0
CUSTOMER_1958,2,Independent Retail Accounts,2412,2412,0.0,Active (0-3 months),2197.75,0.0
CUSTOMER_1959,2,Independent Retail Accounts,2410,2412,2.0,Active (0-3 months),18664.39,0.0
CUSTOMER_1961,2,Independent Retail Accounts,2412,2412,0.0,Active (0-3 months),150795.16,0.0
CUSTOMER_1964,2,Independent Retail Accounts,2411,2412,1.0,Active (0-3 months),2973.94,0.0
CUSTOMER_1970,2,Independent Retail Accounts,2412,2412,0.0,Active (0-3 months),13291.76,0.0
CUSTOMER_1973,2,Independent Retail Accounts,2412,2412,0.0,Active (0-3 months),1386.96,0.0
CUSTOMER_1975,2,Independent Retail Accounts,2411,2412,1.0,Active (0-3 months),23265.27,0.0
CUSTOMER_1976,2,Independent Retail Accounts,2412,2412,0.0,Active (0-3 months),30876.04,0.0
CUSTOMER_1977,2,Independent Retail Accounts,2412,2412,0.0,Active (0-3 months),88399.42,0.0
CUSTOMER_1978,2,Independent Retail Accounts,2412,2412,0.0,Active (0-3 months),45877.47,0.0
CUSTOMER_1980,2,Independent Retail Accounts,2412,2412,0.0,Active (0-3 months),54605.51,0.0
CUSTOMER_1983,2,Independent Retail Accounts,2411,2412,1.0,Active (0-3 months),11596.13,0.0
CUSTOMER_1984,2,Independent Retail Accounts,2412,2412,0.0,Active (0-3 months),25102.56,0.0
CUSTOMER_1985,2,Independent Retail Accounts,2411,2412,1.0,Active (0-3 months),109816.19,0.0
CUSTOMER_1987,4,Commercial Service Accounts,2412,2412,0.0,Active (0-3 months),133468.86,0.0
CUSTOMER_1992,2,Independent Retail Accounts,2412,2412,0.0,Active (0-3 months),58037.01,0.0
CUSTOMER_1994,5,Wholesale Trade Accounts,2410,2412,2.0,Active (0-3 months),132725.71,0.0
CUSTOMER_1997,2,Independent Retail Accounts,2412,2412,0.0,Active (0-3 months),53676.07,0.0
CUSTOMER_1998,2,Independent Retail Accounts,2412,2412,0.0,Active (0-3 months),55539.42,0.0
CUSTOMER_2000,2,Independent Retail Accounts,2412,2412,0.0,Active (0-3 months),26457.87,0.0
CUSTOMER_2001,2,Independent Retail Accounts,2412,2412,0.0,Active (0-3 months),53708.87,0.0
CUSTOMER_2002,2,Independent Retail Accounts,2412,2412,0.0,Active (0-3 months),18960.48,0.0
CUSTOMER_2003,2,Independent Retail Accounts,2412,2412,0.0,Active (0-3 months),177251.4,0.0
CUSTOMER_2005,2,Independent Retail Accounts,2412,2412,0.0,Active (0-3 months),373030.03,0.0
CUSTOMER_2012,2,Independent Retail Accounts,2409,2412,3.0,Active (0-3 months),12782.41,0.0
CUSTOMER_2015,2,Independent Retail Accounts,2412,2412,0.0,Active (0-3 months),8780.5,0.0
CUSTOMER_2016,2,Independent Retail Accounts,2412,2412,0.0,Active (0-3 months),104329.64,0.0
CUSTOMER_2017,2,Independent Retail Accounts,2412,2412,0.0,Active (0-3 months),111515.67,0.0
CUSTOMER_2018,2,Independent Retail Accounts,2412,2412,0.0,Active (0-3 months),158458.05,0.0
CUSTOMER_2019,2,Independent Retail Accounts,2412,2412,0.0,Active (0-3 months),161469.21,0.0
CUSTOMER_2020,54,Retail Cooperative Network,2412,2412,0.0,Active (0-3 months),293218.51,0.0
CUSTOMER_2021,54,Retail Cooperative Network,2412,2412,0.0,Active (0-3 months),523.89,0.0
CUSTOMER_2023,54,Retail Cooperative Network,2412,2412,0.0,Active (0-3 months),96791.14,0.0
CUSTOMER_2024,2,Independent Retail Accounts,2412,2412,0.0,Active (0-3 months),58262.56,0.0
CUSTOMER_2026,4,Commercial Service Accounts,2412,2412,0.0,Active (0-3 months),96340.14,0.0
CUSTOMER_2027,2,Independent Retail Accounts,2412,2412,0.0,Active (0-3 months),17618.59,0.0
CUSTOMER_2029,2,Independent Retail Accounts,2412,2412,0.0,Active (0-3 months),6205.09,0.0
CUSTOMER_2032,12,High-Volume Distribution Partner,2412,2412,0.0,Active (0-3 months),15002.7,0.0
CUSTOMER_2033,2,Independent Retail Accounts,2412,2412,0.0,Active (0-3 months),12838.76,0.0
CUSTOMER_2034,2,Independent Retail Accounts,2412,2412,0.0,Active (0-3 months),10443.88,0.0
CUSTOMER_2037,54,Retail Cooperative Network,2411,2412,1.0,Active (0-3 months),26960.62,0.0
CUSTOMER_2039,2,Independent Retail Accounts,2412,2412,0.0,Active (0-3 months),8087.6,0.0
CUSTOMER_2040,2,Independent Retail Accounts,2412,2412,0.0,Active (0-3 months),203285.11,0.0
CUSTOMER_2041,2,Independent Retail Accounts,2412,2412,0.0,Active (0-3 months),133555.99,0.0
CUSTOMER_2042,2,Independent Retail Accounts,2412,2412,0.0,Active (0-3 months),183524.18,0.0
CUSTOMER_2043,2,Independent Retail Accounts,2412,2412,0.0,Active (0-3 months),53426.99,0.0
CUSTOMER_2045,2,Independent Retail Accounts,2412,2412,0.0,Active (0-3 months),18268.94,0.0
CUSTOMER_2047,2,Independent Retail Accounts,2412,2412,0.0,Active (0-3 months),7439.09,0.0
CUSTOMER_2048,2,Independent Retail Accounts,2412,2412,0.0,Active (0-3 months),268002.48,0.0
CUSTOMER_2050,2,Independent Retail Accounts,2412,2412,0.0,Active (0-3 months),140655.17,0.0
CUSTOMER_2051,2,Independent Retail Accounts,2412,2412,0.0,Active (0-3 months),33445.87,0.0
CUSTOMER_2052,2,Independent Retail Accounts,2412,2412,0.0,Active (0-3 months),69954.19,0.0
CUSTOMER_2054,5,Wholesale Trade Accounts,2411,2412,1.0,Active (0-3 months),29649.13,0.0
CUSTOMER_2056,2,Independent Retail Accounts,2412,2412,0.0,Active (0-3 months),41636.13,0.0
CUSTOMER_2058,2,Independent Retail Accounts,2412,2412,0.0,Active (0-3 months),156918.19,0.0
CUSTOMER_2059,2,Independent Retail Accounts,2411,2412,1.0,Active (0-3 months),4342.81,0.0
CUSTOMER_2060,2,Independent Retail Accounts,2412,2412,0.0,Active (0-3 months),25584.49,0.0
CUSTOMER_2061,2,Independent Retail Accounts,2412,2412,0.0,Active (0-3 months),14333.84,0.0
CUSTOMER_2063,2,Independent Retail Accounts,2412,2412,0.0,Active (0-3 months),37606.83,0.0
CUSTOMER_2066,2,Independent Retail Accounts,2412,2412,0.0,Active (0-3 months),340569.61,0.0
CUSTOMER_2069,2,Independent Retail Accounts,2410,2412,2.0,Active (0-3 months),4645.12,0.0
CUSTOMER_2070,2,Independent Retail Accounts,2412,2412,0.0,Active (0-3 months),12632.2,0.0
CUSTOMER_2071,2,Independent Retail Accounts,2411,2412,1.0,Active (0-3 months),29858.14,0.0
CUSTOMER_2073,2,Independent Retail Accounts,2412,2412,0.0,Active (0-3 months),125453.53,0.0
CUSTOMER_2074,2,Independent Retail Accounts,2412,2412,0.0,Active (0-3 months),336918.33,0.0
CUSTOMER_2075,2,Independent Retail Accounts,2412,2412,0.0,Active (0-3 months),222597.88,0.0
CUSTOMER_2076,2,Independent Retail Accounts,2411,2412,1.0,Active (0-3 months),9887.85,0.0
CUSTOMER_2077,2,Independent Retail Accounts,2412,2412,0.0,Active (0-3 months),178430.94,0.0
CUSTOMER_2079,2,Independent Retail Accounts,2412,2412,0.0,Active (0-3 months),86895.01,0.0
CUSTOMER_2080,2,Independent Retail Accounts,2412,2412,0.0,Active (0-3 months),60175.09,0.0
CUSTOMER_2081,2,Independent Retail Accounts,2412,2412,0.0,Active (0-3 months),136197.81,0.0
CUSTOMER_2086,2,Independent Retail Accounts,2412,2412,0.0,Active (0-3 months),45366.16,0.0
CUSTOMER_2087,2,Independent Retail Accounts,2411,2412,1.0,Active (0-3 months),15144.88,0.0
CUSTOMER_2088,2,Independent Retail Accounts,2409,2412,3.0,Active (0-3 months),1082.39,0.0
CUSTOMER_2089,11,Manufacturing Partners,2412,2412,0.0,Active (0-3 months),1256.26,0.0
CUSTOMER_2092,2,Independent Retail Accounts,2412,2412,0.0,Active (0-3 months),181456.0,0.0
CUSTOMER_2093,2,Independent Retail Accounts,2412,2412,0.0,Active (0-3 months),70654.63,0.0
CUSTOMER_2097,14,Specialty Retail – Small Format,2412,2412,0.0,Active (0-3 months),17799.86,0.0
CUSTOMER_2098,5,Wholesale Trade Accounts,2412,2412,0.0,Active (0-3 months),181850.41,0.0
CUSTOMER_2101,2,Independent Retail Accounts,2409,2412,3.0,Active (0-3 months),3128.12,0.0
CUSTOMER_2106,2,Independent Retail Accounts,2412,2412,0.0,Active (0-3 months),50682.29,0.0
CUSTOMER_2108,2,Independent Retail Accounts,2412,2412,0.0,Active (0-3 months),44386.14,0.0
CUSTOMER_2109,2,Independent Retail Accounts,2412,2412,0.0,Active (0-3 months),22173.73,0.0
CUSTOMER_2110,40,Suburban Independent Retailer,2412,2412,0.0,Active (0-3 months),161683.59,0.0
CUSTOMER_2113,40,Suburban Independent Retailer,2412,2412,0.0,Active (0-3 months),25849.26,0.0
CUSTOMER_2114,2,Independent Retail Accounts,2411,2412,1.0,Active (0-3 months),8345.7,0.0
CUSTOMER_2115,40,Suburban Independent Retailer,2412,2412,0.0,Active (0-3 months),89769.36,0.0
CUSTOMER_2116,2,Independent Retail Accounts,2412,2412,0.0,Active (0-3 months),17383.13,0.0
CUSTOMER_2119,5,Wholesale Trade Accounts,2412,2412,0.0,Active (0-3 months),126.0,0.0
CUSTOMER_2121,5,Wholesale Trade Accounts,2412,2412,0.0,Active (0-3 months),8066.03,0.0
CUSTOMER_2122,2,Independent Retail Accounts,2412,2412,0.0,Active (0-3 months),3530.11,0.0
CUSTOMER_2124,2,Independent Retail Accounts,2412,2412,0.0,Active (0-3 months),29964.66,0.0
CUSTOMER_2125,63,Destination Retail Location,2412,2412,0.0,Active (0-3 months),79736.77,0.0
CUSTOMER_2126,63,Destination Retail Location,2412,2412,0.0,Active (0-3 months),126979.86,0.0
CUSTOMER_2127,63,Destination Retail Location,2411,2412,1.0,Active (0-3 months),22156.8,0.0
CUSTOMER_2128,63,Destination Retail Location,2412,2412,0.0,Active (0-3 months),101086.87,0.0
CUSTOMER_2129,63,Destination Retail Location,2412,2412,0.0,Active (0-3 months),77471.77,0.0
CUSTOMER_2130,63,Destination Retail Location,2412,2412,0.0,Active (0-3 months),107197.51,0.0
CUSTOMER_2131,2,Independent Retail Accounts,2412,2412,0.0,Active (0-3 months),63869.05,0.0
CUSTOMER_2133,63,Destination Retail Location,2412,2412,0.0,Active (0-3 months),42948.71,0.0
CUSTOMER_2134,2,Independent Retail Accounts,2410,2412,2.0,Active (0-3 months),4139.58,0.0
CUSTOMER_2136,14,Specialty Retail – Small Format,2411,2412,1.0,Active (0-3 months),2509.26,0.0
CUSTOMER_2137,2,Independent Retail Accounts,2412,2412,0.0,Active (0-3 months),105751.5,0.0
CUSTOMER_2138,14,Specialty Retail – Small Format,2409,2412,3.0,Active (0-3 months),11968.08,0.0
CUSTOMER_2139,2,Independent Retail Accounts,2412,2412,0.0,Active (0-3 months),189497.82,0.0
CUSTOMER_2140,2,Independent Retail Accounts,2412,2412,0.0,Active (0-3 months),56936.42,0.0
CUSTOMER_2141,14,Specialty Retail – Small Format,2412,2412,0.0,Active (0-3 months),17424.61,0.0
CUSTOMER_2142,5,Wholesale Trade Accounts,2412,2412,0.0,Active (0-3 months),6248.24,0.0
CUSTOMER_2144,2,Independent Retail Accounts,2412,2412,0.0,Active (0-3 months),13464.17,0.0
CUSTOMER_2145,5,Wholesale Trade Accounts,2412,2412,0.0,Active (0-3 months),1040.16,0.0
CUSTOMER_2149,54,Retail Cooperative Network,2412,2412,0.0,Active (0-3 months),44645.72,0.0
CUSTOMER_2153,54,Retail Cooperative Network,2412,2412,0.0,Active (0-3 months),21887.31,0.0
CUSTOMER_2155,2,Independent Retail Accounts,2412,2412,0.0,Active (0-3 months),29853.44,0.0
CUSTOMER_2156,2,Independent Retail Accounts,2411,2412,1.0,Active (0-3 months),5497.54,0.0
CUSTOMER_2158,5,Wholesale Trade Accounts,2412,2412,0.0,Active (0-3 months),425293.98,0.0
CUSTOMER_2161,2,Independent Retail Accounts,2412,2412,0.0,Active (0-3 months),48021.02,0.0
CUSTOMER_2162,5,Wholesale Trade Accounts,2412,2412,0.0,Active (0-3 months),171105.0,0.0
CUSTOMER_2164,2,Independent Retail Accounts,2412,2412,0.0,Active (0-3 months),6226.06,0.0
CUSTOMER_2165,2,Independent Retail Accounts,2412,2412,0.0,Active (0-3 months),44028.74,0.0
CUSTOMER_2168,2,Independent Retail Accounts,2412,2412,0.0,Active (0-3 months),24146.28,0.0
CUSTOMER_2170,2,Independent Retail Accounts,2412,2412,0.0,Active (0-3 months),26649.3,0.0
CUSTOMER_2171,5,Wholesale Trade Accounts,2412,2412,0.0,Active (0-3 months),78708.23,0.0
CUSTOMER_2174,2,Independent Retail Accounts,2411,2412,1.0,Active (0-3 months),12002.86,0.0
CUSTOMER_2175,2,Independent Retail Accounts,2412,2412,0.0,Active (0-3 months),24840.0,0.0
CUSTOMER_2176,2,Independent Retail Accounts,2412,2412,0.0,Active (0-3 months),19068.82,0.0
CUSTOMER_2178,6,Commercial Supply Partners,2412,2412,0.0,Active (0-3 months),293611.5,0.0
CUSTOMER_2179,2,Independent Retail Accounts,2412,2412,0.0,Active (0-3 months),93834.51,0.0
CUSTOMER_2182,2,Independent Retail Accounts,2412,2412,0.0,Active (0-3 months),30523.27,0.0
CUSTOMER_2183,2,Independent Retail Accounts,2412,2412,0.0,Active (0-3 months),121771.34,0.0
CUSTOMER_2186,2,Independent Retail Accounts,2412,2412,0.0,Active (0-3 months),29134.08,0.0
CUSTOMER_2188,2,Independent Retail Accounts,2412,2412,0.0,Active (0-3 months),16507.55,0.0
CUSTOMER_2190,2,Independent Retail Accounts,2412,2412,0.0,Active (0-3 months),31238.83,0.0
CUSTOMER_2191,2,Independent Retail Accounts,2412,2412,0.0,Active (0-3 months),109079.97,0.0
CUSTOMER_2193,2,Independent Retail Accounts,2412,2412,0.0,Active (0-3 months),37829.62,0.0
CUSTOMER_2195,2,Independent Retail Accounts,2410,2412,2.0,Active (0-3 months),18073.52,0.0
CUSTOMER_2196,4,Commercial Service Accounts,2410,2412,2.0,Active (0-3 months),2083.73,0.0
CUSTOMER_2197,2,Independent Retail Accounts,2411,2412,1.0,Active (0-3 months),117550.23,0.0
CUSTOMER_2198,2,Independent Retail Accounts,2412,2412,0.0,Active (0-3 months),109392.76,0.0
CUSTOMER_2199,2,Independent Retail Accounts,2412,2412,0.0,Active (0-3 months),76862.18,0.0
CUSTOMER_2201,2,Independent Retail Accounts,2412,2412,0.0,Active (0-3 months),108253.76,0.0
CUSTOMER_2203,54,Retail Cooperative Network,2412,2412,0.0,Active (0-3 months),39498.76,0.0
CUSTOMER_2210,43,Event & Promotional Accounts,2412,2412,0.0,Active (0-3 months),155539.11,0.0
CUSTOMER_2211,5,Wholesale Trade Accounts,2409,2412,3.0,Active (0-3 months),9829.84,0.0
CUSTOMER_2212,43,Event & Promotional Accounts,2412,2412,0.0,Active (0-3 months),64210.61,0.0
CUSTOMER_2213,43,Event & Promotional Accounts,2412,2412,0.0,Active (0-3 months),18826.03,0.0
CUSTOMER_2214,43,Event & Promotional Accounts,2412,2412,0.0,Active (0-3 months),56094.09,0.0
CUSTOMER_2215,43,Event & Promotional Accounts,2412,2412,0.0,Active (0-3 months),24005.78,0.0
CUSTOMER_2216,43,Event & Promotional Accounts,2411,2412,1.0,Active (0-3 months),1504.53,0.0
CUSTOMER_2217,43,Event & Promotional Accounts,2412,2412,0.0,Active (0-3 months),46295.57,0.0
CUSTOMER_2218,43,Event & Promotional Accounts,2412,2412,0.0,Active (0-3 months),101927.73,0.0
CUSTOMER_2219,2,Independent Retail Accounts,2412,2412,0.0,Active (0-3 months),45851.02,0.0
CUSTOMER_2220,5,Wholesale Trade Accounts,2411,2412,1.0,Active (0-3 months),26924.03,0.0
CUSTOMER_2223,2,Independent Retail Accounts,2412,2412,0.0,Active (0-3 months),139751.9,0.0
CUSTOMER_2224,2,Independent Retail Accounts,2412,2412,0.0,Active (0-3 months),107744.59,0.0
CUSTOMER_2225,4,Commercial Service Accounts,2410,2412,2.0,Active (0-3 months),16748.32,0.0
CUSTOMER_2226,2,Independent Retail Accounts,2412,2412,0.0,Active (0-3 months),23745.68,0.0
CUSTOMER_2228,2,Independent Retail Accounts,2412,2412,0.0,Active (0-3 months),15377.39,0.0
CUSTOMER_2229,5,Wholesale Trade Accounts,2412,2412,0.0,Active (0-3 months),30304.39,0.0
CUSTOMER_2230,2,Independent Retail Accounts,2412,2412,0.0,Active (0-3 months),13559.17,0.0
CUSTOMER_2232,2,Independent Retail Accounts,2412,2412,0.0,Active (0-3 months),10977.74,0.0
CUSTOMER_2235,2,Independent Retail Accounts,2412,2412,0.0,Active (0-3 months),20646.7,0.0
CUSTOMER_2239,2,Independent Retail Accounts,2412,2412,0.0,Active (0-3 months),81371.7,0.0
CUSTOMER_2240,2,Independent Retail Accounts,2412,2412,0.0,Active (0-3 months),65098.22,0.0
CUSTOMER_2241,2,Independent Retail Accounts,2412,2412,0.0,Active (0-3 months),30187.7,0.0
CUSTOMER_2242,2,Independent Retail Accounts,2412,2412,0.0,Active (0-3 months),37380.17,0.0
CUSTOMER_2243,2,Independent Retail Accounts,2412,2412,0.0,Active (0-3 months),33551.03,0.0
CUSTOMER_2244,2,Independent Retail Accounts,2412,2412,0.0,Active (0-3 months),72457.71,0.0
CUSTOMER_2245,5,Wholesale Trade Accounts,2412,2412,0.0,Active (0-3 months),95167.06,0.0
CUSTOMER_2247,2,Independent Retail Accounts,2412,2412,0.0,Active (0-3 months),184912.01,0.0
CUSTOMER_2249,2,Independent Retail Accounts,2411,2412,1.0,Active (0-3 months),117374.39,0.0
CUSTOMER_2250,2,Independent Retail Accounts,2412,2412,0.0,Active (0-3 months),49379.92,0.0
CUSTOMER_2251,2,Independent Retail Accounts,2412,2412,0.0,Active (0-3 months),57013.84,0.0
CUSTOMER_2252,2,Independent Retail Accounts,2412,2412,0.0,Active (0-3 months),19056.95,0.0
CUSTOMER_2260,2,Independent Retail Accounts,2412,2412,0.0,Active (0-3 months),5021.12,0.0
CUSTOMER_2262,2,Independent Retail Accounts,2412,2412,0.0,Active (0-3 months),27695.53,0.0
CUSTOMER_2264,4,Commercial Service Accounts,2412,2412,0.0,Active (0-3 months),10960.06,0.0
CUSTOMER_2265,2,Independent Retail Accounts,2412,2412,0.0,Active (0-3 months),166386.84,0.0
CUSTOMER_2266,2,Independent Retail Accounts,2412,2412,0.0,Active (0-3 months),6756.77,0.0
CUSTOMER_2268,9,Regional Retail Chain – Tier 3,2412,2412,0.0,Active (0-3 months),186481.54,0.0
CUSTOMER_2269,9,Regional Retail Chain – Tier 3,2412,2412,0.0,Active (0-3 months),90195.14,0.0
CUSTOMER_2270,9,Regional Retail Chain – Tier 3,2412,2412,0.0,Active (0-3 months),181558.34,0.0
CUSTOMER_2272,5,Wholesale Trade Accounts,2412,2412,0.0,Active (0-3 months),42556.14,0.0
CUSTOMER_2273,9,Regional Retail Chain – Tier 3,2412,2412,0.0,Active (0-3 months),66079.29,0.0
CUSTOMER_2274,9,Regional Retail Chain – Tier 3,2412,2412,0.0,Active (0-3 months),335573.91,0.0
CUSTOMER_2276,9,Regional Retail Chain – Tier 3,2412,2412,0.0,Active (0-3 months),420900.52,0.0
CUSTOMER_2277,9,Regional Retail Chain – Tier 3,2412,2412,0.0,Active (0-3 months),274496.83,0.0
CUSTOMER_2280,9,Regional Retail Chain – Tier 3,2412,2412,0.0,Active (0-3 months),150747.07,0.0
CUSTOMER_2282,9,Regional Retail Chain – Tier 3,2412,2412,0.0,Active (0-3 months),222270.45,0.0
CUSTOMER_2283,9,Regional Retail Chain – Tier 3,2412,2412,0.0,Active (0-3 months),343064.38,0.0
CUSTOMER_2284,9,Regional Retail Chain – Tier 3,2412,2412,0.0,Active (0-3 months),338607.84,0.0
CUSTOMER_2285,27,Urban Independent Retailer,2412,2412,0.0,Active (0-3 months),83824.19,0.0
CUSTOMER_2286,27,Urban Independent Retailer,2412,2412,0.0,Active (0-3 months),182729.97,0.0
CUSTOMER_2287,27,Urban Independent Retailer,2412,2412,0.0,Active (0-3 months),124562.62,0.0
CUSTOMER_2288,27,Urban Independent Retailer,2412,2412,0.0,Active (0-3 months),104027.2,0.0
CUSTOMER_2289,27,Urban Independent Retailer,2412,2412,0.0,Active (0-3 months),115727.0,0.0
CUSTOMER_2291,27,Urban Independent Retailer,2412,2412,0.0,Active (0-3 months),92794.51,0.0
CUSTOMER_2292,2,Independent Retail Accounts,2412,2412,0.0,Active (0-3 months),280146.89,0.0
CUSTOMER_2294,2,Independent Retail Accounts,2411,2412,1.0,Active (0-3 months),25962.63,0.0
CUSTOMER_2296,2,Independent Retail Accounts,2412,2412,0.0,Active (0-3 months),97508.27,0.0
CUSTOMER_2297,2,Independent Retail Accounts,2412,2412,0.0,Active (0-3 months),3503.49,0.0
CUSTOMER_2298,2,Independent Retail Accounts,2412,2412,0.0,Active (0-3 months),182271.65,0.0
CUSTOMER_2300,2,Independent Retail Accounts,2412,2412,0.0,Active (0-3 months),15702.35,0.0
CUSTOMER_2302,54,Retail Cooperative Network,2412,2412,0.0,Active (0-3 months),15860.53,0.0
CUSTOMER_2303,2,Independent Retail Accounts,2412,2412,0.0,Active (0-3 months),10699.01,0.0
CUSTOMER_2305,2,Independent Retail Accounts,2412,2412,0.0,Active (0-3 months),364582.36,0.0
CUSTOMER_2306,5,Wholesale Trade Accounts,2412,2412,0.0,Active (0-3 months),78240.84,0.0
CUSTOMER_2308,2,Independent Retail Accounts,2412,2412,0.0,Active (0-3 months),201512.12,0.0
CUSTOMER_2309,2,Independent Retail Accounts,2412,2412,0.0,Active (0-3 months),23894.53,0.0
CUSTOMER_2310,5,Wholesale Trade Accounts,2412,2412,0.0,Active (0-3 months),279105.99,0.0
CUSTOMER_2311,2,Independent Retail Accounts,2412,2412,0.0,Active (0-3 months),123437.65,0.0
CUSTOMER_2312,4,Commercial Service Accounts,2412,2412,0.0,Active (0-3 months),272782.06,0.0
CUSTOMER_2313,2,Independent Retail Accounts,2410,2412,2.0,Active (0-3 months),907.58,0.0
CUSTOMER_2314,2,Independent Retail Accounts,2412,2412,0.0,Active (0-3 months),481619.03,0.0
CUSTOMER_2316,2,Independent Retail Accounts,2412,2412,0.0,Active (0-3 months),1139.79,0.0
CUSTOMER_2317,68,Regional Multi-Unit Retail Chain,2412,2412,0.0,Active (0-3 months),375499.06,0.0
CUSTOMER_2318,2,Independent Retail Accounts,2412,2412,0.0,Active (0-3 months),13995.43,0.0
CUSTOMER_2320,2,Independent Retail Accounts,2412,2412,0.0,Active (0-3 months),219703.98,0.0
CUSTOMER_2321,2,Independent Retail Accounts,2412,2412,0.0,Active (0-3 months),14105.55,0.0
CUSTOMER_2323,5,Wholesale Trade Accounts,2412,2412,0.0,Active (0-3 months),6761.5,0.0
CUSTOMER_2324,2,Independent Retail Accounts,2412,2412,0.0,Active (0-3 months),59612.78,0.0
CUSTOMER_2326,2,Independent Retail Accounts,2412,2412,0.0,Active (0-3 months),284484.87,0.0
CUSTOMER_2327,2,Independent Retail Accounts,2412,2412,0.0,Active (0-3 months),25751.13,0.0
CUSTOMER_2328,2,Independent Retail Accounts,2412,2412,0.0,Active (0-3 months),37915.1,0.0
CUSTOMER_2329,2,Independent Retail Accounts,2412,2412,0.0,Active (0-3 months),58711.67,0.0
CUSTOMER_2330,5,Wholesale Trade Accounts,2412,2412,0.0,Active (0-3 months),54694.79,0.0
CUSTOMER_2334,2,Independent Retail Accounts,2412,2412,0.0,Active (0-3 months),66025.37,0.0
CUSTOMER_2335,2,Independent Retail Accounts,2411,2412,1.0,Active (0-3 months),16812.49,0.0
CUSTOMER_2339,1,Unassigned,2412,2412,0.0,Active (0-3 months),198.98,0.0
CUSTOMER_2341,38,Cooperative Retail Affiliate,2412,2412,0.0,Active (0-3 months),295095.26,0.0
CUSTOMER_2343,2,Independent Retail Accounts,2410,2412,2.0,Active (0-3 months),16147.07,0.0
CUSTOMER_2346,2,Independent Retail Accounts,2412,2412,0.0,Active (0-3 months),174009.9,0.0
CUSTOMER_2347,5,Wholesale Trade Accounts,2409,2412,3.0,Active (0-3 months),842.7,0.0
CUSTOMER_2349,2,Independent Retail Accounts,2412,2412,0.0,Active (0-3 months),145769.6,0.0
CUSTOMER_2351,2,Independent Retail Accounts,2412,2412,0.0,Active (0-3 months),59039.75,0.0
CUSTOMER_2355,2,Independent Retail Accounts,2412,2412,0.0,Active (0-3 months),12950.23,0.0
CUSTOMER_2357,2,Independent Retail Accounts,2412,2412,0.0,Active (0-3 months),162627.31,0.0
CUSTOMER_2361,54,Retail Cooperative Network,2412,2412,0.0,Active (0-3 months),77676.46,0.0
CUSTOMER_2362,2,Independent Retail Accounts,2411,2412,1.0,Active (0-3 months),37670.07,0.0
CUSTOMER_2366,2,Independent Retail Accounts,2412,2412,0.0,Active (0-3 months),98844.81,0.0
CUSTOMER_2367,2,Independent Retail Accounts,2412,2412,0.0,Active (0-3 months),34523.71,0.0
CUSTOMER_2373,5,Wholesale Trade Accounts,2412,2412,0.0,Active (0-3 months),91207.81,0.0
CUSTOMER_2374,54,Retail Cooperative Network,2412,2412,0.0,Active (0-3 months),13460.76,0.0
CUSTOMER_2375,2,Independent Retail Accounts,2412,2412,0.0,Active (0-3 months),148762.12,0.0
CUSTOMER_2376,2,Independent Retail Accounts,2412,2412,0.0,Active (0-3 months),20051.94,0.0
CUSTOMER_2377,2,Independent Retail Accounts,2412,2412,0.0,Active (0-3 months),46530.98,0.0
CUSTOMER_2380,2,Independent Retail Accounts,2412,2412,0.0,Active (0-3 months),20150.75,0.0
CUSTOMER_2383,2,Independent Retail Accounts,2411,2412,1.0,Active (0-3 months),3045.11,0.0
CUSTOMER_2385,2,Independent Retail Accounts,2412,2412,0.0,Active (0-3 months),57951.63,0.0
CUSTOMER_2387,3,National Retail Chains,2409,2412,3.0,Active (0-3 months),22518.23,0.0
CUSTOMER_2389,2,Independent Retail Accounts,2412,2412,0.0,Active (0-3 months),25202.34,0.0
CUSTOMER_2390,2,Independent Retail Accounts,2412,2412,0.0,Active (0-3 months),61584.48,0.0
CUSTOMER_2391,3,National Retail Chains,2412,2412,0.0,Active (0-3 months),244087.2,0.0
CUSTOMER_2392,2,Independent Retail Accounts,2412,2412,0.0,Active (0-3 months),65885.78,0.0
CUSTOMER_2393,3,National Retail Chains,2412,2412,0.0,Active (0-3 months),162227.74,0.0
CUSTOMER_2394,2,Independent Retail Accounts,2412,2412,0.0,Active (0-3 months),65396.5,0.0
CUSTOMER_2395,2,Independent Retail Accounts,2412,2412,0.0,Active (0-3 months),14619.87,0.0
CUSTOMER_2396,3,National Retail Chains,2412,2412,0.0,Active (0-3 months),88379.65,0.0
CUSTOMER_2397,3,National Retail Chains,2411,2412,1.0,Active (0-3 months),11165.53,0.0
CUSTOMER_2399,2,Independent Retail Accounts,2412,2412,0.0,Active (0-3 months),119293.27,0.0
CUSTOMER_2400,22,Institutional Buyer,2411,2412,1.0,Active (0-3 months),13243.29,0.0
CUSTOMER_2401,23,Value-Oriented Retail Chain,2412,2412,0.0,Active (0-3 months),19061.43,0.0
CUSTOMER_2402,23,Value-Oriented Retail Chain,2411,2412,1.0,Active (0-3 months),28091.81,0.0
CUSTOMER_2404,23,Value-Oriented Retail Chain,2411,2412,1.0,Active (0-3 months),39375.93,0.0
CUSTOMER_2406,23,Value-Oriented Retail Chain,2412,2412,0.0,Active (0-3 months),21440.9,0.0
CUSTOMER_2407,23,Value-Oriented Retail Chain,2412,2412,0.0,Active (0-3 months),39430.96,0.0
CUSTOMER_2410,23,Value-Oriented Retail Chain,2412,2412,0.0,Active (0-3 months),17090.53,0.0
CUSTOMER_2411,23,Value-Oriented Retail Chain,2412,2412,0.0,Active (0-3 months),21012.4,0.0
CUSTOMER_2412,23,Value-Oriented Retail Chain,2412,2412,0.0,Active (0-3 months),11147.2,0.0
CUSTOMER_2413,23,Value-Oriented Retail Chain,2412,2412,0.0,Active (0-3 months),22897.93,0.0
CUSTOMER_2415,23,Value-Oriented Retail Chain,2412,2412,0.0,Active (0-3 months),25235.05,0.0
CUSTOMER_2416,23,Value-Oriented Retail Chain,2410,2412,2.0,Active (0-3 months),9361.33,0.0
CUSTOMER_2417,23,Value-Oriented Retail Chain,2412,2412,0.0,Active (0-3 months),12866.99,0.0
CUSTOMER_2418,23,Value-Oriented Retail Chain,2411,2412,1.0,Active (0-3 months),5196.58,0.0
CUSTOMER_2420,23,Value-Oriented Retail Chain,2412,2412,0.0,Active (0-3 months),25784.76,0.0
CUSTOMER_2421,23,Value-Oriented Retail Chain,2412,2412,0.0,Active (0-3 months),26511.06,0.0
CUSTOMER_2424,23,Value-Oriented Retail Chain,2412,2412,0.0,Active (0-3 months),25944.83,0.0
CUSTOMER_2425,23,Value-Oriented Retail Chain,2412,2412,0.0,Active (0-3 months),7055.02,0.0
CUSTOMER_2426,5,Wholesale Trade Accounts,2412,2412,0.0,Active (0-3 months),4612.71,0.0
CUSTOMER_2427,23,Value-Oriented Retail Chain,2411,2412,1.0,Active (0-3 months),8055.39,0.0
CUSTOMER_2428,23,Value-Oriented Retail Chain,2410,2412,2.0,Active (0-3 months),4328.16,0.0
CUSTOMER_2429,23,Value-Oriented Retail Chain,2412,2412,0.0,Active (0-3 months),89136.29,0.0
CUSTOMER_2431,2,Independent Retail Accounts,2411,2412,1.0,Active (0-3 months),17828.23,0.0
CUSTOMER_2433,5,Wholesale Trade Accounts,2410,2412,2.0,Active (0-3 months),5593.0,0.0
CUSTOMER_2434,2,Independent Retail Accounts,2410,2412,2.0,Active (0-3 months),1017.53,0.0
CUSTOMER_2439,2,Independent Retail Accounts,2409,2412,3.0,Active (0-3 months),997.59,0.0
CUSTOMER_2441,5,Wholesale Trade Accounts,2410,2412,2.0,Active (0-3 months),2435.88,0.0
CUSTOMER_2444,5,Wholesale Trade Accounts,2412,2412,0.0,Active (0-3 months),33549.97,0.0
CUSTOMER_2445,2,Independent Retail Accounts,2411,2412,1.0,Active (0-3 months),10270.43,0.0
CUSTOMER_2446,2,Independent Retail Accounts,2412,2412,0.0,Active (0-3 months),57762.69,0.0
CUSTOMER_2447,2,Independent Retail Accounts,2412,2412,0.0,Active (0-3 months),15281.3,0.0
CUSTOMER_2449,2,Independent Retail Accounts,2412,2412,0.0,Active (0-3 months),88450.71,0.0
CUSTOMER_2450,54,Retail Cooperative Network,2412,2412,0.0,Active (0-3 months),43952.37,0.0
CUSTOMER_2453,2,Independent Retail Accounts,2412,2412,0.0,Active (0-3 months),55446.68,0.0
CUSTOMER_2454,2,Independent Retail Accounts,2412,2412,0.0,Active (0-3 months),13564.6,0.0
CUSTOMER_2464,2,Independent Retail Accounts,2411,2412,1.0,Active (0-3 months),11083.96,0.0
CUSTOMER_2466,2,Independent Retail Accounts,2412,2412,0.0,Active (0-3 months),7071.97,0.0
CUSTOMER_2468,2,Independent Retail Accounts,2412,2412,0.0,Active (0-3 months),41417.84,0.0
CUSTOMER_2472,2,Independent Retail Accounts,2412,2412,0.0,Active (0-3 months),60835.63,0.0
CUSTOMER_2474,2,Independent Retail Accounts,2412,2412,0.0,Active (0-3 months),149188.7,0.0
CUSTOMER_2475,2,Independent Retail Accounts,2412,2412,0.0,Active (0-3 months),123348.65,0.0
CUSTOMER_2476,2,Independent Retail Accounts,2412,2412,0.0,Active (0-3 months),48958.62,0.0
CUSTOMER_2477,2,Independent Retail Accounts,2409,2412,3.0,Active (0-3 months),115.19,0.0
CUSTOMER_2478,2,Independent Retail Accounts,2412,2412,0.0,Active (0-3 months),26277.0,0.0
CUSTOMER_2479,5,Wholesale Trade Accounts,2412,2412,0.0,Active (0-3 months),505548.62,0.0
CUSTOMER_2480,2,Independent Retail Accounts,2412,2412,0.0,Active (0-3 months),178028.71,0.0
CUSTOMER_2485,2,Independent Retail Accounts,2410,2412,2.0,Active (0-3 months),63370.08,0.0
CUSTOMER_2486,4,Commercial Service Accounts,2412,2412,0.0,Active (0-3 months),35196.28,0.0
CUSTOMER_2487,5,Wholesale Trade Accounts,2412,2412,0.0,Active (0-3 months),167793.74,0.0
CUSTOMER_2491,4,Commercial Service Accounts,2412,2412,0.0,Active (0-3 months),10863.0,0.0
CUSTOMER_2492,2,Independent Retail Accounts,2411,2412,1.0,Active (0-3 months),4400.47,0.0
CUSTOMER_2493,4,Commercial Service Accounts,2412,2412,0.0,Active (0-3 months),14158.57,0.0
CUSTOMER_2494,5,Wholesale Trade Accounts,2409,2412,3.0,Active (0-3 months),3513.63,0.0
CUSTOMER_2496,4,Commercial Service Accounts,2412,2412,0.0,Active (0-3 months),8278.85,0.0
CUSTOMER_2497,4,Commercial Service Accounts,2411,2412,1.0,Active (0-3 months),13255.34,0.0
CUSTOMER_2498,4,Commercial Service Accounts,2412,2412,0.0,Active (0-3 months),203368.48,0.0
CUSTOMER_2499,4,Commercial Service Accounts,2409,2412,3.0,Active (0-3 months),2754.99,0.0
CUSTOMER_2500,2,Independent Retail Accounts,2412,2412,0.0,Active (0-3 months),224.89,0.0
CUSTOMER_2502,3,National Retail Chains,2412,2412,0.0,Active (0-3 months),33036.68,0.0
CUSTOMER_2503,2,Independent Retail Accounts,2411,2412,1.0,Active (0-3 months),22939.19,0.0
CUSTOMER_2504,3,National Retail Chains,2412,2412,0.0,Active (0-3 months),103491.42,0.0
CUSTOMER_2505,3,National Retail Chains,2411,2412,1.0,Active (0-3 months),14896.46,0.0
CUSTOMER_2506,5,Wholesale Trade Accounts,2411,2412,1.0,Active (0-3 months),49853.86,0.0
CUSTOMER_2507,2,Independent Retail Accounts,2412,2412,0.0,Active (0-3 months),36911.05,0.0
CUSTOMER_2509,4,Commercial Service Accounts,2412,2412,0.0,Active (0-3 months),14179.9,0.0
CUSTOMER_2511,1,Unassigned,2409,2412,3.0,Active (0-3 months),178.61,0.0
CUSTOMER_2513,2,Independent Retail Accounts,2411,2412,1.0,Active (0-3 months),197.9,0.0
CUSTOMER_2514,2,Independent Retail Accounts,2410,2412,2.0,Active (0-3 months),6487.01,0.0
CUSTOMER_2515,4,Commercial Service Accounts,2412,2412,0.0,Active (0-3 months),14302.13,0.0
CUSTOMER_2517,4,Commercial Service Accounts,2411,2412,1.0,Active (0-3 months),15552.24,0.0
CUSTOMER_2519,2,Independent Retail Accounts,2411,2412,1.0,Active (0-3 months),330.62,0.0
CUSTOMER_2521,2,Independent Retail Accounts,2412,2412,0.0,Active (0-3 months),39612.16,0.0
CUSTOMER_2524,2,Independent Retail Accounts,2412,2412,0.0,Active (0-3 months),9207.78,0.0
CUSTOMER_2526,2,Independent Retail Accounts,2412,2412,0.0,Active (0-3 months),42.5,0.0
CUSTOMER_2527,2,Independent Retail Accounts,2412,2412,0.0,Active (0-3 months),154919.6,0.0
CUSTOMER_2528,3,National Retail Chains,2412,2412,0.0,Active (0-3 months),781.01,0.0
CUSTOMER_2529,4,Commercial Service Accounts,2412,2412,0.0,Active (0-3 months),45337.25,0.0
CUSTOMER_2530,4,Commercial Service Accounts,2412,2412,0.0,Active (0-3 months),249031.5,0.0
CUSTOMER_2531,6,Commercial Supply Partners,2410,2412,2.0,Active (0-3 months),58491.55,0.0
CUSTOMER_2532,1,Unassigned,2410,2412,2.0,Active (0-3 months),6347.29,0.0
CUSTOMER_2533,4,Commercial Service Accounts,2412,2412,0.0,Active (0-3 months),17285.36,0.0
CUSTOMER_2539,4,Commercial Service Accounts,2412,2412,0.0,Active (0-3 months),3265.22,0.0
CUSTOMER_2540,4,Commercial Service Accounts,2412,2412,0.0,Active (0-3 months),92401.54,0.0
CUSTOMER_2542,4,Commercial Service Accounts,2412,2412,0.0,Active (0-3 months),33946.09,0.0
CUSTOMER_2543,2,Independent Retail Accounts,2412,2412,0.0,Active (0-3 months),7275.99,0.0
CUSTOMER_2545,4,Commercial Service Accounts,2412,2412,0.0,Active (0-3 months),10809.72,0.0
CUSTOMER_2546,4,Commercial Service Accounts,2412,2412,0.0,Active (0-3 months),2855.7,0.0
CUSTOMER_2548,4,Commercial Service Accounts,2412,2412,0.0,Active (0-3 months),7723.81,0.0
CUSTOMER_2555,4,Commercial Service Accounts,2412,2412,0.0,Active (0-3 months),478076.15,0.0
CUSTOMER_2562,4,Commercial Service Accounts,2412,2412,0.0,Active (0-3 months),86605.25,0.0
CUSTOMER_2567,4,Commercial Service Accounts,2412,2412,0.0,Active (0-3 months),111767.61,0.0
CUSTOMER_2570,4,Commercial Service Accounts,2412,2412,0.0,Active (0-3 months),110801.02,0.0
CUSTOMER_2571,2,Independent Retail Accounts,2412,2412,0.0,Active (0-3 months),24930.72,0.0
CUSTOMER_2577,4,Commercial Service Accounts,2410,2412,2.0,Active (0-3 months),9346.61,0.0
CUSTOMER_2578,4,Commercial Service Accounts,2412,2412,0.0,Active (0-3 months),46322.75,0.0
CUSTOMER_2582,5,Wholesale Trade Accounts,2412,2412,0.0,Active (0-3 months),94098.82,0.0
CUSTOMER_2590,5,Wholesale Trade Accounts,2411,2412,1.0,Active (0-3 months),166898.86,0.0
CUSTOMER_2592,4,Commercial Service Accounts,2412,2412,0.0,Active (0-3 months),103782.69,0.0
CUSTOMER_2595,2,Independent Retail Accounts,2412,2412,0.0,Active (0-3 months),2552.15,0.0
CUSTOMER_2602,4,Commercial Service Accounts,2412,2412,0.0,Active (0-3 months),52257.62,0.0
CUSTOMER_2606,4,Commercial Service Accounts,2412,2412,0.0,Active (0-3 months),6463.84,0.0
CUSTOMER_2607,2,Independent Retail Accounts,2411,2412,1.0,Active (0-3 months),6369.98,0.0
CUSTOMER_2609,4,Commercial Service Accounts,2412,2412,0.0,Active (0-3 months),50127.4,0.0
CUSTOMER_2611,5,Wholesale Trade Accounts,2411,2412,1.0,Active (0-3 months),516.76,0.0
CUSTOMER_2612,4,Commercial Service Accounts,2412,2412,0.0,Active (0-3 months),172519.92,0.0
CUSTOMER_2613,4,Commercial Service Accounts,2412,2412,0.0,Active (0-3 months),69297.92,0.0
CUSTOMER_2616,5,Wholesale Trade Accounts,2412,2412,0.0,Active (0-3 months),55290.52,0.0
CUSTOMER_2623,5,Wholesale Trade Accounts,2412,2412,0.0,Active (0-3 months),9836.93,0.0
CUSTOMER_2628,4,Commercial Service Accounts,2412,2412,0.0,Active (0-3 months),79796.26,0.0
CUSTOMER_2629,4,Commercial Service Accounts,2412,2412,0.0,Active (0-3 months),24008.77,0.0
CUSTOMER_2637,4,Commercial Service Accounts,2412,2412,0.0,Active (0-3 months),99276.35,0.0
CUSTOMER_2638,4,Commercial Service Accounts,2412,2412,0.0,Active (0-3 months),54579.06,0.0
CUSTOMER_2639,4,Commercial Service Accounts,2412,2412,0.0,Active (0-3 months),8920.1,0.0
CUSTOMER_2641,5,Wholesale Trade Accounts,2409,2412,3.0,Active (0-3 months),12497.97,0.0
CUSTOMER_2651,4,Commercial Service Accounts,2411,2412,1.0,Active (0-3 months),15756.88,0.0
CUSTOMER_2653,4,Commercial Service Accounts,2412,2412,0.0,Active (0-3 months),43923.04,0.0
CUSTOMER_2655,5,Wholesale Trade Accounts,2412,2412,0.0,Active (0-3 months),112858.16,0.0
CUSTOMER_2659,4,Commercial Service Accounts,2412,2412,0.0,Active (0-3 months),3857.44,0.0
CUSTOMER_2662,4,Commercial Service Accounts,2412,2412,0.0,Active (0-3 months),20067.82,0.0
CUSTOMER_2663,2,Independent Retail Accounts,2412,2412,0.0,Active (0-3 months),11946.27,0.0
CUSTOMER_2664,4,Commercial Service Accounts,2412,2412,0.0,Active (0-3 months),234318.02,0.0
CUSTOMER_2666,4,Commercial Service Accounts,2412,2412,0.0,Active (0-3 months),115024.11,0.0
CUSTOMER_2667,4,Commercial Service Accounts,2412,2412,0.0,Active (0-3 months),71745.68,0.0
CUSTOMER_2668,2,Independent Retail Accounts,2412,2412,0.0,Active (0-3 months),3192.08,0.0
CUSTOMER_2669,4,Commercial Service Accounts,2412,2412,0.0,Active (0-3 months),4655.43,0.0
CUSTOMER_2672,4,Commercial Service Accounts,2412,2412,0.0,Active (0-3 months),120842.24,0.0
CUSTOMER_2674,5,Wholesale Trade Accounts,2412,2412,0.0,Active (0-3 months),47565.26,0.0
CUSTOMER_2675,4,Commercial Service Accounts,2412,2412,0.0,Active (0-3 months),23302.46,0.0
CUSTOMER_2679,4,Commercial Service Accounts,2410,2412,2.0,Active (0-3 months),38991.64,0.0
CUSTOMER_2680,5,Wholesale Trade Accounts,2410,2412,2.0,Active (0-3 months),66610.81,0.0
CUSTOMER_2685,5,Wholesale Trade Accounts,2412,2412,0.0,Active (0-3 months),128834.96,0.0
CUSTOMER_2686,4,Commercial Service Accounts,2412,2412,0.0,Active (0-3 months),12790.97,0.0
CUSTOMER_2691,2,Independent Retail Accounts,2412,2412,0.0,Active (0-3 months),261885.63,0.0
CUSTOMER_2693,4,Commercial Service Accounts,2412,2412,0.0,Active (0-3 months),141367.53,0.0
CUSTOMER_2694,2,Independent Retail Accounts,2412,2412,0.0,Active (0-3 months),8280.16,0.0
CUSTOMER_2695,5,Wholesale Trade Accounts,2412,2412,0.0,Active (0-3 months),92625.73,0.0
CUSTOMER_2697,4,Commercial Service Accounts,2412,2412,0.0,Active (0-3 months),69060.19,0.0
CUSTOMER_2699,4,Commercial Service Accounts,2412,2412,0.0,Active (0-3 months),107748.54,0.0
CUSTOMER_2700,5,Wholesale Trade Accounts,2412,2412,0.0,Active (0-3 months),103153.38,0.0
CUSTOMER_2701,5,Wholesale Trade Accounts,2412,2412,0.0,Active (0-3 months),96232.77,0.0
CUSTOMER_2703,4,Commercial Service Accounts,2411,2412,1.0,Active (0-3 months),15744.53,0.0
CUSTOMER_2710,2,Independent Retail Accounts,2412,2412,0.0,Active (0-3 months),38813.34,0.0
CUSTOMER_2711,4,Commercial Service Accounts,2412,2412,0.0,Active (0-3 months),23469.67,0.0
CUSTOMER_2712,4,Commercial Service Accounts,2412,2412,0.0,Active (0-3 months),48902.08,0.0
CUSTOMER_2713,4,Commercial Service Accounts,2412,2412,0.0,Active (0-3 months),41866.85,0.0
CUSTOMER_2715,4,Commercial Service Accounts,2412,2412,0.0,Active (0-3 months),17314.92,0.0
CUSTOMER_2716,4,Commercial Service Accounts,2412,2412,0.0,Active (0-3 months),52492.02,0.0
CUSTOMER_2721,2,Independent Retail Accounts,2412,2412,0.0,Active (0-3 months),473665.39,0.0
CUSTOMER_2723,4,Commercial Service Accounts,2412,2412,0.0,Active (0-3 months),35343.41,0.0
CUSTOMER_2729,5,Wholesale Trade Accounts,2412,2412,0.0,Active (0-3 months),115269.59,0.0
CUSTOMER_2731,4,Commercial Service Accounts,2410,2412,2.0,Active (0-3 months),1434.76,0.0
CUSTOMER_2732,4,Commercial Service Accounts,2412,2412,0.0,Active (0-3 months),33862.03,0.0
CUSTOMER_2735,4,Commercial Service Accounts,2411,2412,1.0,Active (0-3 months),5061.76,0.0
CUSTOMER_2738,4,Commercial Service Accounts,2412,2412,0.0,Active (0-3 months),242103.22,0.0
CUSTOMER_2739,3,National Retail Chains,2410,2412,2.0,Active (0-3 months),18863.43,0.0
CUSTOMER_2740,3,National Retail Chains,2411,2412,1.0,Active (0-3 months),1074.68,0.0
CUSTOMER_2741,3,National Retail Chains,2412,2412,0.0,Active (0-3 months),17618.06,0.0
CUSTOMER_2743,4,Commercial Service Accounts,2412,2412,0.0,Active (0-3 months),253664.99,0.0
CUSTOMER_2747,4,Commercial Service Accounts,2412,2412,0.0,Active (0-3 months),14517.18,0.0
CUSTOMER_2750,4,Commercial Service Accounts,2412,2412,0.0,Active (0-3 months),84604.26,0.0
CUSTOMER_2752,4,Commercial Service Accounts,2412,2412,0.0,Active (0-3 months),33310.1,0.0
CUSTOMER_2753,4,Commercial Service Accounts,2412,2412,0.0,Active (0-3 months),20063.47,0.0
CUSTOMER_2754,4,Commercial Service Accounts,2412,2412,0.0,Active (0-3 months),84750.88,0.0
CUSTOMER_2757,4,Commercial Service Accounts,2412,2412,0.0,Active (0-3 months),47245.0,0.0
CUSTOMER_2759,4,Commercial Service Accounts,2412,2412,0.0,Active (0-3 months),48278.08,0.0
CUSTOMER_2760,4,Commercial Service Accounts,2411,2412,1.0,Active (0-3 months),10881.87,0.0
CUSTOMER_2764,4,Commercial Service Accounts,2412,2412,0.0,Active (0-3 months),59090.68,0.0
CUSTOMER_2765,4,Commercial Service Accounts,2412,2412,0.0,Active (0-3 months),102961.2,0.0
CUSTOMER_2766,4,Commercial Service Accounts,2412,2412,0.0,Active (0-3 months),46547.11,0.0
CUSTOMER_2768,4,Commercial Service Accounts,2412,2412,0.0,Active (0-3 months),10029.63,0.0
CUSTOMER_2770,5,Wholesale Trade Accounts,2412,2412,0.0,Active (0-3 months),58594.86,0.0
CUSTOMER_2771,4,Commercial Service Accounts,2412,2412,0.0,Active (0-3 months),36302.6,0.0
CUSTOMER_2774,4,Commercial Service Accounts,2412,2412,0.0,Active (0-3 months),46596.32,0.0
CUSTOMER_2775,4,Commercial Service Accounts,2412,2412,0.0,Active (0-3 months),40010.83,0.0
CUSTOMER_2776,4,Commercial Service Accounts,2411,2412,1.0,Active (0-3 months),19174.06,0.0
CUSTOMER_2777,5,Wholesale Trade Accounts,2412,2412,0.0,Active (0-3 months),7858.49,0.0
CUSTOMER_2786,4,Commercial Service Accounts,2412,2412,0.0,Active (0-3 months),59060.22,0.0
CUSTOMER_2788,4,Commercial Service Accounts,2412,2412,0.0,Active (0-3 months),107225.43,0.0
CUSTOMER_2789,4,Commercial Service Accounts,2411,2412,1.0,Active (0-3 months),7371.4,0.0
CUSTOMER_2791,4,Commercial Service Accounts,2411,2412,1.0,Active (0-3 months),8382.57,0.0
CUSTOMER_2792,4,Commercial Service Accounts,2412,2412,0.0,Active (0-3 months),39738.35,0.0
CUSTOMER_2799,5,Wholesale Trade Accounts,2412,2412,0.0,Active (0-3 months),3995.76,0.0
CUSTOMER_2800,67,Midwest Specialty Operator,2411,2412,1.0,Active (0-3 months),30097.27,0.0
CUSTOMER_2804,4,Commercial Service Accounts,2412,2412,0.0,Active (0-3 months),36853.74,0.0
CUSTOMER_2805,2,Independent Retail Accounts,2412,2412,0.0,Active (0-3 months),14671.37,0.0
CUSTOMER_2808,4,Commercial Service Accounts,2412,2412,0.0,Active (0-3 months),124963.05,0.0
CUSTOMER_2813,4,Commercial Service Accounts,2412,2412,0.0,Active (0-3 months),38360.95,0.0
CUSTOMER_2814,4,Commercial Service Accounts,2412,2412,0.0,Active (0-3 months),65170.4,0.0
CUSTOMER_2818,4,Commercial Service Accounts,2410,2412,2.0,Active (0-3 months),1768.51,0.0
CUSTOMER_2819,4,Commercial Service Accounts,2411,2412,1.0,Active (0-3 months),2929.7,0.0
CUSTOMER_2821,4,Commercial Service Accounts,2412,2412,0.0,Active (0-3 months),5447.94,0.0
CUSTOMER_2824,4,Commercial Service Accounts,2412,2412,0.0,Active (0-3 months),72161.45,0.0
CUSTOMER_2825,4,Commercial Service Accounts,2412,2412,0.0,Active (0-3 months),23641.84,0.0
CUSTOMER_2829,4,Commercial Service Accounts,2411,2412,1.0,Active (0-3 months),33559.2,0.0
CUSTOMER_2830,2,Independent Retail Accounts,2410,2412,2.0,Active (0-3 months),29893.9,0.0
CUSTOMER_2836,4,Commercial Service Accounts,2409,2412,3.0,Active (0-3 months),10581.19,0.0
CUSTOMER_2838,4,Commercial Service Accounts,2412,2412,0.0,Active (0-3 months),59534.86,0.0
CUSTOMER_2840,4,Commercial Service Accounts,2412,2412,0.0,Active (0-3 months),21814.6,0.0
CUSTOMER_2847,4,Commercial Service Accounts,2412,2412,0.0,Active (0-3 months),35045.99,0.0
CUSTOMER_2848,4,Commercial Service Accounts,2412,2412,0.0,Active (0-3 months),96165.88,0.0
CUSTOMER_2849,4,Commercial Service Accounts,2412,2412,0.0,Active (0-3 months),101778.67,0.0
CUSTOMER_2850,4,Commercial Service Accounts,2412,2412,0.0,Active (0-3 months),29382.27,0.0
CUSTOMER_2854,4,Commercial Service Accounts,2412,2412,0.0,Active (0-3 months),21074.31,0.0
CUSTOMER_2858,4,Commercial Service Accounts,2412,2412,0.0,Active (0-3 months),18452.64,0.0
CUSTOMER_2859,4,Commercial Service Accounts,2412,2412,0.0,Active (0-3 months),18846.3,0.0
CUSTOMER_2870,4,Commercial Service Accounts,2412,2412,0.0,Active (0-3 months),65011.66,0.0
CUSTOMER_2876,4,Commercial Service Accounts,2412,2412,0.0,Active (0-3 months),33791.81,0.0
CUSTOMER_2886,4,Commercial Service Accounts,2412,2412,0.0,Active (0-3 months),93193.78,0.0
CUSTOMER_2894,4,Commercial Service Accounts,2412,2412,0.0,Active (0-3 months),2199.33,0.0
CUSTOMER_2898,4,Commercial Service Accounts,2412,2412,0.0,Active (0-3 months),248548.56,0.0
CUSTOMER_2899,5,Wholesale Trade Accounts,2412,2412,0.0,Active (0-3 months),400221.3,0.0
CUSTOMER_2901,4,Commercial Service Accounts,2410,2412,2.0,Active (0-3 months),2056.96,0.0
CUSTOMER_2904,4,Commercial Service Accounts,2412,2412,0.0,Active (0-3 months),31481.32,0.0
CUSTOMER_2905,2,Independent Retail Accounts,2412,2412,0.0,Active (0-3 months),36933.16,0.0
CUSTOMER_2908,4,Commercial Service Accounts,2412,2412,0.0,Active (0-3 months),16713.8,0.0
CUSTOMER_2911,2,Independent Retail Accounts,2412,2412,0.0,Active (0-3 months),7057.75,0.0
CUSTOMER_2912,4,Commercial Service Accounts,2412,2412,0.0,Active (0-3 months),65126.18,0.0
CUSTOMER_2914,4,Commercial Service Accounts,2412,2412,0.0,Active (0-3 months),104955.82,0.0
CUSTOMER_2917,4,Commercial Service Accounts,2412,2412,0.0,Active (0-3 months),23451.06,0.0
CUSTOMER_2918,4,Commercial Service Accounts,2410,2412,2.0,Active (0-3 months),7426.87,0.0
CUSTOMER_2921,4,Commercial Service Accounts,2412,2412,0.0,Active (0-3 months),17215.93,0.0
CUSTOMER_2926,4,Commercial Service Accounts,2412,2412,0.0,Active (0-3 months),95137.25,0.0
CUSTOMER_2927,5,Wholesale Trade Accounts,2409,2412,3.0,Active (0-3 months),1681.48,0.0
CUSTOMER_2929,4,Commercial Service Accounts,2412,2412,0.0,Active (0-3 months),24848.59,0.0
CUSTOMER_2931,4,Commercial Service Accounts,2412,2412,0.0,Active (0-3 months),78673.01,0.0
CUSTOMER_2933,4,Commercial Service Accounts,2411,2412,1.0,Active (0-3 months),4983.28,0.0
CUSTOMER_2937,4,Commercial Service Accounts,2412,2412,0.0,Active (0-3 months),116381.66,0.0
CUSTOMER_2941,4,Commercial Service Accounts,2411,2412,1.0,Active (0-3 months),2975.34,0.0
CUSTOMER_2942,4,Commercial Service Accounts,2409,2412,3.0,Active (0-3 months),11796.13,0.0
CUSTOMER_2943,6,Commercial Supply Partners,2412,2412,0.0,Active (0-3 months),17213.42,0.0
CUSTOMER_2944,4,Commercial Service Accounts,2412,2412,0.0,Active (0-3 months),55738.84,0.0
CUSTOMER_2948,4,Commercial Service Accounts,2411,2412,1.0,Active (0-3 months),4571.66,0.0
CUSTOMER_2950,5,Wholesale Trade Accounts,2411,2412,1.0,Active (0-3 months),17472.17,0.0
CUSTOMER_2951,4,Commercial Service Accounts,2411,2412,1.0,Active (0-3 months),2397.42,0.0
CUSTOMER_2953,4,Commercial Service Accounts,2410,2412,2.0,Active (0-3 months),2520.26,0.0
CUSTOMER_2955,2,Independent Retail Accounts,2412,2412,0.0,Active (0-3 months),84180.81,0.0
CUSTOMER_2957,6,Commercial Supply Partners,2409,2412,3.0,Active (0-3 months),24375.07,0.0
CUSTOMER_2960,4,Commercial Service Accounts,2412,2412,0.0,Active (0-3 months),11020.26,0.0
CUSTOMER_2968,2,Independent Retail Accounts,2412,2412,0.0,Active (0-3 months),77414.93,0.0
CUSTOMER_2969,4,Commercial Service Accounts,2412,2412,0.0,Active (0-3 months),22675.95,0.0
CUSTOMER_2970,4,Commercial Service Accounts,2412,2412,0.0,Active (0-3 months),147751.0,0.0
CUSTOMER_2972,4,Commercial Service Accounts,2412,2412,0.0,Active (0-3 months),137776.01,0.0
CUSTOMER_2973,4,Commercial Service Accounts,2412,2412,0.0,Active (0-3 months),201254.21,0.0
CUSTOMER_2975,4,Commercial Service Accounts,2411,2412,1.0,Active (0-3 months),9905.6,0.0
CUSTOMER_2976,4,Commercial Service Accounts,2412,2412,0.0,Active (0-3 months),10062.95,0.0
CUSTOMER_2981,4,Commercial Service Accounts,2412,2412,0.0,Active (0-3 months),31354.89,0.0
CUSTOMER_2982,4,Commercial Service Accounts,2412,2412,0.0,Active (0-3 months),70844.33,0.0
CUSTOMER_2984,4,Commercial Service Accounts,2412,2412,0.0,Active (0-3 months),61528.2,0.0
CUSTOMER_2992,4,Commercial Service Accounts,2410,2412,2.0,Active (0-3 months),6624.59,0.0
CUSTOMER_2993,5,Wholesale Trade Accounts,2412,2412,0.0,Active (0-3 months),11365.49,0.0
CUSTOMER_2994,2,Independent Retail Accounts,2412,2412,0.0,Active (0-3 months),46838.16,0.0
CUSTOMER_2997,54,Retail Cooperative Network,2412,2412,0.0,Active (0-3 months),86383.94,0.0
CUSTOMER_2998,54,Retail Cooperative Network,2412,2412,0.0,Active (0-3 months),23771.35,0.0
CUSTOMER_2999,54,Retail Cooperative Network,2412,2412,0.0,Active (0-3 months),23576.58,0.0
CUSTOMER_3000,54,Retail Cooperative Network,2412,2412,0.0,Active (0-3 months),21814.39,0.0
CUSTOMER_3002,54,Retail Cooperative Network,2412,2412,0.0,Active (0-3 months),38618.48,0.0
CUSTOMER_3003,54,Retail Cooperative Network,2411,2412,1.0,Active (0-3 months),15272.93,0.0
CUSTOMER_3008,54,Retail Cooperative Network,2412,2412,0.0,Active (0-3 months),10450.8,0.0
CUSTOMER_3011,54,Retail Cooperative Network,2411,2412,1.0,Active (0-3 months),8347.01,0.0
CUSTOMER_3013,25,Premium Specialty Retailer,2412,2412,0.0,Active (0-3 months),687242.47,0.0
CUSTOMER_3015,25,Premium Specialty Retailer,2412,2412,0.0,Active (0-3 months),11312.55,0.0
CUSTOMER_3016,2,Independent Retail Accounts,2412,2412,0.0,Active (0-3 months),338191.86,0.0
CUSTOMER_3017,2,Independent Retail Accounts,2412,2412,0.0,Active (0-3 months),91125.43,0.0
CUSTOMER_3018,2,Independent Retail Accounts,2412,2412,0.0,Active (0-3 months),190485.52,0.0
CUSTOMER_3019,22,Institutional Buyer,2412,2412,0.0,Active (0-3 months),29342.21,0.0
CUSTOMER_3020,22,Institutional Buyer,2412,2412,0.0,Active (0-3 months),9297.91,0.0
CUSTOMER_3022,54,Retail Cooperative Network,2412,2412,0.0,Active (0-3 months),41364.44,0.0
CUSTOMER_3023,54,Retail Cooperative Network,2412,2412,0.0,Active (0-3 months),23269.64,0.0
CUSTOMER_3027,54,Retail Cooperative Network,2412,2412,0.0,Active (0-3 months),23300.04,0.0
CUSTOMER_3028,54,Retail Cooperative Network,2412,2412,0.0,Active (0-3 months),41221.86,0.0
CUSTOMER_3031,51,Franchise Retail Member,2412,2412,0.0,Active (0-3 months),32633.48,0.0
CUSTOMER_3032,51,Franchise Retail Member,2412,2412,0.0,Active (0-3 months),34239.55,0.0
CUSTOMER_3035,51,Franchise Retail Member,2412,2412,0.0,Active (0-3 months),28446.07,0.0
CUSTOMER_3036,24,Metropolitan Retail Group,2412,2412,0.0,Active (0-3 months),81071.05,0.0
CUSTOMER_3038,24,Metropolitan Retail Group,2412,2412,0.0,Active (0-3 months),32818.54,0.0
CUSTOMER_3040,24,Metropolitan Retail Group,2412,2412,0.0,Active (0-3 months),20363.9,0.0
CUSTOMER_3042,3,National Retail Chains,2411,2412,1.0,Active (0-3 months),2698.2,0.0
CUSTOMER_3043,3,National Retail Chains,2412,2412,0.0,Active (0-3 months),70199.05,0.0
CUSTOMER_3045,3,National Retail Chains,2412,2412,0.0,Active (0-3 months),25812.25,0.0
CUSTOMER_3046,30,International Retail Chain,2412,2412,0.0,Active (0-3 months),502095.06,0.0
CUSTOMER_3048,29,Niche Specialty Retailer,2412,2412,0.0,Active (0-3 months),89472.77,0.0
CUSTOMER_3049,3,National Retail Chains,2411,2412,1.0,Active (0-3 months),4836.74,0.0
CUSTOMER_3050,29,Niche Specialty Retailer,2412,2412,0.0,Active (0-3 months),31611.2,0.0
CUSTOMER_3051,30,International Retail Chain,2412,2412,0.0,Active (0-3 months),62929.06,0.0
CUSTOMER_3053,29,Niche Specialty Retailer,2412,2412,0.0,Active (0-3 months),25296.43,0.0
CUSTOMER_3055,32,High-End Urban Retailer,2412,2412,0.0,Active (0-3 months),729269.33,0.0
CUSTOMER_3057,3,National Retail Chains,2412,2412,0.0,Active (0-3 months),80497.2,0.0
CUSTOMER_3060,3,National Retail Chains,2411,2412,1.0,Active (0-3 months),24050.74,0.0
CUSTOMER_3062,5,Wholesale Trade Accounts,2412,2412,0.0,Active (0-3 months),11282.54,0.0
CUSTOMER_3072,62,Convenience Retail Group,2412,2412,0.0,Active (0-3 months),601.02,0.0
CUSTOMER_3073,62,Convenience Retail Group,2412,2412,0.0,Active (0-3 months),53707.69,0.0
CUSTOMER_3076,62,Convenience Retail Group,2412,2412,0.0,Active (0-3 months),59389.92,0.0
CUSTOMER_3078,62,Convenience Retail Group,2412,2412,0.0,Active (0-3 months),48260.28,0.0
CUSTOMER_3079,3,National Retail Chains,2412,2412,0.0,Active (0-3 months),10576.66,0.0
CUSTOMER_3082,11,Manufacturing Partners,2412,2412,0.0,Active (0-3 months),11806.48,0.0
CUSTOMER_3084,5,Wholesale Trade Accounts,2412,2412,0.0,Active (0-3 months),107796.34,0.0
CUSTOMER_3087,5,Wholesale Trade Accounts,2409,2412,3.0,Active (0-3 months),31633.57,0.0
CUSTOMER_3088,5,Wholesale Trade Accounts,2411,2412,1.0,Active (0-3 months),19768.55,0.0
CUSTOMER_3089,5,Wholesale Trade Accounts,2409,2412,3.0,Active (0-3 months),1203.65,0.0
CUSTOMER_3090,5,Wholesale Trade Accounts,2411,2412,1.0,Active (0-3 months),4231.45,0.0
CUSTOMER_3093,5,Wholesale Trade Accounts,2412,2412,0.0,Active (0-3 months),286676.83,0.0
CUSTOMER_3094,5,Wholesale Trade Accounts,2412,2412,0.0,Active (0-3 months),455592.67,0.0
CUSTOMER_3097,5,Wholesale Trade Accounts,2412,2412,0.0,Active (0-3 months),55059.9,0.0
CUSTOMER_3098,5,Wholesale Trade Accounts,2412,2412,0.0,Active (0-3 months),297379.1,0.0
CUSTOMER_3100,5,Wholesale Trade Accounts,2412,2412,0.0,Active (0-3 months),66994.69,0.0
CUSTOMER_3106,5,Wholesale Trade Accounts,2411,2412,1.0,Active (0-3 months),768.18,0.0
CUSTOMER_3110,5,Wholesale Trade Accounts,2412,2412,0.0,Active (0-3 months),209110.55,0.0
CUSTOMER_3111,5,Wholesale Trade Accounts,2412,2412,0.0,Active (0-3 months),260863.75,0.0
CUSTOMER_3113,5,Wholesale Trade Accounts,2412,2412,0.0,Active (0-3 months),239107.24,0.0
CUSTOMER_3114,5,Wholesale Trade Accounts,2411,2412,1.0,Active (0-3 months),61626.32,0.0
CUSTOMER_3116,5,Wholesale Trade Accounts,2412,2412,0.0,Active (0-3 months),13635.13,0.0
CUSTOMER_3117,2,Independent Retail Accounts,2411,2412,1.0,Active (0-3 months),68643.08,0.0
CUSTOMER_3118,5,Wholesale Trade Accounts,2412,2412,0.0,Active (0-3 months),38131.29,0.0
CUSTOMER_3119,5,Wholesale Trade Accounts,2412,2412,0.0,Active (0-3 months),52959.82,0.0
CUSTOMER_3121,5,Wholesale Trade Accounts,2412,2412,0.0,Active (0-3 months),146691.12,0.0
CUSTOMER_3123,5,Wholesale Trade Accounts,2412,2412,0.0,Active (0-3 months),1449198.77,0.0
CUSTOMER_3127,5,Wholesale Trade Accounts,2409,2412,3.0,Active (0-3 months),7474.1,0.0
CUSTOMER_3128,5,Wholesale Trade Accounts,2412,2412,0.0,Active (0-3 months),22574.03,0.0
CUSTOMER_3129,5,Wholesale Trade Accounts,2412,2412,0.0,Active (0-3 months),179521.51,0.0
CUSTOMER_3131,5,Wholesale Trade Accounts,2412,2412,0.0,Active (0-3 months),16635.95,0.0
CUSTOMER_3133,5,Wholesale Trade Accounts,2412,2412,0.0,Active (0-3 months),65919.17,0.0
CUSTOMER_3138,5,Wholesale Trade Accounts,2412,2412,0.0,Active (0-3 months),42864.31,0.0
CUSTOMER_3140,5,Wholesale Trade Accounts,2411,2412,1.0,Active (0-3 months),49172.1,0.0
CUSTOMER_3142,5,Wholesale Trade Accounts,2412,2412,0.0,Active (0-3 months),239702.17,0.0
CUSTOMER_3143,36,Import Distribution Partner,2412,2412,0.0,Active (0-3 months),738971.5,0.0
CUSTOMER_3144,61,Commercial Supply Vendor,2412,2412,0.0,Active (0-3 months),581526.3,0.0
CUSTOMER_3146,5,Wholesale Trade Accounts,2412,2412,0.0,Active (0-3 months),120756.73,0.0
CUSTOMER_3147,5,Wholesale Trade Accounts,2412,2412,0.0,Active (0-3 months),122838.51,0.0
CUSTOMER_3151,5,Wholesale Trade Accounts,2411,2412,1.0,Active (0-3 months),56965.38,0.0
CUSTOMER_3153,5,Wholesale Trade Accounts,2412,2412,0.0,Active (0-3 months),39647.3,0.0
CUSTOMER_3156,29,Niche Specialty Retailer,2412,2412,0.0,Active (0-3 months),1297158.11,0.0
CUSTOMER_3160,2,Independent Retail Accounts,2412,2412,0.0,Active (0-3 months),65707.33,0.0
CUSTOMER_3161,2,Independent Retail Accounts,2412,2412,0.0,Active (0-3 months),71730.03,0.0
CUSTOMER_3162,5,Wholesale Trade Accounts,2409,2412,3.0,Active (0-3 months),119729.98,0.0
CUSTOMER_3164,5,Wholesale Trade Accounts,2412,2412,0.0,Active (0-3 months),180561.53,0.0
CUSTOMER_3165,4,Commercial Service Accounts,2411,2412,1.0,Active (0-3 months),41683.2,0.0
CUSTOMER_3167,5,Wholesale Trade Accounts,2412,2412,0.0,Active (0-3 months),214187.52,0.0
CUSTOMER_3168,5,Wholesale Trade Accounts,2410,2412,2.0,Active (0-3 months),244688.4,0.0
CUSTOMER_3171,5,Wholesale Trade Accounts,2412,2412,0.0,Active (0-3 months),269259.06,0.0
CUSTOMER_3173,5,Wholesale Trade Accounts,2412,2412,0.0,Active (0-3 months),206838.67,0.0
CUSTOMER_3174,5,Wholesale Trade Accounts,2412,2412,0.0,Active (0-3 months),87514.64,0.0
CUSTOMER_3177,5,Wholesale Trade Accounts,2410,2412,2.0,Active (0-3 months),418.13,0.0
CUSTOMER_3179,2,Independent Retail Accounts,2412,2412,0.0,Active (0-3 months),2964.07,0.0
CUSTOMER_3180,2,Independent Retail Accounts,2411,2412,1.0,Active (0-3 months),151772.41,0.0
CUSTOMER_3181,4,Commercial Service Accounts,2411,2412,1.0,Active (0-3 months),4586.25,0.0
CUSTOMER_3182,4,Commercial Service Accounts,2412,2412,0.0,Active (0-3 months),19693.34,0.0
CUSTOMER_3183,4,Commercial Service Accounts,2411,2412,1.0,Active (0-3 months),43912.37,0.0
CUSTOMER_3185,5,Wholesale Trade Accounts,2411,2412,1.0,Active (0-3 months),9909.6,0.0
CUSTOMER_3188,2,Independent Retail Accounts,2412,2412,0.0,Active (0-3 months),46.47,0.0
CUSTOMER_3189,5,Wholesale Trade Accounts,2412,2412,0.0,Active (0-3 months),10986.49,0.0
CUSTOMER_3190,2,Independent Retail Accounts,2411,2412,1.0,Active (0-3 months),541.1,0.0
CUSTOMER_3191,5,Wholesale Trade Accounts,2412,2412,0.0,Active (0-3 months),1678.66,0.0
CUSTOMER_3194,2,Independent Retail Accounts,2412,2412,0.0,Active (0-3 months),119253.16,0.0
CUSTOMER_3195,2,Independent Retail Accounts,2412,2412,0.0,Active (0-3 months),35435.35,0.0
CUSTOMER_3196,2,Independent Retail Accounts,2412,2412,0.0,Active (0-3 months),870.47,0.0
CUSTOMER_3198,5,Wholesale Trade Accounts,2412,2412,0.0,Active (0-3 months),7277.28,0.0
CUSTOMER_3200,5,Wholesale Trade Accounts,2411,2412,1.0,Active (0-3 months),1287.13,0.0
CUSTOMER_3201,5,Wholesale Trade Accounts,2412,2412,0.0,Active (0-3 months),1584.91,0.0
CUSTOMER_3203,2,Independent Retail Accounts,2409,2412,3.0,Active (0-3 months),689.93,0.0
CUSTOMER_3205,2,Independent Retail Accounts,2412,2412,0.0,Active (0-3 months),3361.79,0.0
CUSTOMER_3206,2,Independent Retail Accounts,2412,2412,0.0,Active (0-3 months),1144.4,0.0
CUSTOMER_3208,5,Wholesale Trade Accounts,2412,2412,0.0,Active (0-3 months),57.36,0.0
CUSTOMER_3211,5,Wholesale Trade Accounts,2412,2412,0.0,Active (0-3 months),4905.09,0.0
CUSTOMER_3213,5,Wholesale Trade Accounts,2411,2412,1.0,Active (0-3 months),3098.61,0.0
CUSTOMER_3215,2,Independent Retail Accounts,2412,2412,0.0,Active (0-3 months),187899.81,0.0
CUSTOMER_3216,5,Wholesale Trade Accounts,2412,2412,0.0,Active (0-3 months),1583.25,0.0
CUSTOMER_3217,5,Wholesale Trade Accounts,2412,2412,0.0,Active (0-3 months),335.24,0.0
CUSTOMER_3218,2,Independent Retail Accounts,2409,2412,3.0,Active (0-3 months),17.03,0.0
CUSTOMER_3219,5,Wholesale Trade Accounts,2412,2412,0.0,Active (0-3 months),718.38,0.0
CUSTOMER_3220,2,Independent Retail Accounts,2409,2412,3.0,Active (0-3 months),55.72,0.0
CUSTOMER_3221,5,Wholesale Trade Accounts,2412,2412,0.0,Active (0-3 months),1735.37,0.0
CUSTOMER_3224,5,Wholesale Trade Accounts,2412,2412,0.0,Active (0-3 months),466.77,0.0
CUSTOMER_3226,5,Wholesale Trade Accounts,2412,2412,0.0,Active (0-3 months),50.74,0.0
CUSTOMER_3229,2,Independent Retail Accounts,2412,2412,0.0,Active (0-3 months),36478.76,0.0
CUSTOMER_3230,5,Wholesale Trade Accounts,2412,2412,0.0,Active (0-3 months),1144.05,0.0
CUSTOMER_0096,Unmapped,Unmapped,,2412,,No Positive Sales,0.0,0.0
CUSTOMER_0139,Unmapped,Unmapped,,2412,,No Positive Sales,0.0,0.0
CUSTOMER_0261,Unmapped,Unmapped,,2412,,No Positive Sales,0.0,0.0
CUSTOMER_0283,Unmapped,Unmapped,,2412,,No Positive Sales,0.0,0.0
CUSTOMER_0293,Unmapped,Unmapped,,2412,,No Positive Sales,0.0,0.0
CUSTOMER_0558,Unmapped,Unmapped,,2412,,No Positive Sales,0.0,0.0
CUSTOMER_0795,Unmapped,Unmapped,,2412,,No Positive Sales,0.0,0.0
CUSTOMER_0958,Unmapped,Unmapped,,2412,,No Positive Sales,0.0,0.0
CUSTOMER_1642,Unmapped,Unmapped,,2412,,No Positive Sales,0.0,0.0
CUSTOMER_1674,Unmapped,Unmapped,,2412,,No Positive Sales,0.0,0.0
CUSTOMER_1701,Unmapped,Unmapped,,2412,,No Positive Sales,0.0,0.0
CUSTOMER_1719,Unmapped,Unmapped,,2412,,No Positive Sales,0.0,0.0
CUSTOMER_1726,Unmapped,Unmapped,,2412,,No Positive Sales,0.0,0.0
CUSTOMER_1842,Unmapped,Unmapped,,2412,,No Positive Sales,0.0,0.0
CUSTOMER_1869,Unmapped,Unmapped,,2412,,No Positive Sales,0.0,0.0
CUSTOMER_1921,Unmapped,Unmapped,,2412,,No Positive Sales,0.0,0.0
CUSTOMER_1986,Unmapped,Unmapped,,2412,,No Positive Sales,0.0,0.0
CUSTOMER_2065,Unmapped,Unmapped,,2412,,No Positive Sales,0.0,0.0
CUSTOMER_2652,Unmapped,Unmapped,,2412,,No Positive Sales,0.0,0.0
CUSTOMER_2989,Unmapped,Unmapped,,2412,,No Positive Sales,0.0,0.0
CUSTOMER_3166,Unmapped,Unmapped,,2412,,No Positive Sales,0.0,0.0
